code,country_en,country_cn,year,JR,entry_exit,capvol,mafdi,cwtfp,tfp_gr,lp_gr,bp_disp,scc,hitech,PMR,EPL,INSOLV,FDI,EFW,gdp_pc,PMR_inv,EPL_inv,capvol_inv,bp_disp_inv,n_JR,n_entry_exit,n_mafdi,n_capvol_inv,n_cwtfp,n_tfp_gr,n_lp_gr,n_bp_disp_inv,n_scc,n_hitech,n_PMR_inv,n_EPL_inv,n_INSOLV,n_FDI,n_EFW,SI1_JR,SI2_ENT,SI3_CAPVOL,SI4_MAFDI,SI5_TFP,SI6_TFPGR,SI7_LPGR,SI8_BPDISP,SI9_SCC,SI10_HITECH,SI11_PMR,SI12_EPL,SI13_INSOLV,SI14_FDI,SI15_EFW,P1_labor,P2_capital,P3_quality,P4_upgrade,P5_regul,P6_fin,D1_process,D2_outcome,D3_institution,RE_geom,RE_arith,RE_hs_ratio,RE_BoD_2023,RE_MC_median,RE_MC_p05,RE_MC_p95,RE_MC_ci_width,rank_by_year
ARG,Argentina,阿根廷,2000,20.95,10.35,10.28,1.57,0.7074,-1.39,-0.56,0.8419,-0.016,0.0914,1.77,2.95,0.495,0.515,6.04,5204.0,1.4300000000000002,0.5499999999999998,1.7200000000000006,0.15810000000000002,0.47488621444201307,0.48425867507886433,0.13432061068702286,0.06538709677419358,0.5849564151457369,0.33673878627968334,0.21032206759443342,0.29918860877684417,0.15270466883821932,0.25666837169650464,0.6202717948717948,0.10461748633879778,0.42213057324840764,0.43065256797583085,0.3385588235294119,0.47488621444201307,0.48425867507886433,0.06538709677419358,0.13432061068702286,0.5849564151457369,0.33673878627968334,0.21032206759443342,0.29918860877684417,0.15270466883821932,0.25666837169650464,0.6202717948717948,0.10461748633879778,0.42213057324840764,0.43065256797583085,0.3385588235294119,0.4786132321514142,0.09371677955286951,0.3450408853413272,0.18795779065829532,0.32400233484566215,0.3911378817867786,0.24929740812743312,0.2875593485652818,0.3460762121680894,0.2912445787020516,0.29363582551476947,0.04334407716217183,0.3761216686653602,0.29074542897576805,0.26913312046444043,0.3181414395223962,0.049008319057955774,14
ARG,Argentina,阿根廷,2001,20.9,10.34,10.42,2.11,0.7041,-1.25,-0.83,0.8341,-0.14,0.0811,1.79,2.96,0.49,0.51,5.99,5452.0,1.4100000000000001,0.54,1.58,0.16590000000000005,0.4727024070021881,0.48347160883280754,0.20288549618320606,0.04984538375973299,0.5804707164260419,0.35517150395778363,0.18353677932405568,0.3095719621181807,0.08552117263843646,0.21285166240409206,0.6100358974358975,0.09916393442622959,0.4141847133757962,0.4231148036253777,0.3238823529411767,0.4727024070021881,0.48347160883280754,0.04984538375973299,0.20288549618320606,0.5804707164260419,0.35517150395778363,0.18353677932405568,0.3095719621181807,0.08552117263843646,0.21285166240409206,0.6100358974358975,0.09916393442622959,0.4141847133757962,0.4231148036253777,0.3238823529411767,0.47698099871596616,0.10056294256104356,0.33948979481382446,0.12316151056884367,0.31492453831627387,0.38021552538851283,0.2559032704598534,0.25045009957404685,0.33639123565044116,0.2754004439376151,0.2778683916627071,0.03852528367332385,0.3761216686653602,0.27658868279599746,0.2584635685102315,0.3048755361059779,0.046411967595746395,15
ARG,Argentina,阿根廷,2002,20.85,9.96,10.54,0.81,0.7009,-1.3,-1.2,0.8456,-0.078,0.082,1.81,2.96,0.485,0.505,5.94,5699.0,1.3900000000000001,0.54,1.4600000000000009,0.15439999999999998,0.4705185995623633,0.4535630914826499,0.037821882951653944,0.03652391546162406,0.5761209479705802,0.34858839050131923,0.146831013916501,0.2942631719354409,0.11911292073832788,0.21668030690537082,0.5998000000000001,0.09916393442622959,0.4062388535031847,0.4155770392749245,0.3092058823529414,0.4705185995623633,0.4535630914826499,0.03652391546162406,0.037821882951653944,0.5761209479705802,0.34858839050131923,0.146831013916501,0.2942631719354409,0.11911292073832788,0.21668030690537082,0.5998000000000001,0.09916393442622959,0.4062388535031847,0.4155770392749245,0.3092058823529414,0.46366163267806354,0.0371672336275603,0.3156341326242842,0.15132235838253505,0.3109876530001921,0.36922408741984086,0.16896034635480078,0.25316269107125583,0.3302437098938311,0.24285423710542353,0.2510262933030919,0.02561718510717098,0.3761216686653602,0.24214351066650952,0.20345521593565863,0.2858003031767763,0.08234508724111766,17
ARG,Argentina,阿根廷,2003,20.8,10.2,9.84,2.07,0.6977,-1.21,-0.75,0.8567,0.018,0.086,1.83,2.97,0.48,0.5,5.89,5947.0,1.37,0.5299999999999998,2.16,0.14329999999999998,0.4683347921225383,0.47245268138801255,0.19780661577608138,0.11423248053392655,0.5717711795151186,0.3604379947229551,0.19147316103379725,0.2794868614112312,0.17112595005428882,0.233696504688832,0.5895641025641026,0.09371038251366116,0.3982929936305732,0.4080392749244713,0.29452941176470593,0.4683347921225383,0.47245268138801255,0.11423248053392655,0.19780661577608138,0.5717711795151186,0.3604379947229551,0.19147316103379725,0.2794868614112312,0.17112595005428882,0.233696504688832,0.5895641025641026,0.09371038251366116,0.3982929936305732,0.4080392749244713,0.29452941176470593,0.46997762324407555,0.1503194611024238,0.3358718261293203,0.19384312836031417,0.30186275135497687,0.35815634409380087,0.29788757734949645,0.2848109129395483,0.32048050692372854,0.2990741339290258,0.2994347904577868,0.050515420159167816,0.3761216686653602,0.3003270788938902,0.2919364136949416,0.31027611611093653,0.01833970241599492,17
ARG,Argentina,阿根廷,2004,20.75,10.56,10.0,0.64,0.6944,-1.35,-0.93,0.8507,-0.154,0.0774,1.85,2.97,0.475,0.495,5.84,6195.0,1.35,0.5299999999999998,2.0,0.1493,0.4661509846827134,0.5007870662460568,0.016236641221374044,0.09647052280311452,0.5672854807954236,0.3420052770448549,0.1736163021868787,0.28747405628918243,0.07793593919652551,0.1971116794543904,0.5793282051282052,0.09371038251366116,0.39034713375796176,0.4005015105740181,0.2798529411764707,0.4661509846827134,0.5007870662460568,0.09647052280311452,0.016236641221374044,0.5672854807954236,0.3420052770448549,0.1736163021868787,0.28747405628918243,0.07793593919652551,0.1971116794543904,0.5793282051282052,0.09371038251366116,0.39034713375796176,0.4005015105740181,0.2798529411764707,0.4797082694596809,0.039577231676717284,0.3245383764274141,0.11296076044339878,0.2979486903734092,0.34700397144875905,0.17683347780958278,0.23646372331902185,0.3142744090263304,0.23603035602743921,0.24191785537838267,0.024805165677145316,0.3761216686653602,0.2355071422435922,0.20449950425001928,0.27368825605257474,0.06918875180255546,18
ARG,Argentina,阿根廷,2005,20.7,10.74,9.91,1.6,0.6912,-1.3,-1.08,0.7973,0.1,0.0791,1.87,2.98,0.47,0.49,5.79,6443.0,1.33,0.52,2.09,0.2027,0.46396717724288833,0.5149542586750789,0.1381297709923664,0.10646162402669627,0.5629357123399619,0.34858839050131923,0.15873558648111333,0.3585600907029479,0.21555374592833879,0.20434356351236146,0.5690923076923077,0.08825683060109296,0.3824012738853502,0.39296374622356495,0.26517647058823546,0.46396717724288833,0.5149542586750789,0.10646162402669627,0.1381297709923664,0.5629357123399619,0.34858839050131923,0.15873558648111333,0.3585600907029479,0.21555374592833879,0.20434356351236146,0.5690923076923077,0.08825683060109296,0.3824012738853502,0.39296374622356495,0.26517647058823546,0.4837264292339477,0.12126631744339798,0.3325039700669839,0.21099770413970728,0.28877087145450364,0.3357573168543486,0.27813520652961804,0.29009557446958933,0.30441680199678534,0.29062556655085847,0.29080383234575674,0.04758586462371541,0.3761216686653602,0.29051889264490394,0.2842867479565087,0.29763842604356416,0.013351678087055452,17
ARG,Argentina,阿根廷,2006,20.65,10.75,10.05,1.67,0.688,-1.41,-0.83,0.8297,0.051,0.0717,1.89,2.98,0.465,0.485,5.74,6691.0,1.3100000000000003,0.52,1.9499999999999993,0.1703,0.4617833698030634,0.5157413249211357,0.14701781170483458,0.09091991101223569,0.5585859438845001,0.33410554089709765,0.18353677932405568,0.3154292383620116,0.18900542888165037,0.17286359761295822,0.5588564102564104,0.08825683060109296,0.3744554140127389,0.3854259818731118,0.2505000000000002,0.4617833698030634,0.5157413249211357,0.09091991101223569,0.14701781170483458,0.5585859438845001,0.33410554089709765,0.18353677932405568,0.3154292383620116,0.18900542888165037,0.17286359761295822,0.5588564102564104,0.08825683060109296,0.3744554140127389,0.3854259818731118,0.2505000000000002,0.48265381780236244,0.11561507841720814,0.33174859063636386,0.1823752860828744,0.28488174913492154,0.3244051084965094,0.2725130087662791,0.2772401699624351,0.2981348171152728,0.2818918003742597,0.2820904157494396,0.044393382993637015,0.3761216686653602,0.2819333424595798,0.2764845809535782,0.2899913386067908,0.013506757653212631,17
ARG,Argentina,阿根廷,2007,20.6,10.63,10.1,1.22,0.6848,-1.46,-0.6,0.8384,-0.054,0.0847,1.91,2.99,0.46,0.48,5.69,6938.0,1.2900000000000003,0.5099999999999998,1.9000000000000004,0.16159999999999997,0.45959956236323857,0.5062965299684543,0.08988040712468191,0.08536929922135705,0.5542361754290384,0.32752242744063326,0.20635387673956265,0.3038478057889823,0.13211617806731812,0.2281662404092071,0.5486205128205129,0.08280327868852454,0.3665095541401274,0.37788821752265855,0.23582352941176496,0.45959956236323857,0.5062965299684543,0.08536929922135705,0.08988040712468191,0.5542361754290384,0.32752242744063326,0.20635387673956265,0.3038478057889823,0.13211617806731812,0.2281662404092071,0.5486205128205129,0.08280327868852454,0.3665095541401274,0.37788821752265855,0.23582352941176496,0.47773795284248183,0.08759581822190125,0.33659146610571244,0.16438953067513987,0.275644078256774,0.3129340814806508,0.24238581261282544,0.2714778600632974,0.2881609558211381,0.2671384898077099,0.267755174555508,0.03843958457519437,0.3761216686653602,0.26689743179835534,0.2547621740475864,0.27824613979968715,0.023483965752100766,18
ARG,Argentina,阿根廷,2008,20.55,10.87,10.86,1.06,0.6815,-0.91,-0.65,0.7773,-0.008,0.0899,1.93,2.99,0.455,0.475,5.64,7186.0,1.2700000000000002,0.5099999999999998,1.1400000000000006,0.2227,0.4574157549234136,0.525186119873817,0.0695648854961832,0.001,0.5497504767093435,0.3999366754617414,0.2013936381709742,0.3851840736294519,0.1570390879478827,0.2502872975277066,0.5383846153846155,0.08280327868852454,0.35856369426751594,0.37035045317220533,0.22114705882352945,0.4574157549234136,0.525186119873817,0.001,0.0695648854961832,0.5497504767093435,0.3999366754617414,0.2013936381709742,0.3851840736294519,0.1570390879478827,0.2502872975277066,0.5383846153846155,0.08280327868852454,0.35856369426751594,0.37035045317220533,0.22114705882352945,0.4834059229259912,0.008340556665845706,0.36786849339175076,0.1892257268860952,0.2717823256876901,0.30132849005218515,0.0952939206351691,0.3013553252074033,0.28177850155295553,0.2090852821816312,0.2336638567393987,0.0167134042201515,0.3761216686653602,0.20526315055843192,0.14161228010198093,0.2691583388609358,0.1275460587589549,20
ARG,Argentina,阿根廷,2009,20.5,10.04,10.25,0.82,0.6783,-0.98,-1.06,0.8036,0.144,0.08,1.95,3.0,0.45,0.47,5.59,7434.0,1.2500000000000002,0.5,1.75,0.19640000000000002,0.45523194748358864,0.4598596214511041,0.0390916030534351,0.06871746384872075,0.5454007082538819,0.3907203166226913,0.1607196819085487,0.35017353608109925,0.23939305103148747,0.20817220801364023,0.5281487179487181,0.07734972677595636,0.35061783439490446,0.3628126888217522,0.20647058823529418,0.45523194748358864,0.4598596214511041,0.06871746384872075,0.0390916030534351,0.5454007082538819,0.3907203166226913,0.1607196819085487,0.35017353608109925,0.23939305103148747,0.20817220801364023,0.5281487179487181,0.07734972677595636,0.35061783439490446,0.3628126888217522,0.20647058823529418,0.4570774023446026,0.051829294994365574,0.33834139704443456,0.22637894067490338,0.26247644061456876,0.28956946150879703,0.1913480192181845,0.2999158401425989,0.271657799646689,0.2544213814330738,0.25886808171650166,0.033204247360107596,0.3761216686653602,0.2516047744150789,0.22020368375505406,0.27886366587242206,0.058659982117368004,19
ARG,Argentina,阿根廷,2010,20.45,10.1,9.71,2.4,0.6751,-0.84,-0.8,0.8013,0.147,0.0939,1.97,3.0,0.445,0.465,5.54,7682.0,1.2300000000000002,0.5,2.289999999999999,0.1987,0.4530481400437636,0.4645820189274448,0.23970737913486,0.1286640711902112,0.5410509397984201,0.40915303430079153,0.18651292246520876,0.35323529411764715,0.24101845819761125,0.2673034953111678,0.5179128205128206,0.07734972677595636,0.342671974522293,0.3552749244712991,0.19179411764705895,0.4530481400437636,0.4645820189274448,0.1286640711902112,0.23970737913486,0.5410509397984201,0.40915303430079153,0.18651292246520876,0.35323529411764715,0.24101845819761125,0.2673034953111678,0.5179128205128206,0.07734972677595636,0.342671974522293,0.3552749244712991,0.19179411764705895,0.4576269261649824,0.17561812917186703,0.35500374998842327,0.25120717375334967,0.25864487419133747,0.27763412563587536,0.3119856942997147,0.3200167200463362,0.2651386347983829,0.30015900478216223,0.3011439867479637,0.05754963514307705,0.3761216686653602,0.29914959589642187,0.2817692704939352,0.3121077156862449,0.030338445192309715,17
ARG,Argentina,阿根廷,2011,20.4,10.11,9.13,1.99,0.6718,-0.69,-0.71,0.7895,0.077,0.093,1.99,3.01,0.44,0.46,5.49,7930.0,1.2100000000000002,0.4900000000000002,2.869999999999999,0.21050000000000002,0.45086433260393866,0.46536908517350156,0.18764885496183203,0.19305116796440477,0.536565241078725,0.4289023746701847,0.195441351888668,0.3689434440442845,0.20309229098805645,0.2634748508098891,0.5076769230769231,0.07189617486338816,0.3347261146496815,0.34773716012084593,0.1771176470588237,0.45086433260393866,0.46536908517350156,0.19305116796440477,0.18764885496183203,0.536565241078725,0.4289023746701847,0.195441351888668,0.3689434440442845,0.20309229098805645,0.2634748508098891,0.5076769230769231,0.07189617486338816,0.3347261146496815,0.34773716012084593,0.1771176470588237,0.4566111788921746,0.19033084515538953,0.36569788393060465,0.22537810870665562,0.24926056979697397,0.26549441859121004,0.32175965998312367,0.3162708983582644,0.2548262819373306,0.2979589508954646,0.299484141919442,0.058311224644891135,0.3761216686653602,0.29743656863073364,0.27536349333303195,0.31371875724413817,0.03835526391110622,18
ARG,Argentina,阿根廷,2012,20.35,9.87,9.72,1.4,0.6686,-1.0,-0.66,0.8324,-0.115,0.1012,2.01,3.01,0.435,0.455,5.44,8177.0,1.1900000000000004,0.4900000000000002,2.2799999999999994,0.16759999999999997,0.44868052516411383,0.44647949526813874,0.11273536895674298,0.1275539488320355,0.5322154726232634,0.3880870712401055,0.20040159045725645,0.3118350006669335,0.09906623235613463,0.29835805626598455,0.4974410256410258,0.07189617486338816,0.32678025477707007,0.34019939577039277,0.16244117647058848,0.44868052516411383,0.44647949526813874,0.1275539488320355,0.11273536895674298,0.5322154726232634,0.3880870712401055,0.20040159045725645,0.3118350006669335,0.09906623235613463,0.29835805626598455,0.4974410256410258,0.07189617486338816,0.32678025477707007,0.34019939577039277,0.16244117647058848,0.4477988141305101,0.1199159767648541,0.34619341706025575,0.15397510024516523,0.24546247995020073,0.25311540233214636,0.26436294618419354,0.2714927974212644,0.24811431809271606,0.262155544949997,0.2623402982515786,0.04096878953650376,0.3761216686653602,0.26148793105731427,0.2547143108423411,0.26698151788323554,0.012267207040894457,19
ARG,Argentina,阿根廷,2013,20.3,9.94,10.34,1.37,0.6654,-0.94,-0.73,0.8038,-0.072,0.0887,2.03,3.02,0.43,0.45,5.39,8425.0,1.1700000000000004,0.48,1.6600000000000001,0.19620000000000004,0.4464967177242889,0.45198895899053626,0.10892620865139949,0.05872636262513901,0.5278657041678017,0.3959868073878628,0.19345725646123263,0.3499072962518342,0.12236373507057545,0.24518243819266836,0.48720512820512835,0.06644262295081974,0.3188343949044586,0.3326616314199396,0.14776470588235296,0.4464967177242889,0.45198895899053626,0.05872636262513901,0.10892620865139949,0.5278657041678017,0.3959868073878628,0.19345725646123263,0.3499072962518342,0.12236373507057545,0.24518243819266836,0.48720512820512835,0.06644262295081974,0.3188343949044586,0.3326616314199396,0.14776470588235296,0.44868555995701787,0.07998024774057429,0.3520578797110809,0.1615799163081384,0.23598713115822392,0.24045284131802563,0.2250911156519372,0.27870583550802186,0.23754061585252076,0.24916514748523666,0.25027185365454613,0.035594696829595956,0.3761216686653602,0.2455293100878822,0.2338526212876483,0.2619195406686996,0.028066919381051297,20
ARG,Argentina,阿根廷,2014,20.25,10.1,9.13,2.06,0.6622,-1.06,-0.96,0.7959,-0.053,0.1023,2.05,3.02,0.425,0.445,5.34,8673.0,1.1500000000000004,0.48,2.869999999999999,0.20409999999999995,0.4443129102844639,0.4645820189274448,0.19653689567430022,0.19305116796440477,0.5235159357123401,0.38018733509234826,0.17064015904572566,0.36042376950780314,0.13265798045602606,0.30303751065643647,0.4769692307692309,0.06644262295081974,0.3108885350318471,0.32512386706948637,0.13308823529411773,0.4443129102844639,0.4645820189274448,0.19305116796440477,0.19653689567430022,0.5235159357123401,0.38018733509234826,0.17064015904572566,0.36042376950780314,0.13265798045602606,0.30303751065643647,0.4769692307692309,0.06644262295081974,0.3108885350318471,0.32512386706948637,0.13308823529411773,0.45231221710777925,0.194786234775515,0.33889204916997134,0.18460292785350849,0.23222639906681938,0.22744960016347018,0.3229135700565383,0.28243241614782094,0.23054321455259372,0.27664154964001986,0.27901000184186797,0.051541953749905556,0.3761216686653602,0.27708052555887475,0.252079397923208,0.29934993403913296,0.047270536115924966,20
ARG,Argentina,阿根廷,2015,20.2,9.69,10.12,1.62,0.6589,-0.79,-1.04,0.7567,0.1,0.0973,2.07,3.03,0.42,0.44,5.29,8921.0,1.1300000000000003,0.4700000000000002,1.8800000000000008,0.24329999999999996,0.44212910284463885,0.4323123028391167,0.14066921119592876,0.0831490545050056,0.5190302369926452,0.4157361477572559,0.16270377733598412,0.41260677604375084,0.21555374592833879,0.28176726342710995,0.46673333333333344,0.06098907103825154,0.3029426751592356,0.3175861027190332,0.11841176470588248,0.44212910284463885,0.4323123028391167,0.0831490545050056,0.14066921119592876,0.5190302369926452,0.4157361477572559,0.16270377733598412,0.41260677604375084,0.21555374592833879,0.28176726342710995,0.46673333333333344,0.06098907103825154,0.3029426751592356,0.3175861027190332,0.11841176470588248,0.4381759125213806,0.10815041335522681,0.35092873001900143,0.23993276469285552,0.22264414042820765,0.21403009059061207,0.2503804256091552,0.3130978712060946,0.21959048490553332,0.26323050274911103,0.2662304216368444,0.04403120607100493,0.3761216686653602,0.2578947631326982,0.23719051306845276,0.2850403365189906,0.047849823450537815,20
ARG,Argentina,阿根廷,2016,20.15,9.95,9.69,1.42,0.6557,-1.0,-1.04,0.7997,0.21,0.0898,2.09,3.03,0.415,0.435,5.24,9169.0,1.1100000000000003,0.4700000000000002,2.3100000000000005,0.20030000000000003,0.4399452954048139,0.452776025236593,0.11527480916030532,0.13088431590656285,0.5146804685371833,0.3880870712401055,0.16270377733598412,0.35536521275176747,0.27515200868621065,0.2498618925831202,0.456497435897436,0.06098907103825154,0.29499681528662414,0.31004833836858003,0.10373529411764723,0.4399452954048139,0.452776025236593,0.13088431590656285,0.11527480916030532,0.5146804685371833,0.3880870712401055,0.16270377733598412,0.35536521275176747,0.27515200868621065,0.2498618925831202,0.456497435897436,0.06098907103825154,0.29499681528662414,0.31004833836858003,0.10373529411764723,0.44503336879438393,0.12283185473730394,0.3339473421251558,0.26474247380047694,0.2189253943909757,0.20009132585001368,0.26592547847846393,0.31147391430422333,0.21213991142223246,0.2647179384705298,0.2680091826918982,0.04632848522324839,0.3761216686653602,0.26087091527746376,0.23514155603417952,0.28662796800148155,0.051486411967302026,20
ARG,Argentina,阿根廷,2017,20.1,9.72,9.6,0.85,0.6525,-0.98,-0.95,0.801,0.078,0.1011,2.11,3.04,0.41,0.43,5.19,9416.0,1.0900000000000003,0.45999999999999996,2.4000000000000004,0.19899999999999995,0.4377614879649891,0.4346735015772871,0.04290076335877861,0.14087541713014462,0.5103307000817215,0.3907203166226913,0.17163220675944335,0.35363465386154463,0.20363409337676436,0.2979326513213981,0.4462615384615386,0.05553551912568311,0.28705095541401265,0.30251057401812687,0.089058823529412,0.4377614879649891,0.4346735015772871,0.14087541713014462,0.04290076335877861,0.5103307000817215,0.3907203166226913,0.17163220675944335,0.35363465386154463,0.20363409337676436,0.2979326513213981,0.4462615384615386,0.05553551912568311,0.28705095541401265,0.30251057401812687,0.089058823529412,0.4365236695975877,0.0777409990504982,0.3378179070844786,0.23711418479863336,0.20921592221113033,0.18548770051567645,0.21890955867280076,0.3037841617404496,0.20058426783655664,0.24310535697771166,0.24736181264898705,0.036957138692143066,0.3761216686653602,0.23608280993693828,0.21517921383785502,0.26866291100459877,0.053483697166743754,20
ARG,Argentina,阿根廷,2018,20.05,10.24,9.16,0.53,0.6492,-0.87,-0.83,0.787,0.033,0.1055,2.13,3.04,0.405,0.425,5.14,9664.0,1.0700000000000003,0.45999999999999996,2.84,0.21299999999999997,0.43557768052516416,0.47560094637223976,0.0022697201017811714,0.1897208008898776,0.5058450013620268,0.40520316622691294,0.18353677932405568,0.3722714419100974,0.17925298588490768,0.31665046888320536,0.4360256410256411,0.05553551912568311,0.27910509554140134,0.29497280966767364,0.07438235294117648,0.43557768052516416,0.47560094637223976,0.1897208008898776,0.0022697201017811714,0.5058450013620268,0.40520316622691294,0.18353677932405568,0.3722714419100974,0.17925298588490768,0.31665046888320536,0.4360256410256411,0.05553551912568311,0.27910509554140134,0.29497280966767364,0.07438235294117648,0.45116609469986274,0.020751219614899223,0.34932218444132895,0.2250670369182984,0.20554475165526037,0.17000322334199922,0.13164953320508205,0.3061624221773787,0.19233094230885125,0.2067384704966353,0.21965911152513146,0.022297300378682324,0.3761216686653602,0.19755344441426048,0.16071840563872447,0.24749121368311408,0.08677280804438961,20
ARG,Argentina,阿根廷,2019,20.0,10.29,9.61,1.99,0.646,-0.72,-0.85,0.7726,-0.073,0.0949,2.15,3.05,0.4,0.42,5.09,9912.0,1.0500000000000003,0.4500000000000002,2.3900000000000006,0.22740000000000005,0.43339387308533917,0.4795362776025236,0.18764885496183203,0.13976529477196886,0.5014952329065651,0.424952506596306,0.1815526838966203,0.39144070961718036,0.12182193268186751,0.2715575447570332,0.4257897435897437,0.05008196721311492,0.2711592356687898,0.28743504531722047,0.05970588235294124,0.43339387308533917,0.4795362776025236,0.13976529477196886,0.18764885496183203,0.5014952329065651,0.424952506596306,0.1815526838966203,0.39144070961718036,0.12182193268186751,0.2715575447570332,0.4257897435897437,0.05008196721311492,0.2711592356687898,0.28743504531722047,0.05970588235294124,0.45129263660278146,0.1619468972452479,0.355180413026158,0.1678726864665644,0.19568151972462997,0.15329594930309343,0.29951874077088947,0.28366667472179685,0.17965657496802576,0.2514105292038993,0.2572192646103933,0.046674426398329596,0.3761216686653602,0.25070873551321393,0.21221342139705296,0.28117724288279106,0.0689638214857381,20
ARG,Argentina,阿根廷,2020,24.95,12.26,10.54,1.91,0.6299,-3.94,-2.67,0.777,0.04,0.1114,2.17,3.06,0.395,0.415,5.04,9804.0,1.0300000000000002,0.43999999999999995,1.4600000000000009,0.22299999999999998,0.6495908096280087,0.6345883280757099,0.17749109414758266,0.03652391546162406,0.4796104603650232,0.001,0.001,0.3855834333733494,0.18304560260586317,0.3417493606138107,0.4155538461538462,0.04462841530054648,0.2632133757961783,0.2798972809667673,0.045029411764706,0.6495908096280087,0.6345883280757099,0.03652391546162406,0.17749109414758266,0.4796104603650232,0.001,0.001,0.3855834333733494,0.18304560260586317,0.3417493606138107,0.4155538461538462,0.04462841530054648,0.2632133757961783,0.2798972809667673,0.045029411764706,0.6435477186664939,0.08051502790061904,0.02096477796393695,0.23497338013175734,0.18553538459374308,0.13477139298165156,0.2802200667363347,0.04328613268279413,0.16589625711504571,0.11343322001180911,0.1511493502285318,0.006613389802068166,0.3761216686653602,0.12840522092095694,0.07388987024077223,0.19767334480350932,0.12378347456273708,20
ARG,Argentina,阿根廷,2021,17.9,8.58,10.19,1.36,0.6395,-1.15,0.18,0.7654,-0.039,0.1051,2.19,3.06,0.39,0.41,4.99,10408.0,1.0100000000000002,0.43999999999999995,1.8100000000000005,0.23460000000000003,0.3416739606126914,0.3449479495268139,0.10765648854961832,0.07537819799777531,0.4926597657314083,0.3683377308707124,0.2837335984095428,0.4010253434707217,0.14024321389793704,0.3149488491048593,0.4053179487179488,0.04462841530054648,0.2552675159235669,0.27235951661631413,0.030352941176470753,0.3416739606126914,0.3449479495268139,0.07537819799777531,0.10765648854961832,0.4926597657314083,0.3683377308707124,0.2837335984095428,0.4010253434707217,0.14024321389793704,0.3149488491048593,0.4053179487179488,0.04462841530054648,0.2552675159235669,0.27235951661631413,0.030352941176470753,0.34297981065578625,0.09008302897681872,0.38299026608037023,0.19383184236034545,0.18201217517709725,0.1132311309167642,0.20091775923915545,0.31221872976227655,0.15415347939124432,0.22134773295048546,0.23140886349403056,0.033984563112887486,0.3761216686653602,0.21254096662635438,0.1799070016433828,0.25917675999982864,0.07926975835644584,20
ARG,Argentina,阿根廷,2022,19.85,10.29,9.76,1.09,0.6363,-1.0,-0.76,0.7617,0.149,0.1005,2.21,3.06,0.385,0.405,4.94,10655.0,0.9900000000000002,0.43999999999999995,2.24,0.23829999999999996,0.4268424507658644,0.4795362776025236,0.07337404580152672,0.12311345939933258,0.48830999727594665,0.3880870712401055,0.19048111332007953,0.40595078031212484,0.24210206297502712,0.29538022165387895,0.3950820512820513,0.04462841530054648,0.2473216560509554,0.264821752265861,0.015676470588235507,0.4268424507658644,0.4795362776025236,0.12311345939933258,0.07337404580152672,0.48830999727594665,0.3880870712401055,0.19048111332007953,0.40595078031212484,0.24210206297502712,0.29538022165387895,0.3950820512820513,0.04462841530054648,0.2473216560509554,0.264821752265861,0.015676470588235507,0.4471869795287127,0.09504384571738997,0.351154820620436,0.2621510846184164,0.17845840352476666,0.08548137704207634,0.24069279507401936,0.3216729500600947,0.13792852143153225,0.22871832828226654,0.24225557497570338,0.041579693551394875,0.3761216686653602,0.22236287683220413,0.17525163211789144,0.2718766777120885,0.09662504559419707,20
ARG,Argentina,阿根廷,2023,19.8,10.04,9.97,1.11,0.6331,-1.11,-0.58,0.7253,0.064,0.0823,2.23,3.07,0.38,0.4,4.89,10903.0,0.9700000000000002,0.43000000000000016,2.0299999999999994,0.27470000000000006,0.4246586433260394,0.4598596214511041,0.07591348600508907,0.09980088987764171,0.48396022882048495,0.3736042216358839,0.20833797216699804,0.45440642923836216,0.1960488599348534,0.2179565217391304,0.38484615384615395,0.0391748633879783,0.23937579617834395,0.2572839879154079,0.001,0.4246586433260394,0.4598596214511041,0.09980088987764171,0.07591348600508907,0.48396022882048495,0.3736042216358839,0.20833797216699804,0.45440642923836216,0.1960488599348534,0.2179565217391304,0.38484615384615395,0.0391748633879783,0.23937579617834395,0.2572839879154079,0.001,0.43840357983017275,0.08704156166465415,0.3628497660709955,0.20453448430217044,0.1681671554587247,0.027941367357526482,0.22962286155228326,0.30551937380643696,0.08972602848543645,0.19417601012350869,0.21801241653389072,0.036724697043049724,0.3761216686653602,0.1886685022968565,0.13042903067359451,0.24867920262462473,0.11825017195103021,20
AUS,Australia,澳大利亚,2000,26.0,13.86,3.72,5.06,0.8185,0.53,1.16,0.3994,0.078,0.1102,1.43,1.66,0.752,0.733,8.12,28751.0,1.7700000000000002,1.84,8.28,0.6006,0.6954507658643325,0.7605189274447949,0.5774529262086512,0.7936273637374861,0.7359749387087987,0.5895303430079155,0.3809542743538768,0.8882442310257437,0.20363409337676436,0.3366445012787723,0.7942820512820514,0.8081256830601095,0.830547770700637,0.7592990936555891,0.9491,0.6954507658643325,0.7605189274447949,0.7936273637374861,0.5774529262086512,0.7359749387087987,0.5895303430079155,0.3809542743538768,0.8882442310257437,0.20363409337676436,0.3366445012787723,0.7942820512820514,0.8081256830601095,0.830547770700637,0.7592990936555891,0.9491,0.7207818541653922,0.6769656147172239,0.6132112874733926,0.24898827985984737,0.8091759331901558,0.8301804812079802,0.7029249372538564,0.46792987080393356,0.8164663750294843,0.6247790871383816,0.6429893420065756,0.27791316455605913,0.8856248820516749,0.6489341529553372,0.5486909310379162,0.7357129886727896,0.18702205763487334,3
AUS,Australia,澳大利亚,2001,26.0,12.61,4.1,4.99,0.8211,0.47,1.1,0.4222,0.127,0.1151,1.42,1.66,0.754,0.736,8.12,30120.0,1.7800000000000002,1.84,7.9,0.5778,0.6954507658643325,0.6621356466876971,0.5685648854961832,0.7514427141268076,0.7395091255788616,0.5816306068601583,0.37500198807157065,0.8578928904895291,0.23018241042345275,0.35748934356351225,0.7994000000000001,0.8081256830601095,0.8337261146496816,0.763821752265861,0.9491,0.6954507658643325,0.6621356466876971,0.7514427141268076,0.5685648854961832,0.7395091255788616,0.5816306068601583,0.37500198807157065,0.8578928904895291,0.23018241042345275,0.35748934356351225,0.7994000000000001,0.8081256830601095,0.8337261146496816,0.763821752265861,0.9491,0.6819281547174137,0.653638998771072,0.6053964648254684,0.27450390080337705,0.8121875948001128,0.8331438687933366,0.6704684640588549,0.477520996864453,0.819461642102598,0.6216831328450164,0.637987430594217,0.27120064941709215,0.8856248820516749,0.6413075710293241,0.5507976487383927,0.7285243202205741,0.17772667148218146,3
AUS,Australia,澳大利亚,2002,26.0,12.56,3.11,4.79,0.8237,0.87,1.24,0.4424,0.022,0.1232,1.42,1.66,0.756,0.739,8.12,31489.0,1.7800000000000002,1.84,8.89,0.5576,0.6954507658643325,0.6582003154574134,0.5431704834605597,0.8613448275862071,0.7430433124489242,0.6342955145118733,0.3888906560636184,0.8310026677337602,0.1732931596091205,0.3919471440750213,0.7994000000000001,0.8081256830601095,0.8369044585987262,0.7683444108761329,0.9491,0.6954507658643325,0.6582003154574134,0.8613448275862071,0.5431704834605597,0.7430433124489242,0.6342955145118733,0.3888906560636184,0.8310026677337602,0.1732931596091205,0.3919471440750213,0.7994000000000001,0.8081256830601095,0.8369044585987262,0.7683444108761329,0.9491,0.6803040685757908,0.6840007941707762,0.6212329888919151,0.24019272751500295,0.8131152284399765,0.8361002460387753,0.6817803552447912,0.46713898518117297,0.8210872049979766,0.6197101017661856,0.6377158621452995,0.27015245284954664,0.8856248820516749,0.6419460691464766,0.5446700606676877,0.7314937014983148,0.18682364083062708,3
AUS,Australia,澳大利亚,2003,26.0,13.25,3.15,3.54,0.8263,0.62,0.87,0.4331,0.109,0.1242,1.41,1.67,0.758,0.742,8.11,32858.0,1.7900000000000003,1.83,8.85,0.5669,0.6954507658643325,0.7125078864353311,0.3844554707379134,0.856904338153504,0.7465774993189866,0.6013799472295513,0.3521848906560637,0.8433828197945845,0.2204299674267101,0.3962011935208866,0.8045179487179489,0.8026721311475411,0.8400828025477708,0.7728670694864048,0.946164705882353,0.6954507658643325,0.7125078864353311,0.856904338153504,0.3844554707379134,0.7465774993189866,0.6013799472295513,0.3521848906560637,0.8433828197945845,0.2204299674267101,0.3962011935208866,0.8045179487179489,0.8026721311475411,0.8400828025477708,0.7728670694864048,0.946164705882353,0.7022240578910499,0.5739699998276613,0.6006304347498571,0.2786946897069612,0.814464911051492,0.8380107300033725,0.6478002329053782,0.47704982667695317,0.8226297262102873,0.6157708792309201,0.631948918405481,0.2624773155127205,0.8856248820516749,0.6324743099218589,0.5465916580070816,0.7240225257241871,0.17743086771710548,4
AUS,Australia,澳大利亚,2004,26.0,13.02,4.62,3.48,0.8289,0.58,1.14,0.4431,0.186,0.1163,1.4,1.68,0.76,0.745,8.1,34227.0,1.8000000000000003,1.82,7.38,0.5569,0.6954507658643325,0.6944053627760252,0.3768371501272264,0.6937163515016685,0.7501116861890492,0.59611345646438,0.37897017892644136,0.8300708283313325,0.26214875135722043,0.36259420289855065,0.8096358974358976,0.7972185792349727,0.8432611464968153,0.7773897280966767,0.943229411764706,0.6954507658643325,0.6944053627760252,0.6937163515016685,0.3768371501272264,0.7501116861890492,0.59611345646438,0.37897017892644136,0.8300708283313325,0.26214875135722043,0.36259420289855065,0.8096358974358976,0.7972185792349727,0.8432611464968153,0.7773897280966767,0.943229411764706,0.6950324159034195,0.511290614911467,0.6093184102726351,0.2984674798862268,0.8157888267436431,0.8399050886788846,0.61470983918479,0.49188107761484023,0.8241497167507439,0.6139696872762639,0.6284102978265963,0.25714509953012843,0.8856248820516749,0.626575772708841,0.5513414901666678,0.7191858891302351,0.1678443989635673,4
AUS,Australia,澳大利亚,2005,26.0,12.73,4.1,5.44,0.8315,0.88,1.35,0.4261,0.028,0.128,1.39,1.68,0.762,0.748,8.1,35596.0,1.8100000000000003,1.82,7.9,0.5739000000000001,0.6954507658643325,0.6715804416403784,0.6257022900763358,0.7514427141268076,0.7536458730591121,0.6356121372031663,0.3998031809145129,0.8527012138188611,0.17654397394136806,0.41236658141517474,0.8147538461538463,0.7972185792349727,0.8464394904458599,0.7819123867069486,0.943229411764706,0.6954507658643325,0.6715804416403784,0.7514427141268076,0.6257022900763358,0.7536458730591121,0.6356121372031663,0.3998031809145129,0.8527012138188611,0.17654397394136806,0.41236658141517474,0.8147538461538463,0.7972185792349727,0.8464394904458599,0.7819123867069486,0.943229411764706,0.6858024775597795,0.6856963082081753,0.6317848108153067,0.2478706604003736,0.8187712153893846,0.8428335009823592,0.6857600078466407,0.4771621244618114,0.8271138524861027,0.6274622753578658,0.6447270078845475,0.2789859040526987,0.8856248820516749,0.6487416145435745,0.5536238399394227,0.7377142941002943,0.18409045416087166,4
AUS,Australia,澳大利亚,2006,26.0,13.34,2.92,5.11,0.8341,0.46,1.01,0.4335,0.177,0.1282,1.38,1.68,0.764,0.751,8.09,36965.0,1.8200000000000003,1.82,9.08,0.5665,0.6954507658643325,0.7195914826498422,0.5838015267175571,0.8824371523915463,0.7571800599291747,0.5803139841688655,0.36607355864811136,0.8428503401360544,0.2572725298588491,0.4132173913043478,0.8198717948717951,0.7972185792349727,0.8496178343949045,0.7864350453172205,0.9402941176470591,0.6954507658643325,0.7195914826498422,0.8824371523915463,0.5838015267175571,0.7571800599291747,0.5803139841688655,0.36607355864811136,0.8428503401360544,0.2572725298588491,0.4132173913043478,0.8198717948717951,0.7972185792349727,0.8496178343949045,0.7864350453172205,0.9402941176470591,0.7050083155806728,0.7177521555512587,0.6035561688367421,0.31096211889757014,0.8217480608553688,0.844701378119704,0.7100784718189346,0.49466892765641923,0.829709892411255,0.6438662140348483,0.6598040803316245,0.3001424637608031,0.8856248820516749,0.6659836212795116,0.571473501031963,0.749074816119053,0.17760131508708998,2
AUS,Australia,澳大利亚,2007,26.0,13.37,3.67,3.08,0.8368,0.51,1.31,0.4006,-0.032,0.1329,1.38,1.69,0.766,0.754,8.09,38334.0,1.8200000000000003,1.81,8.33,0.5993999999999999,0.6954507658643325,0.7219526813880127,0.3260483460559796,0.799177975528365,0.7608501770634704,0.5868970976253298,0.3958349900596422,0.8866467920501534,0.14403583061889252,0.43321142369991467,0.8198717948717951,0.7917650273224045,0.852796178343949,0.7909577039274924,0.9402941176470591,0.6954507658643325,0.7219526813880127,0.799177975528365,0.3260483460559796,0.7608501770634704,0.5868970976253298,0.3958349900596422,0.8866467920501534,0.14403583061889252,0.43321142369991467,0.8198717948717951,0.7917650273224045,0.852796178343949,0.7909577039274924,0.9402941176470591,0.7059327450467412,0.5104612200014704,0.6243942700903184,0.2237496089695049,0.8209767281327197,0.8476126779834501,0.6200733953204349,0.4589336706421013,0.8302027270851187,0.6000509737153795,0.6186563049785065,0.24326656077152992,0.8856248820516749,0.6163604342978044,0.5287326185340847,0.7177029636691187,0.18897034513503397,4
AUS,Australia,澳大利亚,2008,26.0,13.17,3.45,4.73,0.8394,0.7,1.33,0.3991,0.191,0.1276,1.37,1.7,0.768,0.757,8.08,39703.0,1.83,1.8,8.55,0.6009,0.6954507658643325,0.706211356466877,0.5355521628498727,0.8236006674082316,0.7643843639335333,0.6119129287598944,0.39781908548707756,0.8886435907696412,0.26485776330076005,0.4106649616368286,0.8249897435897436,0.7863114754098361,0.8559745222929936,0.7954803625377643,0.937358823529412,0.6954507658643325,0.706211356466877,0.8236006674082316,0.5355521628498727,0.7643843639335333,0.6119129287598944,0.39781908548707756,0.8886435907696412,0.26485776330076005,0.4106649616368286,0.8249897435897436,0.7863114754098361,0.8559745222929936,0.7954803625377643,0.937358823529412,0.6997351857275969,0.664139382023892,0.6328967593894004,0.31564774007594976,0.8222351816748955,0.8494543144974649,0.685273473839095,0.5136813705678652,0.8316612090502352,0.6471733664649456,0.6605529530939451,0.30129292974113364,0.8856248820516749,0.6640692000166688,0.5817807110287403,0.7459054563873178,0.16412474535857746,2
AUS,Australia,澳大利亚,2009,26.0,13.34,3.39,4.56,0.842,0.2,1.43,0.3997,0.134,0.1283,1.36,1.7,0.77,0.76,8.08,41072.0,1.84,1.8,8.61,0.6003000000000001,0.6954507658643325,0.7195914826498422,0.5139669211195927,0.8302614015572859,0.7679185508035958,0.5460817941952506,0.40773956262425454,0.8878448712818462,0.23397502714440824,0.4136427962489343,0.8301076923076923,0.7863114754098361,0.8591528662420382,0.8000030211480362,0.937358823529412,0.6954507658643325,0.7195914826498422,0.8302614015572859,0.5139669211195927,0.7679185508035958,0.5460817941952506,0.40773956262425454,0.8878448712818462,0.23397502714440824,0.4136427962489343,0.8301076923076923,0.7863114754098361,0.8591528662420382,0.8000030211480362,0.937358823529412,0.7050083155806728,0.6532433668112031,0.6196865975520003,0.2938677243718825,0.8251887385234494,0.852348742928265,0.6838274767410185,0.4954114494877216,0.8345948564177441,0.6381357726911498,0.6536912797427175,0.2906937242532326,0.8856248820516749,0.6573611507347064,0.5681252613341061,0.7439968280978543,0.17587156676374816,3
AUS,Australia,澳大利亚,2010,26.0,13.71,3.79,4.37,0.8446,0.3,1.53,0.4251,0.106,0.1283,1.35,1.7,0.772,0.763,8.07,42441.0,1.85,1.8,8.21,0.5749,0.6954507658643325,0.7487129337539432,0.48984223918575054,0.785856507230256,0.7714527376736584,0.5592480211081794,0.41766003976143146,0.8540324129651861,0.2188045602605863,0.4136427962489343,0.835225641025641,0.7863114754098361,0.8623312101910828,0.8045256797583081,0.9344235294117651,0.6954507658643325,0.7487129337539432,0.785856507230256,0.48984223918575054,0.7714527376736584,0.5592480211081794,0.41766003976143146,0.8540324129651861,0.2188045602605863,0.4136427962489343,0.835225641025641,0.7863114754098361,0.8623312101910828,0.8045256797583081,0.9344235294117651,0.7162851838999651,0.6204399335796831,0.6231527465150114,0.2822825341827352,0.8281369126837262,0.8541643724535967,0.6762876830781065,0.4913843965377846,0.8371550500640074,0.6345264913132631,0.650586578557748,0.2857794713332709,0.8856248820516749,0.6528711506107001,0.5639547432171169,0.7423385485204779,0.17838380530336095,4
AUS,Australia,澳大利亚,2011,26.0,13.87,3.26,4.65,0.8472,0.29,0.98,0.3962,0.154,0.1257,1.34,1.71,0.774,0.766,8.07,43810.0,1.86,1.79,8.74,0.6038,0.6954507658643325,0.7613059936908517,0.5253944020356234,0.8446929922135707,0.774986924543721,0.5579313984168864,0.3630974155069583,0.8925040682939843,0.24481107491856674,0.4025822676896846,0.8403435897435898,0.7808579234972679,0.8655095541401274,0.8090483383685801,0.9344235294117651,0.6954507658643325,0.7613059936908517,0.8446929922135707,0.5253944020356234,0.774986924543721,0.5579313984168864,0.3630974155069583,0.8925040682939843,0.24481107491856674,0.4025822676896846,0.8403435897435898,0.7808579234972679,0.8655095541401274,0.8090483383685801,0.9344235294117651,0.7210801384095417,0.6661808835051712,0.6075210683665709,0.29870362506154313,0.8293463219793038,0.8570421639374485,0.6985974346643272,0.4909814548506211,0.8389365502823266,0.6409333441989398,0.6576527774242446,0.29541743382741686,0.8856248820516749,0.662009386549523,0.5673805878273708,0.7503652934670968,0.18298470563972602,4
AUS,Australia,澳大利亚,2012,26.0,12.28,3.56,5.14,0.8498,0.52,0.92,0.4269,0.172,0.1259,1.34,1.72,0.776,0.769,8.06,45179.0,1.86,1.78,8.44,0.5730999999999999,0.6954507658643325,0.6361624605678233,0.5876106870229005,0.8113893214682981,0.7785211114137839,0.5882137203166227,0.3571451292246521,0.8516362545018007,0.2545635179153094,0.40343307757885766,0.8403435897435898,0.7754043715846995,0.868687898089172,0.813570996978852,0.931488235294118,0.6954507658643325,0.6361624605678233,0.8113893214682981,0.5876106870229005,0.7785211114137839,0.5882137203166227,0.3571451292246521,0.8516362545018007,0.2545635179153094,0.40343307757885766,0.8403435897435898,0.7754043715846995,0.868687898089172,0.813570996978852,0.931488235294118,0.6710997068389741,0.6904933284478799,0.6081726937488577,0.30604571251651747,0.8285149732278342,0.8588320130885405,0.6787909198832026,0.49494248189041806,0.8390022269501982,0.6374874421423475,0.6533149368061875,0.2893739078320014,0.8856248820516749,0.655738893075795,0.5672648867436693,0.7447281784127493,0.17746329166908004,4
AUS,Australia,澳大利亚,2013,26.0,14.02,4.64,5.18,0.8524,0.41,1.35,0.3994,0.431,0.1357,1.33,1.72,0.778,0.772,8.06,46549.0,1.87,1.78,7.36,0.6006,0.6954507658643325,0.7731119873817034,0.5926895674300253,0.6914961067853171,0.7820552982838465,0.573730870712401,0.3998031809145129,0.8882442310257437,0.39489033659066225,0.44512276214833746,0.8454615384615386,0.7754043715846995,0.8718662420382166,0.818093655589124,0.931488235294118,0.6954507658643325,0.7731119873817034,0.6914961067853171,0.5926895674300253,0.7820552982838465,0.573730870712401,0.3998031809145129,0.8882442310257437,0.39489033659066225,0.44512276214833746,0.8454615384615386,0.7754043715846995,0.8718662420382166,0.818093655589124,0.931488235294118,0.725532375420566,0.6401894472811437,0.6277928046887029,0.41426460166788664,0.8314401153024411,0.8616933958352171,0.690108668212624,0.5541850185377131,0.8419059929736019,0.6709902931401003,0.681278405770953,0.3302390676111424,0.8856248820516749,0.6840793322060156,0.6134022389107402,0.7605418252653517,0.14713958635461155,2
AUS,Australia,澳大利亚,2014,26.0,12.97,2.73,4.22,0.855,0.5,1.48,0.4058,0.236,0.1381,1.32,1.72,0.78,0.775,8.06,47918.0,1.8800000000000001,1.78,9.27,0.5942000000000001,0.6954507658643325,0.6904700315457415,0.47079643765903295,0.9035294771968855,0.785589485153909,0.5855804749340369,0.41269980119284305,0.8797245564892625,0.28923887079261673,0.45533248081841426,0.8505794871794873,0.7754043715846995,0.8750445859872612,0.8226163141993957,0.931488235294118,0.6954507658643325,0.6904700315457415,0.9035294771968855,0.47079643765903295,0.785589485153909,0.5855804749340369,0.41269980119284305,0.8797245564892625,0.28923887079261673,0.45533248081841426,0.8505794871794873,0.7754043715846995,0.8750445859872612,0.8226163141993957,0.931488235294118,0.6934541751399729,0.6522104408733597,0.6356722507001664,0.3468050772975455,0.834360028277628,0.8645484581131725,0.676652606591007,0.5300159161478663,0.8448041484211652,0.6559218580892873,0.6684433929627982,0.31045527968787,0.8856248820516749,0.6702227580209961,0.5935068182808778,0.7542846173475203,0.16077779906664247,3
AUS,Australia,澳大利亚,2015,26.0,12.73,3.07,4.1,0.8576,0.46,1.39,0.3736,0.224,0.1296,1.31,1.73,0.782,0.778,8.05,49287.0,1.8900000000000001,1.77,8.93,0.6264000000000001,0.6954507658643325,0.6715804416403784,0.4555597964376589,0.8657853170189099,0.7891236720239718,0.5803139841688655,0.4037713717693837,0.9225891690009339,0.2827372421281216,0.4191730605285592,0.855697435897436,0.7699508196721312,0.8782229299363058,0.8271389728096676,0.928552941176471,0.6954507658643325,0.6715804416403784,0.8657853170189099,0.4555597964376589,0.7891236720239718,0.5803139841688655,0.4037713717693837,0.9225891690009339,0.2827372421281216,0.4191730605285592,0.855697435897436,0.7699508196721312,0.8782229299363058,0.8271389728096676,0.928552941176471,0.6858024775597795,0.6280262596260197,0.6376683057963151,0.3309688766650913,0.8355037809728199,0.8663028806294393,0.6620801252417775,0.5237843630481483,0.8461568765268417,0.6488875527100142,0.6619848457498451,0.30054971046908524,0.8856248820516749,0.6626594632776734,0.5861217852290592,0.750216627513675,0.1640948422846158,2
AUS,Australia,澳大利亚,2016,26.0,12.89,4.12,4.55,0.8602,0.26,1.14,0.431,0.331,0.1491,1.3,1.74,0.784,0.781,8.04,50656.0,1.9000000000000001,1.76,7.88,0.569,0.6954507658643325,0.6841735015772871,0.5126972010178116,0.7492224694104561,0.7926578588940344,0.553981530343008,0.37897017892644136,0.8461783380018674,0.3407100977198697,0.5021270247229327,0.8608153846153846,0.764497267759563,0.8814012738853504,0.8316616314199395,0.9256176470588235,0.6954507658643325,0.6841735015772871,0.7492224694104561,0.5126972010178116,0.7926578588940344,0.553981530343008,0.37897017892644136,0.8461783380018674,0.3407100977198697,0.5021270247229327,0.8608153846153846,0.764497267759563,0.8814012738853504,0.8316616314199395,0.9256176470588235,0.6909177240095896,0.6197775915652274,0.6105808683791821,0.3978839689277739,0.8366212502683115,0.8680418220192913,0.6615309204301247,0.5369664690694466,0.8474869255670464,0.655516780075965,0.66749194142693,0.3082133560162833,0.8856248820516749,0.6680193158052476,0.5954611109414911,0.7530454025560577,0.15758429161456655,4
AUS,Australia,澳大利亚,2017,26.0,12.19,4.11,3.74,0.8628,0.54,1.63,0.3761,0.02,0.1362,1.3,1.74,0.786,0.784,8.04,52025.0,1.9000000000000001,1.76,7.89,0.6239,0.6954507658643325,0.6290788643533123,0.40984987277353685,0.7503325917686319,0.796192045764097,0.5908469656992085,0.4275805168986084,0.9192611711351208,0.17220955483170466,0.44724978687127015,0.8608153846153846,0.764497267759563,0.884579617834395,0.8361842900302116,0.9256176470588235,0.6954507658643325,0.6290788643533123,0.7503325917686319,0.40984987277353685,0.796192045764097,0.5908469656992085,0.4275805168986084,0.9192611711351208,0.17220955483170466,0.44724978687127015,0.8608153846153846,0.764497267759563,0.884579617834395,0.8361842900302116,0.9256176470588235,0.6681006149184888,0.5545482100541052,0.6510530277992159,0.2522634920727031,0.837525170304826,0.8708710479686771,0.6201272931626185,0.4898778183846803,0.8490484286216176,0.6200962466097352,0.6367038438891429,0.26394386440733125,0.8856248820516749,0.6336886480889672,0.5529711001706181,0.734062166033352,0.18109106586273382,4
AUS,Australia,澳大利亚,2018,26.0,12.53,3.61,4.86,0.8654,0.46,1.1,0.4223,0.138,0.1432,1.29,1.74,0.788,0.787,8.04,53394.0,1.9100000000000001,1.76,8.39,0.5777,0.6954507658643325,0.6558391167192429,0.5520585241730279,0.8058387096774196,0.7997262326341595,0.5803139841688655,0.37500198807157065,0.8577597705748966,0.23614223669923995,0.4770281329923273,0.8659333333333334,0.764497267759563,0.8877579617834395,0.8407069486404835,0.9256176470588235,0.6954507658643325,0.6558391167192429,0.8058387096774196,0.5520585241730279,0.7997262326341595,0.5803139841688655,0.37500198807157065,0.8577597705748966,0.23614223669923995,0.4770281329923273,0.8659333333333334,0.764497267759563,0.8877579617834395,0.8407069486404835,0.9256176470588235,0.6793268188648268,0.6669858535126614,0.6194121057278755,0.3128396566103185,0.8404172097835976,0.8736941595404406,0.6743632659454747,0.5046407561480873,0.8519174430786969,0.6441401257198582,0.6597405151664864,0.296417001019331,0.8856248820516749,0.660826410302274,0.5745994543189419,0.7528794693342603,0.17828001501531843,4
AUS,Australia,澳大利亚,2019,26.0,12.96,4.79,4.5,0.868,0.25,1.34,0.3907,0.326,0.1327,1.28,1.75,0.79,0.79,8.03,54763.0,1.9200000000000002,1.75,7.21,0.6093,0.6954507658643325,0.6896829652996845,0.5063486005089057,0.6748442714126809,0.8032604195042224,0.552664907651715,0.39881113320079525,0.8998256635987728,0.33800108577633003,0.4323606138107417,0.8710512820512821,0.7590437158469946,0.8909363057324842,0.8452296072507554,0.9226823529411765,0.6954507658643325,0.6896829652996845,0.6748442714126809,0.5063486005089057,0.8032604195042224,0.552664907651715,0.39881113320079525,0.8998256635987728,0.33800108577633003,0.4323606138107417,0.8710512820512821,0.7590437158469946,0.8909363057324842,0.8452296072507554,0.9226823529411765,0.6931378798001473,0.5845566289002829,0.6281970260688079,0.37298323132095734,0.8414949683557044,0.875398315577524,0.6474741230129534,0.5372468841327691,0.8532091172248246,0.6527590974344959,0.665103725724441,0.30332771246272805,0.8856248820516749,0.6640273574366818,0.5933400252510536,0.7533566152930101,0.16001659004195656,3
AUS,Australia,澳大利亚,2020,31.0,14.97,3.33,4.26,0.8532,-2.51,-0.66,0.4085,0.446,0.1347,1.27,1.76,0.792,0.793,8.02,54167.0,1.9300000000000002,1.74,8.67,0.5915,0.9138315098468269,0.847883280757098,0.4758753180661577,0.8369221357063404,0.7831427403977117,0.18927704485488128,0.20040159045725645,0.8761303187941845,0.40301737242128116,0.4408687127024722,0.8761692307692309,0.7535901639344262,0.8941146496815288,0.8497522658610273,0.9197470588235295,0.9138315098468269,0.847883280757098,0.8369221357063404,0.4758753180661577,0.7831427403977117,0.18927704485488128,0.20040159045725645,0.8761303187941845,0.40301737242128116,0.4408687127024722,0.8761692307692309,0.7535901639344262,0.8941146496815288,0.8497522658610273,0.9197470588235295,0.8868580367404381,0.6310868304170693,0.39940711539354684,0.4177514557705652,0.8425462085700604,0.8770871773829778,0.7740127425685954,0.404824184658479,0.8544780092759121,0.615235348742216,0.6504768994167438,0.2735338823373808,0.8856248820516749,0.65084019150915,0.5097261591773008,0.7707239448998363,0.2609977857225355,2
AUS,Australia,澳大利亚,2021,24.0,12.16,3.02,4.22,0.8732,0.56,2.01,0.3884,0.271,0.1376,1.26,1.76,0.794,0.796,8.02,57501.0,1.9400000000000002,1.74,8.98,0.6115999999999999,0.6080984682713348,0.626717665615142,0.47079643765903295,0.8713359288097888,0.8103287932443476,0.5934802110817943,0.4652783300198808,0.9028874216353208,0.3082019543973941,0.45320545609548163,0.8812871794871796,0.7535901639344262,0.8972929936305734,0.8542749244712992,0.9197470588235295,0.6080984682713348,0.626717665615142,0.8713359288097888,0.47079643765903295,0.8103287932443476,0.5934802110817943,0.4652783300198808,0.9028874216353208,0.3082019543973941,0.45320545609548163,0.8812871794871796,0.7535901639344262,0.8972929936305734,0.8542749244712992,0.9197470588235295,0.615478831091918,0.6404856370661042,0.6668142449559173,0.35959967030804385,0.845410875361106,0.879885089671479,0.6253622049605404,0.554050299195202,0.8573204339131086,0.6549409102985856,0.6664249113401755,0.3032189662324035,0.8856248820516749,0.6627063798845596,0.5995019282424788,0.753565191858644,0.15406326361616518,3
AUS,Australia,澳大利亚,2022,26.0,11.81,3.59,5.12,0.8758,0.44,1.21,0.4065,0.222,0.1523,1.26,1.76,0.796,0.799,8.01,58870.0,1.9400000000000002,1.74,8.41,0.5935,0.6954507658643325,0.5991703470031546,0.5850712468193383,0.808058954393771,0.8138629801144104,0.5776807387862796,0.38591451292246526,0.8787927170868348,0.28165363735070575,0.5157399829497016,0.8812871794871796,0.7535901639344262,0.900471337579618,0.858797583081571,0.9168117647058825,0.6954507658643325,0.5991703470031546,0.808058954393771,0.5850712468193383,0.8138629801144104,0.5776807387862796,0.38591451292246526,0.8787927170868348,0.28165363735070575,0.5157399829497016,0.8812871794871796,0.7535901639344262,0.900471337579618,0.858797583081571,0.9168117647058825,0.6552091573856046,0.6875842202601034,0.6294879597798528,0.358757954482452,0.8463081347878095,0.8815492071252956,0.6679721192679321,0.5317795855121121,0.8584793058490141,0.6574142512789705,0.6706472617399287,0.3111760816409386,0.8856248820516749,0.6710855042334636,0.5941091214963224,0.7602024360670065,0.1660933145706841,3
AUS,Australia,澳大利亚,2023,26.0,13.56,3.49,5.02,0.8784,0.57,1.36,0.3819,0.255,0.147,1.25,1.77,0.798,0.802,8.01,60239.0,1.9500000000000002,1.73,8.51,0.6181,0.6954507658643325,0.7369069400630915,0.5723740458015266,0.8191601779755284,0.817397166984473,0.5947968337730871,0.4007952286282307,0.9115402160864345,0.29953311617806727,0.49319352088661544,0.8864051282051283,0.748136612021858,0.9036496815286625,0.863320241691843,0.9168117647058825,0.6954507658643325,0.7369069400630915,0.8191601779755284,0.5723740458015266,0.817397166984473,0.5947968337730871,0.4007952286282307,0.9115402160864345,0.29953311617806727,0.49319352088661544,0.8864051282051283,0.748136612021858,0.9036496815286625,0.863320241691843,0.9168117647058825,0.7117457662970144,0.684737924484508,0.6456659782150286,0.3656569663580004,0.8473195102574846,0.8843317653525206,0.7008170971400989,0.5444119977337476,0.8600941881909997,0.6736220356797802,0.6860381846928286,0.3347059309176817,0.8856248820516749,0.6887427491331557,0.6097097748708403,0.7719862022088548,0.1622764273380145,2
BRA,Brazil,巴西,2000,21.05,10.34,5.59,4.0,0.4789,0.18,0.61,0.7856,0.067,0.0681,2.14,2.85,0.355,0.555,6.76,4576.0,1.06,0.6499999999999999,6.41,0.21440000000000003,0.47925382932166305,0.48347160883280754,0.44286259541984724,0.5860344827586208,0.2743557613729229,0.5434485488126649,0.3263916500994036,0.37413512071495275,0.19767426710097719,0.1575490196078431,0.43090769230769227,0.15915300546448088,0.19964649681528657,0.49095468277945625,0.5499000000000002,0.47925382932166305,0.48347160883280754,0.5860344827586208,0.44286259541984724,0.2743557613729229,0.5434485488126649,0.3263916500994036,0.37413512071495275,0.19767426710097719,0.1575490196078431,0.43090769230769227,0.15915300546448088,0.19964649681528657,0.49095468277945625,0.5499000000000002,0.4809365075743194,0.5094435710066528,0.3616798295346862,0.18052458877430103,0.25373282818782444,0.5137340268654299,0.4921427385645608,0.2936215397989303,0.3247904458143327,0.3533649441837592,0.36252857123324017,0.08626007912689654,0.5732098254682632,0.3576685268712587,0.3179557786090657,0.41782452434019557,0.09986874573112986,13
BRA,Brazil,巴西,2001,21.1,10.87,6.37,4.37,0.4785,0.27,0.41,0.8213,0.22,0.0811,2.14,2.85,0.36,0.56,6.75,4794.0,1.06,0.6499999999999999,5.63,0.17869999999999997,0.48143763676148804,0.525186119873817,0.48984223918575054,0.4994449388209122,0.27381204031599016,0.5552981530343007,0.30655069582504973,0.32661131119114317,0.28057003257328994,0.21285166240409206,0.43090769230769227,0.15915300546448088,0.20759235668789805,0.4984924471299094,0.5469647058823531,0.48143763676148804,0.525186119873817,0.4994449388209122,0.48984223918575054,0.27381204031599016,0.5552981530343007,0.30655069582504973,0.32661131119114317,0.28057003257328994,0.21285166240409206,0.43090769230769227,0.15915300546448088,0.20759235668789805,0.4984924471299094,0.5469647058823531,0.49848181436982736,0.49462028585777373,0.34817624760513755,0.2512207964440286,0.25672109697108075,0.5173433498780673,0.49693359842324303,0.31570108520353996,0.3280746080874589,0.36592469862807386,0.37378289603462655,0.09383341927528101,0.5732098254682632,0.3687865330114194,0.33170600005114154,0.4260913451049008,0.09438534505375928,12
BRA,Brazil,巴西,2002,21.15,10.03,5.62,4.97,0.478,0.26,0.62,0.8021,0.437,0.0763,2.13,2.85,0.365,0.565,6.74,5012.0,1.0700000000000003,0.6499999999999999,6.38,0.19789999999999996,0.4836214442013128,0.4590725552050473,0.5660254452926207,0.5827041156840934,0.27313238899482434,0.553981530343008,0.3273836978131213,0.3521703348005869,0.39814115092290986,0.19243222506393862,0.4360256410256411,0.15915300546448088,0.21553821656050953,0.5060302114803625,0.5440294117647062,0.4836214442013128,0.4590725552050473,0.5827041156840934,0.5660254452926207,0.27313238899482434,0.553981530343008,0.3273836978131213,0.3521703348005869,0.39814115092290986,0.19243222506393862,0.4360256410256411,0.15915300546448088,0.21553821656050953,0.5060302114803625,0.5440294117647062,0.47364816792819786,0.5743042369284174,0.3588397941805187,0.29766883048251513,0.26085943572004705,0.5209005542884378,0.5115997518996815,0.3392738816326924,0.33229854881519966,0.3813799012777044,0.3888790428675413,0.1040788406977848,0.5732098254682632,0.38356679422869294,0.3462742736663229,0.4408141553037196,0.09453988163739668,9
BRA,Brazil,巴西,2003,21.2,11.04,5.56,4.36,0.4775,0.07,0.46,0.8027,0.18,0.054,2.13,2.85,0.37,0.57,6.73,5230.0,1.0700000000000003,0.6499999999999999,6.44,0.19730000000000003,0.4858052516411378,0.5385662460567823,0.4885725190839694,0.5893648498331481,0.2724527376736584,0.5289656992084433,0.3115109343936382,0.35137161531279193,0.2588979370249729,0.09756692242114234,0.4360256410256411,0.15915300546448088,0.223484076433121,0.5135679758308157,0.5410941176470592,0.4858052516411378,0.5385662460567823,0.5893648498331481,0.4885725190839694,0.2724527376736584,0.5289656992084433,0.3115109343936382,0.35137161531279193,0.2588979370249729,0.09756692242114234,0.4360256410256411,0.15915300546448088,0.223484076433121,0.5135679758308157,0.5410941176470592,0.5062592548993186,0.5366073698175664,0.34991768262862544,0.17522585847372973,0.26370796072549463,0.5244062825343342,0.5181869106752123,0.28435153798826446,0.33543924069180125,0.35774397157832954,0.36982846060540986,0.08852019620907224,0.5732098254682632,0.36417126537110434,0.3164924298773904,0.43248057861302885,0.11598814873563845,13
BRA,Brazil,巴西,2004,21.25,11.09,5.64,3.01,0.477,0.14,0.58,0.8159,0.318,0.0755,2.12,2.85,0.375,0.575,6.72,5448.0,1.08,0.6499999999999999,6.36,0.18410000000000004,0.48798905908096274,0.5425015772870662,0.31716030534351136,0.580483870967742,0.2717730863524925,0.5381820580474934,0.3234155069582505,0.3337997865812993,0.33366666666666667,0.18902898550724634,0.44114358974358975,0.15915300546448088,0.23142993630573247,0.5211057401812688,0.5381588235294118,0.48798905908096274,0.5425015772870662,0.580483870967742,0.31716030534351136,0.2717730863524925,0.5381820580474934,0.3234155069582505,0.3337997865812993,0.33366666666666667,0.18902898550724634,0.44114358974358975,0.15915300546448088,0.23142993630573247,0.5211057401812688,0.5381588235294118,0.5091039341587398,0.42907626567209767,0.35085822221117086,0.2658269785854571,0.267733245859623,0.5278611509641132,0.4754421363981725,0.3228285068850229,0.33953800471173673,0.36811589404575695,0.3736254450869819,0.09243588557833962,0.5732098254682632,0.3709411743203538,0.33935913866138334,0.4184371076102206,0.07907796894883729,11
BRA,Brazil,巴西,2005,21.3,10.71,6.02,2.93,0.4766,0.35,0.41,0.7627,0.172,0.0772,2.12,2.85,0.38,0.58,6.71,5666.0,1.08,0.6499999999999999,5.98,0.23729999999999996,0.4901728665207878,0.5125930599369085,0.30700254452926207,0.5382992213570634,0.27122936529555985,0.5658311345646438,0.30655069582504973,0.40461958116579966,0.2545635179153094,0.19626086956521738,0.44114358974358975,0.15915300546448088,0.23937579617834395,0.5286435045317219,0.5352235294117649,0.4901728665207878,0.5125930599369085,0.5382992213570634,0.30700254452926207,0.27122936529555985,0.5658311345646438,0.30655069582504973,0.40461958116579966,0.2545635179153094,0.19626086956521738,0.44114358974358975,0.15915300546448088,0.23937579617834395,0.5286435045317219,0.5352235294117649,0.49902080116384173,0.40652088590223623,0.36408910076756573,0.22940938777586636,0.27045842410813187,0.5312657510168634,0.4597315772051216,0.31697771512529976,0.3425503931546027,0.36272720860409546,0.3674756771580372,0.08792102294487594,0.5732098254682632,0.36599270127131484,0.3361133554141276,0.4089836236683209,0.0728702682541933,13
BRA,Brazil,巴西,2006,21.35,11.26,6.28,3.37,0.4761,-0.26,0.23,0.8285,0.317,0.0671,2.11,2.85,0.385,0.585,6.7,5884.0,1.0900000000000003,0.6499999999999999,5.72,0.17149999999999999,0.4923566739606128,0.5558817034700315,0.36287022900763355,0.5094360400444939,0.2705497139743939,0.4855171503957783,0.2886938369781312,0.31702667733760176,0.33312486427795873,0.15329497016197782,0.4462615384615386,0.15915300546448088,0.2473216560509554,0.5361812688821751,0.5322882352941178,0.4923566739606128,0.5558817034700315,0.5094360400444939,0.36287022900763355,0.2705497139743939,0.4855171503957783,0.2886938369781312,0.31702667733760176,0.33312486427795873,0.15329497016197782,0.4462615384615386,0.15915300546448088,0.2473216560509554,0.5361812688821751,0.5322882352941178,0.516845630964091,0.4299525235600874,0.3285139435295977,0.2442167186969773,0.27438406151481703,0.5346206503274972,0.4801585986466437,0.3005524571297802,0.3465367337615743,0.361000920769118,0.36822958257437743,0.08727913681659687,0.5732098254682632,0.3662888706536484,0.3280596257656961,0.41822815700135324,0.09016853123565716,13
BRA,Brazil,巴西,2007,21.4,10.68,6.28,3.92,0.4756,0.5,0.64,0.796,0.316,0.0703,2.11,2.85,0.39,0.59,6.69,6102.0,1.0900000000000003,0.6499999999999999,5.72,0.20399999999999996,0.49454048140043755,0.5102318611987382,0.4327048346055979,0.5094360400444939,0.2698700626532281,0.5855804749340369,0.3293677932405567,0.3602906495931706,0.3325830618892508,0.16690792838874677,0.4462615384615386,0.15915300546448088,0.2552675159235669,0.5437190332326283,0.5293529411764709,0.49454048140043755,0.5102318611987382,0.5094360400444939,0.4327048346055979,0.2698700626532281,0.5855804749340369,0.3293677932405567,0.3602906495931706,0.3325830618892508,0.16690792838874677,0.4462615384615386,0.15915300546448088,0.2552675159235669,0.5437190332326283,0.5293529411764709,0.5007582789393691,0.4695055244079493,0.36474885783039707,0.2524241270934782,0.27699944714066377,0.5379263937623654,0.48801499388509023,0.3266141661638914,0.34943329649904664,0.37597004312746596,0.38188015358079763,0.0965684149360179,0.5732098254682632,0.3792828133802659,0.3460199490591147,0.4287605669584693,0.08274061789935461,12
BRA,Brazil,巴西,2008,21.45,11.8,6.24,3.59,0.4752,0.38,0.67,0.8092,0.359,0.0753,2.1,2.85,0.395,0.595,6.68,6320.0,1.1,0.6499999999999999,5.76,0.19079999999999997,0.49672428884026254,0.5983832807570978,0.39080407124681926,0.5138765294771969,0.2693263415962953,0.5697810026385225,0.3323439363817098,0.34271882086167804,0.3558805646036916,0.18817817561807332,0.45137948717948717,0.15915300546448088,0.2632133757961783,0.5512567975830814,0.5264176470588237,0.49672428884026254,0.5983832807570978,0.5138765294771969,0.39080407124681926,0.2693263415962953,0.5697810026385225,0.3323439363817098,0.34271882086167804,0.3558805646036916,0.18817817561807332,0.45137948717948717,0.15915300546448088,0.2632133757961783,0.5512567975830814,0.5264176470588237,0.5351321187526054,0.4481350687436486,0.35924867225108625,0.27581016243206913,0.2808365100084504,0.541183504390487,0.49847132854501275,0.3318636606498054,0.3533177137037705,0.3820547101072712,0.38828217693455713,0.10045928179138787,0.5732098254682632,0.38536577113920667,0.3510041630273484,0.4367066836621978,0.0857025206348494,10
BRA,Brazil,巴西,2009,21.5,10.84,6.22,4.06,0.4747,-0.0,0.64,0.7698,0.234,0.0668,2.1,2.85,0.4,0.6,6.67,6538.0,1.1,0.6499999999999999,5.78,0.23019999999999996,0.4989080962800875,0.5228249211356466,0.4504809160305342,0.5160967741935485,0.26864669027512944,0.5197493403693931,0.3293677932405567,0.3951680672268908,0.28815526601520086,0.1520187553282182,0.45137948717948717,0.15915300546448088,0.2711592356687898,0.5587945619335347,0.5234823529411766,0.4989080962800875,0.5228249211356466,0.5160967741935485,0.4504809160305342,0.26864669027512944,0.5197493403693931,0.3293677932405567,0.3951680672268908,0.28815526601520086,0.1520187553282182,0.45137948717948717,0.15915300546448088,0.2711592356687898,0.5587945619335347,0.5234823529411766,0.5083406539474122,0.4821739806326275,0.3601468213998605,0.2231181012311712,0.28335344759968106,0.5443924843950472,0.49770776261705135,0.3119580176156754,0.35610885097061756,0.37342691385813603,0.3809281911225708,0.0944490315369253,0.5732098254682632,0.37867630668758456,0.3394716040957077,0.4327442724381193,0.0932726683424116,11
BRA,Brazil,巴西,2010,21.55,11.21,6.29,3.37,0.4742,0.19,0.37,0.7524,0.525,0.0775,2.09,2.85,0.405,0.605,6.66,6756.0,1.1100000000000003,0.6499999999999999,5.71,0.24760000000000004,0.5010919037199124,0.5519463722397477,0.36287022900763355,0.5083259176863181,0.2679670389539635,0.5447651715039578,0.30258250497017897,0.41833093237294927,0.44581976112920735,0.19753708439897696,0.456497435897436,0.15915300546448088,0.27910509554140134,0.5663323262839879,0.5205470588235297,0.5010919037199124,0.5519463722397477,0.5083259176863181,0.36287022900763355,0.2679670389539635,0.5447651715039578,0.30258250497017897,0.41833093237294927,0.44581976112920735,0.19753708439897696,0.456497435897436,0.15915300546448088,0.27910509554140134,0.5663323262839879,0.5205470588235297,0.5208458219606561,0.4294838089629803,0.3605717484874438,0.3219252522465424,0.2871111904475317,0.5475538159294145,0.4821744894337622,0.348514378678671,0.3599000950940915,0.38788602907711334,0.3920281268298245,0.10246006483937554,0.5732098254682632,0.3901388518292025,0.36174767453640255,0.4322783614511143,0.07053068691471176,11
BRA,Brazil,巴西,2011,21.6,10.78,6.07,3.63,0.4738,0.16,0.48,0.7858,0.365,0.0713,2.09,2.85,0.41,0.61,6.65,6974.0,1.1100000000000003,0.6499999999999999,5.93,0.21419999999999995,0.5032757111597375,0.518102523659306,0.39588295165394394,0.5327486095661847,0.26742331789703083,0.5408153034300791,0.31349502982107363,0.37386888088568765,0.3591313789359392,0.17116197783461207,0.456497435897436,0.15915300546448088,0.28705095541401265,0.573870090634441,0.5176117647058827,0.5032757111597375,0.518102523659306,0.5327486095661847,0.39588295165394394,0.26742331789703083,0.5408153034300791,0.31349502982107363,0.37386888088568765,0.3591313789359392,0.17116197783461207,0.456497435897436,0.15915300546448088,0.28705095541401265,0.573870090634441,0.5176117647058827,0.5091548274624638,0.45924513284802027,0.35483263266298837,0.26700225566019165,0.2895392794631245,0.5506679619215671,0.48857106673024214,0.3258149188874687,0.3625945745059543,0.37992082563604085,0.3856756599258464,0.09721706060027756,0.5732098254682632,0.3843587103360606,0.34977501938761374,0.4320418197819357,0.08226680039432194,11
BRA,Brazil,巴西,2012,21.65,10.98,6.58,3.64,0.4733,-0.08,0.57,0.7924,0.295,0.0568,2.08,2.85,0.415,0.615,6.64,7192.0,1.12,0.6499999999999999,5.42,0.2076,0.5054595185995623,0.5338438485804416,0.3971526717557251,0.47613236929922137,0.2667436665758649,0.5092163588390501,0.3224234592445328,0.3650829665199414,0.32120521172638433,0.10947826086956522,0.46161538461538465,0.15915300546448088,0.29499681528662414,0.5814078549848942,0.5146764705882354,0.5054595185995623,0.5338438485804416,0.47613236929922137,0.3971526717557251,0.2667436665758649,0.5092163588390501,0.3224234592445328,0.3650829665199414,0.32120521172638433,0.10947826086956522,0.46161538461538465,0.15915300546448088,0.29499681528662414,0.5814078549848942,0.5146764705882354,0.5166275057943623,0.4348531275920289,0.35005702228518154,0.2088337590291463,0.2932255174266084,0.5537353668304886,0.4822181516405579,0.2998039618787554,0.36630001526399075,0.3671631560748554,0.37447703482286676,0.08849293854590508,0.5732098254682632,0.37453757055878867,0.3326310035304896,0.4245604660525218,0.09192946252203221,14
BRA,Brazil,巴西,2013,21.7,10.89,6.27,3.74,0.4728,0.14,0.71,0.7792,0.295,0.0749,2.08,2.85,0.42,0.62,6.63,7409.0,1.12,0.6499999999999999,5.73,0.2208,0.5076433260393873,0.5267602523659306,0.40984987277353685,0.5105461624026697,0.266064015254699,0.5381820580474934,0.33631212723658055,0.382654795251434,0.32120521172638433,0.18647655583972714,0.46161538461538465,0.15915300546448088,0.3029426751592356,0.5889456193353474,0.5117411764705884,0.5076433260393873,0.5267602523659306,0.5105461624026697,0.40984987277353685,0.266064015254699,0.5381820580474934,0.33631212723658055,0.382654795251434,0.32120521172638433,0.18647655583972714,0.46161538461538465,0.15915300546448088,0.3029426751592356,0.5889456193353474,0.5117411764705884,0.5152054012378352,0.4574355470508951,0.3618055379437499,0.25841590832408545,0.29557295938238526,0.5567564573578014,0.4912699596622075,0.3270607443102021,0.3689053018769735,0.38310859897509963,0.38887687618583516,0.09850753536827786,0.5732098254682632,0.387890452206232,0.35252481922563045,0.435425582842694,0.08290076361706356,13
BRA,Brazil,巴西,2014,21.75,10.79,6.1,3.52,0.4723,0.15,0.46,0.7887,0.252,0.0559,2.07,2.85,0.425,0.625,6.62,7627.0,1.1300000000000003,0.6499999999999999,5.9,0.21130000000000004,0.5098271334792123,0.5188895899053628,0.3819160305343511,0.5294182424916574,0.26538436393353315,0.5394986807387863,0.3115109343936382,0.37000840336134466,0.2979077090119436,0.10564961636828642,0.46673333333333344,0.15915300546448088,0.3108885350318471,0.5964833836858006,0.5088058823529413,0.5098271334792123,0.5188895899053628,0.5294182424916574,0.3819160305343511,0.26538436393353315,0.5394986807387863,0.3115109343936382,0.37000840336134466,0.2979077090119436,0.10564961636828642,0.46673333333333344,0.15915300546448088,0.3108885350318471,0.5964833836858006,0.5088058823529413,0.5134329664057959,0.4496591082863621,0.35250950971096723,0.19678691380244392,0.29919435318018495,0.5597316431176341,0.4869042979896808,0.29595007249825234,0.3725312039906504,0.36818768604701185,0.37621067959340027,0.08854201238333842,0.5732098254682632,0.3764461993725079,0.3314976583926289,0.42813948180365713,0.09664182341102823,14
BRA,Brazil,巴西,2015,21.8,11.14,6.27,2.89,0.4719,0.42,0.36,0.7695,0.332,0.0822,2.07,2.85,0.43,0.63,6.61,7845.0,1.1300000000000003,0.6499999999999999,5.73,0.23050000000000004,0.5120109409190372,0.5464369085173502,0.30192366412213734,0.5105461624026697,0.2648406428766004,0.575047493403694,0.3015904572564613,0.39556742697078845,0.34125190010857764,0.21753111679454384,0.46673333333333344,0.15915300546448088,0.3188343949044586,0.6040211480362537,0.5058705882352944,0.5120109409190372,0.5464369085173502,0.5105461624026697,0.30192366412213734,0.2648406428766004,0.575047493403694,0.3015904572564613,0.39556742697078845,0.34125190010857764,0.21753111679454384,0.46673333333333344,0.15915300546448088,0.3188343949044586,0.6040211480362537,0.5058705882352944,0.5255131102123228,0.3926142738822798,0.3598486039147735,0.2850057373582463,0.30146821565126314,0.5626613172674796,0.46766682885905425,0.3355366438862136,0.3750537095385564,0.3832701460401181,0.3870308190737687,0.09656895069911152,0.5732098254682632,0.3875945782967239,0.35815597229956797,0.42505478717989303,0.06689881488032506,13
BRA,Brazil,巴西,2016,21.85,10.27,5.64,3.96,0.4714,0.08,0.37,0.7605,0.308,0.0738,2.06,2.85,0.435,0.635,6.6,8063.0,1.1400000000000001,0.6499999999999999,6.36,0.23950000000000005,0.5141947483588621,0.4779621451104101,0.43778371501272256,0.580483870967742,0.2641609915554345,0.5302823218997361,0.30258250497017897,0.40754821928771523,0.3282486427795874,0.18179710144927536,0.4718512820512821,0.15915300546448088,0.32678025477707007,0.6115589123867069,0.5029352941176471,0.5141947483588621,0.4779621451104101,0.580483870967742,0.43778371501272256,0.2641609915554345,0.5302823218997361,0.30258250497017897,0.40754821928771523,0.3282486427795874,0.18179710144927536,0.4718512820512821,0.15915300546448088,0.32678025477707007,0.6115589123867069,0.5029352941176471,0.49938326293762286,0.5041094975669711,0.35475959186824335,0.25915318176907787,0.3050304891389998,0.565545857102576,0.5012684161456026,0.3228649242325271,0.3786054419816082,0.3864430530683877,0.3931081271311741,0.09981653657257006,0.5732098254682632,0.3925657617853159,0.35316195688279106,0.4429655966985707,0.08980363981577966,12
BRA,Brazil,巴西,2017,21.9,10.24,6.24,2.58,0.4709,0.14,0.63,0.7626,0.383,0.0795,2.06,2.85,0.44,0.64,6.59,8281.0,1.1400000000000001,0.6499999999999999,5.76,0.23740000000000006,0.5163785557986871,0.47560094637223976,0.26256234096692105,0.5138765294771969,0.26348134023426856,0.5381820580474934,0.328375745526839,0.4047527010804323,0.3688838219326819,0.20604518329070756,0.4718512820512821,0.15915300546448088,0.3347261146496815,0.6190966767371602,0.5000000000000001,0.5163785557986871,0.47560094637223976,0.5138765294771969,0.26256234096692105,0.26348134023426856,0.5381820580474934,0.328375745526839,0.4047527010804323,0.3688838219326819,0.20604518329070756,0.4718512820512821,0.15915300546448088,0.3347261146496815,0.6190966767371602,0.5000000000000001,0.49966393424394057,0.36732087409714387,0.36265025069942025,0.2922259316732223,0.3072369095681675,0.5683856246161453,0.44179932251457976,0.33990473381397107,0.3810507160584865,0.3805443107440258,0.3828169050975083,0.09275749562265845,0.5732098254682632,0.3848612598129426,0.3602782162194073,0.412236962572214,0.05195874635280667,13
BRA,Brazil,巴西,2018,21.95,10.73,6.44,3.19,0.4705,0.18,0.97,0.752,0.475,0.0733,2.05,2.85,0.445,0.645,6.58,8499.0,1.1500000000000004,0.6499999999999999,5.56,0.248,0.518562363238512,0.5141671924290221,0.34001526717557246,0.4916740823136818,0.2629376191773359,0.5434485488126649,0.3621053677932406,0.4188634120314793,0.418729641693811,0.17967007672634272,0.4769692307692309,0.15915300546448088,0.342671974522293,0.6266344410876133,0.49706470588235313,0.518562363238512,0.5141671924290221,0.4916740823136818,0.34001526717557246,0.2629376191773359,0.5434485488126649,0.3621053677932406,0.4188634120314793,0.418729641693811,0.17967007672634272,0.4769692307692309,0.15915300546448088,0.342671974522293,0.6266344410876133,0.49706470588235313,0.5167998043459933,0.4088724672329881,0.3748596126898091,0.29850425396137814,0.3107450182120694,0.5711809670276355,0.47057467514477236,0.350100889254765,0.38453291328413103,0.3935010597908347,0.39657263223057704,0.10198202958370346,0.5732098254682632,0.3972420235815207,0.3704500628056141,0.43171831949193573,0.06126825668632163,14
BRA,Brazil,巴西,2019,22.0,11.05,6.17,3.67,0.47,0.2,0.43,0.7507,0.292,0.0898,2.05,2.85,0.45,0.65,6.57,8717.0,1.1500000000000004,0.6499999999999999,5.83,0.24929999999999997,0.520746170678337,0.5393533123028392,0.40096183206106867,0.5216473859844272,0.26225796785617,0.5460817941952506,0.3085347912524851,0.42059397092170203,0.3195798045602606,0.2498618925831202,0.4769692307692309,0.15915300546448088,0.35061783439490446,0.6341722054380665,0.49412941176470615,0.520746170678337,0.5393533123028392,0.5216473859844272,0.40096183206106867,0.26225796785617,0.5460817941952506,0.3085347912524851,0.42059397092170203,0.3195798045602606,0.2498618925831202,0.4769692307692309,0.15915300546448088,0.35061783439490446,0.6341722054380665,0.49412941176470615,0.5281107295730217,0.45734089208618045,0.36060494372742985,0.28961937112409064,0.31288936339176837,0.573932217280954,0.49857558612461067,0.3376528776394648,0.3869057920676098,0.3953566553868597,0.4007055645134521,0.10436184108027836,0.5732098254682632,0.4007708197338228,0.3650591186063423,0.44628189452106987,0.08122277591472754,13
BRA,Brazil,巴西,2020,27.05,12.6,6.04,3.1,0.4601,-2.66,-1.49,0.7327,0.5,0.0778,2.04,2.85,0.455,0.655,6.56,8622.0,1.1600000000000001,0.6499999999999999,5.96,0.2673,0.7413107221006566,0.6613485804416405,0.32858778625954194,0.5360789766407119,0.2488008716970853,0.1695277044854881,0.11806163021868789,0.4445555555555556,0.43227470141150925,0.19881329923273652,0.48208717948717955,0.15915300546448088,0.35856369426751594,0.6417099697885197,0.49119411764705884,0.7413107221006566,0.6613485804416405,0.5360789766407119,0.32858778625954194,0.2488008716970853,0.1695277044854881,0.11806163021868789,0.4445555555555556,0.43227470141150925,0.19881329923273652,0.48208717948717955,0.15915300546448088,0.35856369426751594,0.6417099697885197,0.49119411764705884,0.7082267713244077,0.4197010891034859,0.21070660129219093,0.31683566649788386,0.3163476264143685,0.5766396945145158,0.5744859900475507,0.23813592559697427,0.39032247989030294,0.35970035747874535,0.3846969112201458,0.08498954062124477,0.5732098254682632,0.37738033746601085,0.29793513164506197,0.4675590868211794,0.16962395517611745,14
BRA,Brazil,巴西,2021,20.1,10.54,6.24,3.58,0.4691,0.21,1.68,0.7157,0.292,0.0768,2.04,2.85,0.46,0.66,6.55,9153.0,1.1600000000000001,0.6499999999999999,5.76,0.2843,0.4377614879649891,0.49921293375394316,0.3895343511450381,0.5138765294771969,0.26103459547807145,0.5473984168865436,0.43254075546719684,0.467185941043084,0.3195798045602606,0.19455924978687122,0.48208717948717955,0.15915300546448088,0.3665095541401274,0.6492477341389729,0.48825882352941186,0.4377614879649891,0.49921293375394316,0.5138765294771969,0.3895343511450381,0.26103459547807145,0.5473984168865436,0.43254075546719684,0.467185941043084,0.3195798045602606,0.19455924978687122,0.48208717948717955,0.15915300546448088,0.3665095541401274,0.6492477341389729,0.48825882352941186,0.4613779792654487,0.44740648238326175,0.4003962641065859,0.2620404576692522,0.3184346188115237,0.5793037045048027,0.4557377736861404,0.352576625178884,0.3926272033046625,0.39328739783267674,0.3955401431687945,0.09996591117079434,0.5732098254682632,0.39749030844665834,0.37286428206172056,0.42538432026329,0.05252003820156942,12
BRA,Brazil,巴西,2022,22.15,11.38,5.86,3.99,0.4686,0.26,0.79,0.722,0.438,0.0695,2.03,2.85,0.465,0.665,6.54,9371.0,1.1700000000000004,0.6499999999999999,6.14,0.278,0.5272975929978118,0.565326498422713,0.4415928753180661,0.5560611790878753,0.2603549441569055,0.553981530343008,0.34424850894632214,0.4587993864212353,0.39868295331161774,0.16350468883205457,0.48720512820512835,0.15915300546448088,0.3744554140127389,0.656785498489426,0.4853235294117649,0.5272975929978118,0.565326498422713,0.5560611790878753,0.4415928753180661,0.2603549441569055,0.553981530343008,0.34424850894632214,0.4587993864212353,0.39868295331161774,0.16350468883205457,0.48720512820512835,0.15915300546448088,0.3744554140127389,0.656785498489426,0.4853235294117649,0.542192131115446,0.49553269814026296,0.37764709898443194,0.27911853990434876,0.321846824046127,0.5819245400849908,0.5230230789801567,0.34490295272820215,0.39598189836390113,0.40732176865038794,0.4136626742944982,0.11246269858254818,0.5732098254682632,0.41304736068496095,0.37420372894974563,0.4638482980045983,0.08964456905485269,11
BRA,Brazil,巴西,2023,22.2,11.42,6.47,3.3,0.4681,0.39,0.06,0.7604,0.411,0.0884,2.03,2.85,0.47,0.67,6.53,9589.0,1.1700000000000004,0.6499999999999999,5.53,0.23960000000000004,0.5294814004376368,0.56847476340694,0.3539821882951653,0.48834371523915465,0.2596752928357396,0.5710976253298153,0.27182902584493046,0.4076813392023477,0.3840542888165038,0.24390622335890877,0.48720512820512835,0.15915300546448088,0.3824012738853502,0.6643232628398792,0.4823882352941179,0.5294814004376368,0.56847476340694,0.48834371523915465,0.3539821882951653,0.2596752928357396,0.5710976253298153,0.27182902584493046,0.4076813392023477,0.3840542888165038,0.24390622335890877,0.48720512820512835,0.15915300546448088,0.3824012738853502,0.6643232628398792,0.4823882352941179,0.5447470676747092,0.4157703416076561,0.3500619449236115,0.32027624217601125,0.32388064297167296,0.5845024815400944,0.48894312421258956,0.34084650742180594,0.39822220343817266,0.3979593231824966,0.402488201263951,0.1040434925327888,0.5732098254682632,0.4041358782223363,0.3691781798754301,0.44437543644010874,0.07519725656467863,13
CAN,Canada,加拿大,2000,24.57,12.39,3.05,5.53,0.8581,0.62,0.7,0.4378,-0.049,0.1314,1.4,1.42,0.782,0.752,8.07,24271.0,1.8000000000000003,2.08,8.95,0.5622,0.6329938730853392,0.644820189274448,0.6371297709923663,0.8680055617352614,0.7898033233451376,0.6013799472295513,0.33532007952286286,0.8371261838068561,0.13482519001085777,0.4268303495311167,0.8096358974358976,0.9390109289617486,0.8782229299363058,0.7879425981873112,0.9344235294117651,0.6329938730853392,0.644820189274448,0.8680055617352614,0.6371297709923663,0.7898033233451376,0.6013799472295513,0.33532007952286286,0.8371261838068561,0.13482519001085777,0.4268303495311167,0.8096358974358976,0.9390109289617486,0.8782229299363058,0.7879425981873112,0.9344235294117651,0.637698146259698,0.7436613374167622,0.60251241209206,0.21377885243907865,0.8673582784660124,0.8435566518664936,0.6781397066122136,0.4415354938387292,0.8589522708906977,0.6131584395617652,0.6377417907863651,0.2624103642749484,0.8764269692511306,0.6377208272057013,0.5273111390368953,0.7458247479691594,0.21851360893226413,4
CAN,Canada,加拿大,2001,24.54,12.4,3.08,5.38,0.8599,0.5,1.04,0.3826,-0.057,0.1438,1.39,1.42,0.784,0.754,8.06,25427.0,1.8100000000000003,2.08,8.92,0.6174,0.6316835886214441,0.6456072555205048,0.6180839694656487,0.8646751946607343,0.7922500681013349,0.5855804749340369,0.36904970178926444,0.910608376684007,0.13049077090119435,0.47958056265984655,0.8147538461538463,0.9390109289617486,0.8814012738853504,0.7909577039274924,0.931488235294118,0.6316835886214441,0.6456072555205048,0.8646751946607343,0.6180839694656487,0.7922500681013349,0.5855804749340369,0.36904970178926444,0.910608376684007,0.13049077090119435,0.47958056265984655,0.8147538461538463,0.9390109289617486,0.8814012738853504,0.7909577039274924,0.931488235294118,0.6372166533155835,0.7310553170686807,0.6240119050638865,0.21963042767103433,0.8704901554589035,0.8444285453274861,0.6732128026358248,0.4561868528650243,0.8612783463781267,0.6203629814170053,0.6428220858501952,0.26969789216361,0.8764269692511306,0.6426786858995714,0.5385937929977347,0.7479963805128197,0.209402587515085,4
CAN,Canada,加拿大,2002,24.51,11.62,2.5,5.97,0.8617,0.5,1.35,0.4236,-0.189,0.1225,1.38,1.42,0.786,0.756,8.06,26583.0,1.8200000000000003,2.08,9.5,0.5764,0.6303733041575493,0.5842160883280756,0.6929974554707378,0.9290622914349278,0.7946968128575321,0.5855804749340369,0.3998031809145129,0.856029211684674,0.05897285559174809,0.3889693094629156,0.8198717948717951,0.9390109289617486,0.884579617834395,0.7939728096676738,0.931488235294118,0.6303733041575493,0.5842160883280756,0.9290622914349278,0.6929974554707378,0.7946968128575321,0.5855804749340369,0.3998031809145129,0.856029211684674,0.05897285559174809,0.3889693094629156,0.8198717948717951,0.9390109289617486,0.884579617834395,0.7939728096676738,0.931488235294118,0.61148821677855,0.8023950423190674,0.6293849685813354,0.1254172948060986,0.8736161440826029,0.8463584364209521,0.6816919261278579,0.38792581864491277,0.8639775104173805,0.5841530526458802,0.6188711584215366,0.23278227405861965,0.8764269692511306,0.6156458702938481,0.48558329499510694,0.7383839403103841,0.2528006453152772,4
CAN,Canada,加拿大,2003,24.48,12.27,3.32,5.87,0.8635,0.56,0.89,0.4135,0.028,0.138,1.38,1.43,0.788,0.758,8.05,27739.0,1.8200000000000003,2.0700000000000003,8.68,0.5865,0.6290630196936542,0.6353753943217665,0.6803002544529261,0.8380322580645162,0.7971435576137295,0.5934802110817943,0.35416898608349906,0.8694743230625585,0.17654397394136806,0.45490707587382784,0.8198717948717951,0.9335573770491805,0.8877579617834395,0.796987915407855,0.928552941176471,0.6290630196936542,0.6353753943217665,0.8380322580645162,0.6803002544529261,0.7971435576137295,0.5934802110817943,0.35416898608349906,0.8694743230625585,0.17654397394136806,0.45490707587382784,0.8198717948717951,0.9335573770491805,0.8877579617834395,0.796987915407855,0.928552941176471,0.631580408927379,0.7550586456700238,0.6151294318754484,0.2577987550569733,0.8730297750715194,0.8472151431653565,0.6783431815021767,0.4738717290314991,0.8639063866841074,0.6318866273363554,0.6522235620684849,0.2829411701003775,0.8764269692511306,0.6525118519600518,0.5533728872665853,0.7543038220519076,0.2009309347853223,2
CAN,Canada,加拿大,2004,24.45,12.85,3.24,5.78,0.8652,0.57,0.78,0.3934,-0.08,0.1451,1.38,1.44,0.79,0.76,8.04,28894.0,1.8200000000000003,2.06,8.76,0.6066,0.6277527352297593,0.68102523659306,0.6688727735368954,0.8469132369299223,0.7994543721056931,0.5947968337730871,0.34325646123260445,0.8962314259036949,0.11802931596091204,0.48511082693947144,0.8198717948717951,0.928103825136612,0.8909363057324842,0.8000030211480362,0.9256176470588235,0.6277527352297593,0.68102523659306,0.8469132369299223,0.6688727735368954,0.7994543721056931,0.5947968337730871,0.34325646123260445,0.8962314259036949,0.11802931596091204,0.48511082693947144,0.8198717948717951,0.928103825136612,0.8909363057324842,0.8000030211480362,0.9256176470588235,0.6485425136935822,0.7526468001197022,0.6149205124560672,0.2077448761655656,0.8724315129760255,0.8480620446280961,0.6883345329226106,0.44405051966139025,0.8638235564940712,0.6183584977479082,0.6432676346895606,0.2690209859500318,0.8764269692511306,0.6437592969305173,0.5314681551292771,0.7521045774222251,0.220636422292948,2
CAN,Canada,加拿大,2005,24.42,12.88,3.66,6.25,0.867,0.86,0.81,0.4386,-0.011,0.1358,1.37,1.44,0.792,0.762,8.03,30050.0,1.83,2.06,8.34,0.5614,0.6264424507658644,0.6833864353312304,0.7285496183206106,0.8002880978865407,0.8019011168618905,0.6329788918205804,0.34623260437375747,0.8360612244897959,0.15541368078175893,0.4455481670929241,0.8249897435897436,0.928103825136612,0.8941146496815288,0.8030181268882175,0.9226823529411765,0.6264424507658644,0.6833864353312304,0.8002880978865407,0.7285496183206106,0.8019011168618905,0.6329788918205804,0.34623260437375747,0.8360612244897959,0.15541368078175893,0.4455481670929241,0.8249897435897436,0.928103825136612,0.8941146496815288,0.8030181268882175,0.9226823529411765,0.6486273387304846,0.7635768384791191,0.6178359278765814,0.23683801491485565,0.8755407250256276,0.8488991429713817,0.6923700103578573,0.46338997637818763,0.8661223825989468,0.6305999140342146,0.6529037084383162,0.2829558656251459,0.8764269692511306,0.654182296349036,0.547372842397077,0.7582310059324947,0.21085816353541775,3
CAN,Canada,加拿大,2006,24.39,12.67,2.59,5.2,0.8688,0.31,0.97,0.4255,-0.033,0.15,1.36,1.44,0.794,0.764,8.02,31206.0,1.84,2.06,9.41,0.5745,0.6251321663019693,0.6668580441640379,0.5952290076335877,0.9190711902113461,0.8043478616180877,0.5605646437994722,0.3621053677932406,0.8534999333066561,0.1434940282301846,0.5059556692242114,0.8301076923076923,0.928103825136612,0.8972929936305734,0.8060332326283989,0.9197470588235295,0.6251321663019693,0.6668580441640379,0.9190711902113461,0.5952290076335877,0.8043478616180877,0.5605646437994722,0.3621053677932406,0.8534999333066561,0.1434940282301846,0.5059556692242114,0.8301076923076923,0.928103825136612,0.8972929936305734,0.8060332326283989,0.9197470588235295,0.6414997115767377,0.7396335798854186,0.6091707443799115,0.2375446661081859,0.8786441606284524,0.8497264400043327,0.6790856093771143,0.45924127239826984,0.8684126953516044,0.6251893509956478,0.6479460003779235,0.2755988318679505,0.8764269692511306,0.6478957019390594,0.5425374278673396,0.7543211223526809,0.2117836944853413,4
CAN,Canada,加拿大,2007,24.36,12.36,3.15,5.5,0.8706,0.36,0.96,0.3823,0.201,0.1291,1.36,1.45,0.796,0.766,8.02,32362.0,1.84,2.05,8.85,0.6177,0.6238218818380743,0.6424589905362775,0.6333206106870228,0.856904338153504,0.806794606374285,0.5671477572559367,0.3611133200795229,0.9110077364279046,0.2702757871878393,0.41704603580562655,0.8301076923076923,0.9226502732240436,0.900471337579618,0.8090483383685801,0.9197470588235295,0.6238218818380743,0.6424589905362775,0.856904338153504,0.6333206106870228,0.806794606374285,0.5671477572559367,0.3611133200795229,0.9110077364279046,0.2702757871878393,0.41704603580562655,0.8301076923076923,0.9226502732240436,0.900471337579618,0.8090483383685801,0.9197470588235295,0.6312109541212797,0.7366784771796555,0.6191106012784643,0.32148290458974293,0.8780229703213627,0.851632144312923,0.671453448910825,0.508610279606707,0.868694429106341,0.6491109523973168,0.6654884752478325,0.30187080765778684,0.8764269692511306,0.6652711170630353,0.5789544894826072,0.7623899598670496,0.1834354703844424,2
CAN,Canada,加拿大,2008,24.33,11.85,3.09,5.62,0.8724,0.35,0.8,0.3755,0.002,0.1484,1.36,1.46,0.798,0.768,8.01,33517.0,1.84,2.04,8.91,0.6245,0.6225115973741794,0.6023186119873817,0.6485572519083969,0.8635650723025585,0.8092413511304822,0.5658311345646438,0.3452405566600398,0.9200598906229159,0.16245711183496198,0.4991491901108269,0.8301076923076923,0.9171967213114754,0.9036496815286625,0.8120634441087613,0.9168117647058825,0.6225115973741794,0.6023186119873817,0.8635650723025585,0.6485572519083969,0.8092413511304822,0.5658311345646438,0.3452405566600398,0.9200598906229159,0.16245711183496198,0.4991491901108269,0.8301076923076923,0.9171967213114754,0.9036496815286625,0.8120634441087613,0.9168117647058825,0.6143544117957295,0.748379175376108,0.6136048756561738,0.2545278946182552,0.8773897436687121,0.8524443713187101,0.6648138622688897,0.47124068305979944,0.8685769025720255,0.6276963648838481,0.6485135026761943,0.2768967146555523,0.8764269692511306,0.6468826981505069,0.549117654869534,0.7529118041805821,0.2037941493110481,3
CAN,Canada,加拿大,2009,24.3,11.78,2.72,5.78,0.8742,0.52,0.85,0.4143,-0.049,0.1306,1.35,1.46,0.8,0.77,8.0,34673.0,1.85,2.04,9.28,0.5857,0.6212013129102845,0.5968091482649842,0.6688727735368954,0.9046395995550612,0.8116880958866796,0.5882137203166227,0.35020079522862824,0.8684093637454982,0.13482519001085777,0.4234271099744245,0.835225641025641,0.9171967213114754,0.9068280254777071,0.8150785498489426,0.9138764705882355,0.6212013129102845,0.5968091482649842,0.9046395995550612,0.6688727735368954,0.8116880958866796,0.5882137203166227,0.35020079522862824,0.8684093637454982,0.13482519001085777,0.4234271099744245,0.835225641025641,0.9171967213114754,0.9068280254777071,0.8150785498489426,0.9138764705882355,0.6113270426067716,0.7778745387308292,0.6152118925182896,0.2130954068001629,0.8804764724935172,0.8532468168690692,0.673175012624234,0.4475994375311887,0.8708486400466025,0.6176991623223016,0.6422468708137263,0.266848863400469,0.8764269692511306,0.6410936179611146,0.5326696769435255,0.7514956355607972,0.21882595861727172,4
CAN,Canada,加拿大,2010,24.27,11.92,3.06,5.62,0.8759,0.42,1.21,0.387,0.115,0.1366,1.34,1.46,0.802,0.772,7.99,35829.0,1.86,2.04,8.94,0.613,0.6198910284463894,0.6078280757097791,0.6485572519083969,0.8668954393770857,0.8139989103786436,0.575047493403694,0.38591451292246526,0.904751100440176,0.22368078175895764,0.4489514066496163,0.8403435897435898,0.9171967213114754,0.9100063694267517,0.818093655589124,0.9109411764705886,0.6198910284463894,0.6078280757097791,0.8668954393770857,0.6485572519083969,0.8139989103786436,0.575047493403694,0.38591451292246526,0.904751100440176,0.22368078175895764,0.4489514066496163,0.8403435897435898,0.9171967213114754,0.9100063694267517,0.818093655589124,0.9109411764705886,0.6150373821350262,0.7498208611757377,0.6324725443870153,0.29556767666785805,0.8835575338335775,0.8540394815273945,0.6657695305628061,0.5034151202820443,0.8731119336869628,0.6457860422861892,0.6630304873877484,0.29741946722798274,0.8764269692511306,0.6620732276374136,0.5741698182188085,0.7626424468033696,0.18847262858456104,2
CAN,Canada,加拿大,2011,24.24,12.1,3.44,5.37,0.8777,0.51,0.87,0.4174,0.241,0.1357,1.34,1.47,0.804,0.774,7.98,36985.0,1.86,2.0300000000000002,8.56,0.5826,0.6185807439824945,0.6219952681388012,0.6168142493638675,0.8247107897664072,0.8164456551348408,0.5868970976253298,0.3521848906560637,0.8642826463918901,0.2919478827361563,0.44512276214833746,0.8403435897435898,0.9117431693989072,0.9131847133757963,0.8211087613293052,0.9080058823529416,0.6185807439824945,0.6219952681388012,0.8247107897664072,0.6168142493638675,0.8164456551348408,0.5868970976253298,0.3521848906560637,0.8642826463918901,0.2919478827361563,0.44512276214833746,0.8403435897435898,0.9117431693989072,0.9131847133757963,0.8211087613293052,0.9080058823529416,0.6199442985264635,0.7132274298791718,0.6162295408748077,0.3456011025527706,0.8829011896022658,0.854822365508234,0.6556964269014197,0.5180745940991448,0.8729702086817285,0.6502308793219523,0.6658298283146025,0.30141142925944353,0.8764269692511306,0.6643081750163724,0.5826591524358096,0.7621778178345137,0.1795186653987041,3
CAN,Canada,加拿大,2012,24.21,12.01,2.75,4.86,0.8795,0.42,0.91,0.3589,0.125,0.1469,1.34,1.48,0.806,0.776,7.98,38141.0,1.86,2.02,9.25,0.6411,0.6172704595185996,0.6149116719242902,0.5520585241730279,0.9013092324805341,0.8188923998910378,0.575047493403694,0.35615308151093444,0.9421577964519142,0.2290988056460369,0.49276811594202896,0.8403435897435898,0.9062896174863388,0.9163630573248409,0.8241238670694864,0.9080058823529416,0.6172704595185996,0.6149116719242902,0.9013092324805341,0.5520585241730279,0.8188923998910378,0.575047493403694,0.35615308151093444,0.9421577964519142,0.2290988056460369,0.49276811594202896,0.8403435897435898,0.9062896174863388,0.9163630573248409,0.8241238670694864,0.9080058823529416,0.6163258606292584,0.7053902782904852,0.6260771976761972,0.31122231930213984,0.8822326571559744,0.8567043258681114,0.6505160592936609,0.5076457342031062,0.8732123518664626,0.6434838688442351,0.6601768170292796,0.29307359117581094,0.8764269692511306,0.6580989330316802,0.5740349480161991,0.7588097806328481,0.18477483261664895,3
CAN,Canada,加拿大,2013,24.18,12.61,2.9,6.03,0.8813,0.37,0.8,0.4201,0.116,0.1325,1.33,1.48,0.808,0.778,7.97,39296.0,1.87,2.02,9.1,0.5799000000000001,0.6159601750547046,0.6621356466876971,0.7006157760814248,0.8846573971078977,0.8213391446472351,0.5684643799472295,0.3452405566600398,0.8606884086968122,0.22422258414766558,0.4315098039215686,0.8454615384615386,0.9062896174863388,0.9195414012738855,0.8271389728096676,0.9050705882352942,0.6159601750547046,0.6621356466876971,0.8846573971078977,0.7006157760814248,0.8213391446472351,0.5684643799472295,0.3452405566600398,0.8606884086968122,0.22422258414766558,0.4315098039215686,0.8454615384615386,0.9062896174863388,0.9195414012738855,0.8271389728096676,0.9050705882352942,0.634030817980957,0.7872769073464069,0.6088807075255855,0.2913425244537576,0.8852970762217639,0.8574722446256224,0.6913806584040929,0.4880830357805631,0.8754571507937292,0.6456291365017385,0.6652845570715719,0.30007853491044406,0.8764269692511306,0.6661149113832352,0.5674885981749296,0.7671654089519836,0.19967681077705401,4
CAN,Canada,加拿大,2014,24.15,11.73,3.13,5.8,0.8831,0.33,0.56,0.3925,0.141,0.1588,1.32,1.48,0.81,0.78,7.96,40452.0,1.8800000000000001,2.02,8.870000000000001,0.6074999999999999,0.6146498905908095,0.5928738170347004,0.6714122137404578,0.8591245828698556,0.8237858894034322,0.5631978891820579,0.32143141153081517,0.8974295051353874,0.2377676438653637,0.543391304347826,0.8505794871794873,0.9062896174863388,0.9227197452229301,0.830154078549849,0.9021352941176473,0.6146498905908095,0.5928738170347004,0.8591245828698556,0.6714122137404578,0.8237858894034322,0.5631978891820579,0.32143141153081517,0.8974295051353874,0.2377676438653637,0.543391304347826,0.8505794871794873,0.9062896174863388,0.9227197452229301,0.830154078549849,0.9021352941176473,0.6058450915116947,0.7594911046638381,0.6022567925047397,0.33093044724648274,0.8883559339227592,0.8582303984813808,0.6631717730989669,0.5032319571524297,0.8776935717158505,0.6459486132272608,0.6635523863054171,0.2973601691073495,0.8764269692511306,0.6620538453948701,0.5739469940671815,0.7642732989912501,0.19032630492406855,4
CAN,Canada,加拿大,2015,24.12,11.67,3.92,4.75,0.8849,0.2,0.97,0.3853,0.111,0.1528,1.32,1.49,0.812,0.782,7.95,41608.0,1.8800000000000001,2.01,8.08,0.6147,0.6133396061269147,0.5881514195583596,0.5380916030534351,0.7714249165739712,0.8262326341596296,0.5460817941952506,0.3621053677932406,0.907014138988929,0.22151357220412593,0.5178670076726342,0.8505794871794873,0.9008360655737704,0.9258980891719747,0.8331691842900303,0.8992000000000002,0.6133396061269147,0.5881514195583596,0.7714249165739712,0.5380916030534351,0.8262326341596296,0.5460817941952506,0.3621053677932406,0.907014138988929,0.22151357220412593,0.5178670076726342,0.8505794871794873,0.9008360655737704,0.9258980891719747,0.8331691842900303,0.8992000000000002,0.6031374087405273,0.6442804280704564,0.6175564754879294,0.31111969326483785,0.8876640834266192,0.8589787864250193,0.6192695628262287,0.5027498232077646,0.8775168703737151,0.6325302988066404,0.6501358592430889,0.27736511579687767,0.8764269692511306,0.644987445660121,0.5643739687324251,0.7525093421972779,0.18813537346485287,4
CAN,Canada,加拿大,2016,24.09,12.1,3.01,5.42,0.8866,0.11,1.35,0.3896,0.24,0.1533,1.32,1.5,0.814,0.784,7.94,42764.0,1.8800000000000001,2.0,8.99,0.6104,0.6120293216630196,0.6219952681388012,0.6231628498727735,0.8724460511679645,0.8285434486515937,0.5342321899736147,0.3998031809145129,0.9012899826597307,0.29140608034744847,0.5199940323955669,0.8505794871794873,0.8953825136612021,0.9290764331210191,0.8361842900302116,0.8962647058823533,0.6120293216630196,0.6219952681388012,0.8724460511679645,0.6231628498727735,0.8285434486515937,0.5342321899736147,0.3998031809145129,0.9012899826597307,0.29140608034744847,0.5199940323955669,0.8505794871794873,0.8953825136612021,0.9290764331210191,0.8361842900302116,0.8962647058823533,0.6159963940083052,0.7373438598144534,0.6293055611326676,0.36736561924163835,0.8869598840208768,0.8597174071002425,0.6619343659277506,0.5354669265727958,0.8773281968941147,0.6617381388288323,0.6759655394756778,0.31571467238748796,0.8764269692511306,0.6747522557209777,0.5970459112824238,0.7699410085984788,0.172895097316055,3
CAN,Canada,加拿大,2017,24.06,10.78,3.05,5.98,0.8884,0.41,0.98,0.3932,0.079,0.158,1.31,1.5,0.816,0.786,7.94,43919.0,1.8900000000000001,2.0,8.95,0.6068,0.6107190371991247,0.518102523659306,0.6942671755725192,0.8680055617352614,0.8309901934077909,0.573730870712401,0.3630974155069583,0.8964976657329599,0.2041758957654723,0.5399880647911338,0.855697435897436,0.8953825136612021,0.9322547770700635,0.8391993957703927,0.8962647058823533,0.6107190371991247,0.518102523659306,0.8680055617352614,0.6942671755725192,0.8309901934077909,0.573730870712401,0.3630974155069583,0.8964976657329599,0.2041758957654723,0.5399880647911338,0.855697435897436,0.8953825136612021,0.9322547770700635,0.8391993957703927,0.8962647058823533,0.5718355587902294,0.7762910341664252,0.6252755491044907,0.3012703181637479,0.8900021587762273,0.8615760447593355,0.6462082865466812,0.502269626666966,0.8799478903367065,0.6409491997803354,0.6587547037318027,0.2897818699975243,0.8764269692511306,0.6558038513361165,0.5696957781855405,0.7603123515515093,0.19061657336596882,3
CAN,Canada,加拿大,2018,24.03,11.59,3.36,4.75,0.8902,0.39,0.79,0.372,0.19,0.1607,1.3,1.5,0.818,0.788,7.93,45075.0,1.9000000000000001,2.0,8.64,0.628,0.6094087527352298,0.5818548895899054,0.5380916030534351,0.8335917686318133,0.8334369381639882,0.5710976253298153,0.34424850894632214,0.9247190876350541,0.2643159609120521,0.5514739982949701,0.8608153846153846,0.8953825136612021,0.9354331210191081,0.8422145015105741,0.893329411764706,0.6094087527352298,0.5818548895899054,0.8335917686318133,0.5380916030534351,0.8334369381639882,0.5710976253298153,0.34424850894632214,0.9247190876350541,0.2643159609120521,0.5514739982949701,0.8608153846153846,0.8953825136612021,0.9354331210191081,0.8422145015105741,0.893329411764706,0.598233994167913,0.669737807709286,0.6206680550060371,0.3547186718474233,0.8930389755570658,0.862299793529287,0.6258706402719147,0.5247673306806775,0.8821575746343987,0.6465408057444889,0.6623153967441651,0.2938128467789016,0.8764269692511306,0.6576956725907545,0.581500595661331,0.7612609434966615,0.17976034783533046,3
CAN,Canada,加拿大,2019,24.0,10.31,2.97,6.01,0.892,0.54,0.89,0.3902,0.126,0.1545,1.3,1.51,0.82,0.79,7.92,46231.0,1.9000000000000001,1.99,9.03,0.6098,0.6080984682713348,0.4811104100946373,0.6980763358778624,0.8768865406006674,0.8358836829201853,0.5908469656992085,0.35416898608349906,0.9004912631719355,0.22964060803474484,0.5250988917306052,0.8608153846153846,0.8899289617486339,0.9386114649681527,0.8452296072507554,0.890394117647059,0.6080984682713348,0.4811104100946373,0.8768865406006674,0.6980763358778624,0.8358836829201853,0.5908469656992085,0.35416898608349906,0.9004912631719355,0.22964060803474484,0.5250988917306052,0.8608153846153846,0.8899289617486339,0.9386114649681527,0.8452296072507554,0.890394117647059,0.5537098475044728,0.7823897642755357,0.6276406151726459,0.3196874986309462,0.8923112462969615,0.8630137868183835,0.6358264823447893,0.5126434627911725,0.881945695953558,0.6435174185017555,0.6603890386059732,0.29153529346819956,0.8764269692511306,0.6563159710730736,0.575415652793861,0.7617780203786035,0.18636236758474256,4
CAN,Canada,加拿大,2020,28.97,14.87,2.5,5.45,0.8759,-2.96,-1.29,0.3625,0.163,0.1661,1.3,1.52,0.822,0.792,7.91,45728.0,1.9000000000000001,1.98,9.5,0.6375,0.8251689277899342,0.84001261829653,0.626972010178117,0.9290622914349278,0.8139989103786436,0.13002902374670183,0.13790258449304174,0.9373654795251434,0.24968729641693807,0.5744458653026427,0.8608153846153846,0.8844754098360655,0.9417898089171973,0.8482447129909366,0.8874588235294121,0.8251689277899342,0.84001261829653,0.9290622914349278,0.626972010178117,0.8139989103786436,0.13002902374670183,0.13790258449304174,0.9373654795251434,0.24968729641693807,0.5744458653026427,0.8608153846153846,0.8844754098360655,0.9417898089171973,0.8482447129909366,0.8874588235294121,0.8310746656676168,0.763214289987841,0.3396034668164708,0.34844762703746773,0.8915709983675149,0.8637180220614781,0.8032349988196403,0.34223288149869524,0.8817217419773775,0.587193102672377,0.6423801748385835,0.24581845009910364,0.8764269692511306,0.632239952914135,0.46131572331170523,0.7836278514702817,0.32231212815857646,5
CAN,Canada,加拿大,2021,21.94,10.64,2.98,5.46,0.8956,0.28,1.94,0.3758,0.176,0.1447,1.29,1.52,0.824,0.794,7.9,48543.0,1.9100000000000001,1.98,9.02,0.6242,0.5181256017505471,0.5070835962145112,0.628241730279898,0.8757764182424916,0.8407771724325795,0.5566147757255936,0.4583339960238569,0.9196605308790183,0.25673072747014114,0.48340920716112523,0.8659333333333334,0.8844754098360655,0.9449681528662419,0.8512598187311179,0.884523529411765,0.5181256017505471,0.5070835962145112,0.8757764182424916,0.628241730279898,0.8407771724325795,0.5566147757255936,0.4583339960238569,0.9196605308790183,0.25673072747014114,0.48340920716112523,0.8659333333333334,0.8844754098360655,0.9449681528662419,0.8512598187311179,0.884523529411765,0.5136802355266357,0.7417541994050284,0.663458838005888,0.3306836160286276,0.8945912864622012,0.8644124963491312,0.5950037722560515,0.538385794088938,0.8839107061931609,0.6437479674362409,0.659028661170339,0.287021459832612,0.8764269692511306,0.6507860480394145,0.5822771889461048,0.7574124119977215,0.17513522305161666,4
CAN,Canada,加拿大,2022,23.91,11.31,3.82,5.91,0.8974,0.7,0.93,0.3426,0.182,0.1458,1.28,1.52,0.826,0.796,7.9,49698.0,1.9200000000000002,1.98,8.18,0.6574,0.6041676148796499,0.5598170347003155,0.6853791348600509,0.7825261401557286,0.8432239171887769,0.6119129287598944,0.35813717693836983,0.9638563425370148,0.2599815418023887,0.4880886615515772,0.8710512820512821,0.8844754098360655,0.9481464968152865,0.8542749244712992,0.884523529411765,0.6041676148796499,0.5598170347003155,0.7825261401557286,0.6853791348600509,0.8432239171887769,0.6119129287598944,0.35813717693836983,0.9638563425370148,0.2599815418023887,0.4880886615515772,0.8710512820512821,0.8844754098360655,0.9481464968152865,0.8542749244712992,0.884523529411765,0.5860206355152457,0.7323435593663047,0.6453125266477435,0.3344760275221998,0.8976062173498818,0.8662482121689524,0.6406689730235858,0.5298446651355626,0.8865038515882505,0.6545664204117211,0.6700897134377759,0.3048551519092481,0.8764269692511306,0.6663112984904289,0.5891557809067075,0.7686668067368969,0.1795110258301894,4
CAN,Canada,加拿大,2023,23.88,12.08,2.96,4.92,0.8991,0.58,0.72,0.3768,0.106,0.1625,1.28,1.53,0.828,0.798,7.89,50854.0,1.9200000000000002,1.97,9.04,0.6232,0.6028573304157548,0.6204211356466878,0.559676844783715,0.8779966629588432,0.8455347316807409,0.59611345646438,0.33730417495029824,0.918329331732693,0.2188045602605863,0.5591312872975277,0.8710512820512821,0.8790218579234973,0.9513248407643312,0.8572900302114804,0.8815882352941178,0.6028573304157548,0.6204211356466878,0.8779966629588432,0.559676844783715,0.8455347316807409,0.59611345646438,0.33730417495029824,0.918329331732693,0.2188045602605863,0.5591312872975277,0.8710512820512821,0.8790218579234973,0.9513248407643312,0.8572900302114804,0.8815882352941178,0.6098223839117071,0.7009952938896497,0.626003537312964,0.3184485966884425,0.8968422161701873,0.8669278967346693,0.6447748034843402,0.5111113825694219,0.886256575607442,0.646392754349313,0.6637539667553034,0.29589556628318403,0.8764269692511306,0.660383270684479,0.5764592520405037,0.7655364535085523,0.18907720146804852,5
CHN,China,中国,2000,13.1,6.5,6.63,1.82,0.3204,2.91,6.49,0.925,1.197,0.1393,2.98,3.14,0.29,0.482,5.75,5325.0,0.2200000000000002,0.3599999999999999,5.37,0.07499999999999996,0.1320284463894967,0.18123817034700318,0.16606361323155214,0.47058175750834264,0.05890629256333428,0.9028865435356199,0.9097157057654076,0.18856595971722026,0.8099109663409338,0.46043734015345267,0.001,0.001,0.09635031847133753,0.3809033232628399,0.2534352941176472,0.1320284463894967,0.18123817034700318,0.47058175750834264,0.16606361323155214,0.05890629256333428,0.9028865435356199,0.9097157057654076,0.18856595971722026,0.8099109663409338,0.46043734015345267,0.001,0.001,0.09635031847133753,0.3809033232628399,0.2534352941176472,0.1498650543051253,0.27954696738238727,0.2915921878321901,0.6461458840747786,0.003936914166865473,0.3236202547288981,0.19231012021033284,0.37020501169894204,0.01842314874439336,0.12364789203865416,0.21130198536599468,0.03592803895401772,0.6580553448461193,0.11536863936398203,0.046482214833269614,0.22676623856256742,0.1802840237292978,19
CHN,China,中国,2001,13.2,5.95,6.85,2.89,0.3254,2.58,6.3,0.932,1.494,0.1325,2.96,3.14,0.3,0.494,5.77,5579.0,0.2400000000000002,0.3599999999999999,5.15,0.06799999999999995,0.13639606126914658,0.13794952681388015,0.30192366412213734,0.4461590656284762,0.06570280577499324,0.859437994722955,0.8908667992047714,0.17924756569294384,0.9708262757871878,0.4315098039215686,0.011235897435897445,0.001,0.11224203821656047,0.3989939577039275,0.2593058823529412,0.13639606126914658,0.13794952681388015,0.4461590656284762,0.30192366412213734,0.06570280577499324,0.859437994722955,0.8908667992047714,0.17924756569294384,0.9708262757871878,0.4315098039215686,0.011235897435897445,0.001,0.11224203821656047,0.3989939577039275,0.2593058823529412,0.13701533712939284,0.367023132616813,0.2930708736331199,0.7019095966923541,0.010846503727240043,0.33581859388884444,0.20320710339293405,0.380859870433969,0.036064092558730255,0.15552859703386032,0.2241253069590869,0.0394073099719062,0.6580553448461193,0.14622964288580179,0.07295141882539777,0.25096621732537944,0.17801479849998167,19
CHN,China,中国,2002,13.3,6.77,5.91,2.18,0.3303,2.72,6.59,0.9228,1.263,0.127,2.94,3.14,0.31,0.506,5.79,5832.0,0.26000000000000023,0.3599999999999999,6.09,0.07720000000000005,0.14076367614879656,0.20248895899053623,0.21177353689567427,0.5505105672969968,0.07236338872241894,0.8778707124010555,0.9196361829025846,0.1914945978391358,0.8456699239956569,0.4081125319693094,0.021471794871794892,0.001,0.12813375796178342,0.41708459214501514,0.26517647058823546,0.14076367614879656,0.20248895899053623,0.5505105672969968,0.21177353689567427,0.07236338872241894,0.8778707124010555,0.9196361829025846,0.1914945978391358,0.8456699239956569,0.4081125319693094,0.021471794871794892,0.001,0.12813375796178342,0.41708459214501514,0.26517647058823546,0.16280018692382514,0.3414433627044596,0.3097766129015639,0.6318769359810478,0.014623334315819926,0.3479753515871302,0.21893762846283754,0.3836399183440867,0.04434270010829376,0.1697118935769092,0.23244006590897404,0.04294884073532826,0.6580553448461193,0.16066465344029013,0.0846461608242457,0.26270886495212153,0.17806270412787584,19
CHN,China,中国,2003,13.4,6.39,6.49,1.84,0.3353,2.7,6.82,0.9236,1.546,0.1338,2.92,3.13,0.32,0.518,5.81,6086.0,0.28000000000000025,0.3700000000000001,5.51,0.07640000000000002,0.1451312910284464,0.17258044164037853,0.16860305343511447,0.48612347052280314,0.0791599019340779,0.8752374670184697,0.9424532803180916,0.19042963852207562,0.999,0.4370400682011935,0.03170769230769234,0.0064535519125684315,0.14402547770700636,0.43517522658610275,0.2710470588235295,0.1451312910284464,0.17258044164037853,0.48612347052280314,0.16860305343511447,0.0791599019340779,0.8752374670184697,0.9424532803180916,0.19042963852207562,0.999,0.4370400682011935,0.03170769230769234,0.0064535519125684315,0.14402547770700636,0.43517522658610275,0.2710470588235295,0.15554400085909773,0.2862898906294448,0.3195912759234539,0.7177080130282187,0.03096972105922528,0.36009440877616294,0.19853375848821578,0.40738100893853196,0.07308949702795466,0.1961133295532676,0.2444393802302639,0.041973346824640524,0.6580553448461193,0.1834646237288094,0.11561868869712419,0.2800393686678704,0.1644206799707462,20
CHN,China,中国,2004,13.5,6.54,6.1,1.85,0.3403,2.69,6.73,0.8994,1.397,0.1332,2.9,3.12,0.33,0.53,5.83,6339.0,0.30000000000000027,0.3799999999999999,5.9,0.10060000000000002,0.14949890590809628,0.1843864353312303,0.16987277353689567,0.5294182424916574,0.08595641514573686,0.8739208443271768,0.9335248508946323,0.22264465786314536,0.9182714440825189,0.43448763853367434,0.04194358974358978,0.011907103825136621,0.15991719745222932,0.4532658610271904,0.2769176470588237,0.14949890590809628,0.1843864353312303,0.5294182424916574,0.16987277353689567,0.08595641514573686,0.8739208443271768,0.9335248508946323,0.22264465786314536,0.9182714440825189,0.43448763853367434,0.04194358974358978,0.011907103825136621,0.15991719745222932,0.4532658610271904,0.2769176470588237,0.162582724096596,0.2998895550249902,0.3370586210137917,0.68072800450665,0.04295133153399046,0.37217916675506857,0.2076964978047058,0.41618449164536014,0.09145301578607731,0.21443838051944886,0.256218650735379,0.04529103138164314,0.6580553448461193,0.2013235878070726,0.1353473682095831,0.2950622230626598,0.15971485485307668,20
CHN,China,中国,2005,13.6,6.54,6.11,2.15,0.3453,2.82,6.45,0.9193,1.275,0.1435,2.88,3.12,0.34,0.542,5.85,6593.0,0.3200000000000003,0.3799999999999999,5.89,0.0807,0.15386652078774615,0.1843864353312303,0.20796437659033076,0.5283081201334816,0.09275292835739582,0.8910369393139841,0.9057475149105371,0.1961537948512739,0.852171552660152,0.4783043478260869,0.052179487179487234,0.011907103825136621,0.17580891719745226,0.471356495468278,0.2827882352941177,0.15386652078774615,0.1843864353312303,0.5283081201334816,0.20796437659033076,0.09275292835739582,0.8910369393139841,0.9057475149105371,0.1961537948512739,0.852171552660152,0.4783043478260869,0.052179487179487234,0.011907103825136621,0.17580891719745226,0.471356495468278,0.2827882352941177,0.1654162105560592,0.33146533582136317,0.33530756115783916,0.6763912034539046,0.04822297887415024,0.3842326205775065,0.21843492982782517,0.4138755091829545,0.09970641561569799,0.22292637222499176,0.26099260730623874,0.0475741583030842,0.6580553448461193,0.21032320287531303,0.14449772103712738,0.30065397709216823,0.15615625605504085,19
CHN,China,中国,2006,13.7,6.03,5.61,2.15,0.3503,2.68,6.19,0.9244,1.332,0.1298,2.86,3.12,0.35,0.554,5.87,6847.0,0.3400000000000003,0.3799999999999999,6.39,0.0756,0.15823413566739605,0.1442460567823344,0.20796437659033076,0.5838142380422692,0.09954944156905476,0.8726042216358839,0.8799542743538767,0.18936467920501543,0.8830542888165038,0.4200238704177323,0.062415384615384685,0.011907103825136621,0.1917006369426751,0.4894471299093656,0.28865882352941197,0.15823413566739605,0.1442460567823344,0.5838142380422692,0.20796437659033076,0.09954944156905476,0.8726042216358839,0.8799542743538767,0.18936467920501543,0.8830542888165038,0.4200238704177323,0.062415384615384685,0.011907103825136621,0.1917006369426751,0.4894471299093656,0.28865882352941197,0.15248309113211037,0.348443057125579,0.33588514539596553,0.6559972692242912,0.053167417927220566,0.39625741913678403,0.21221972069028752,0.4105860291246307,0.10738947330741071,0.2252609453469076,0.2601171698491618,0.04603929397583677,0.6580553448461193,0.21223514876732605,0.15015626860496176,0.29944698162133876,0.149290713016377,20
CHN,China,中国,2007,13.8,6.59,5.85,2.1,0.3552,2.9,6.69,0.8584,1.427,0.1388,2.84,3.11,0.36,0.566,5.89,7100.0,0.3600000000000003,0.3900000000000001,6.15,0.14159999999999995,0.16260175054704598,0.1883217665615142,0.2016157760814249,0.5571713014460513,0.10621002451648057,0.9015699208443271,0.9295566600397616,0.2772238228624783,0.9345255157437568,0.45831031543052003,0.07265128205128213,0.017360655737705056,0.20759235668789805,0.5075377643504531,0.29452941176470593,0.16260175054704598,0.1883217665615142,0.5571713014460513,0.2016157760814249,0.10621002451648057,0.9015699208443271,0.9295566600397616,0.2772238228624783,0.9345255157437568,0.45831031543052003,0.07265128205128213,0.017360655737705056,0.20759235668789805,0.5075377643504531,0.29452941176470593,0.17243893735550161,0.33516342931671883,0.37777619020005176,0.7027786364822687,0.06479336843078626,0.40825591470978123,0.22494888915843692,0.4551030783113318,0.12340172561722769,0.2490378939280709,0.2865464157572321,0.05455346160988618,0.6580553448461193,0.2340528689126204,0.16872335746219055,0.330492887803674,0.16176953034148342,19
CHN,China,中国,2008,13.9,6.89,6.09,2.3,0.3602,2.02,6.37,0.8989,1.309,0.1314,2.82,3.1,0.37,0.578,5.91,7354.0,0.38000000000000034,0.3999999999999999,5.91,0.10109999999999997,0.16696936542669585,0.21193375394321765,0.2270101781170483,0.5305283648498332,0.11300653772813951,0.7857071240105541,0.8978111332007953,0.22331025743630792,0.8705928338762214,0.4268303495311167,0.08288717948717957,0.02281420765027324,0.223484076433121,0.5256283987915408,0.30040000000000017,0.16696936542669585,0.21193375394321765,0.5305283648498332,0.2270101781170483,0.11300653772813951,0.7857071240105541,0.8978111332007953,0.22331025743630792,0.8705928338762214,0.4268303495311167,0.08288717948717957,0.02281420765027324,0.223484076433121,0.5256283987915408,0.30040000000000017,0.18368010977879187,0.3470379497990198,0.3530402521245329,0.6546228637389846,0.07579325123237207,0.4202302040880339,0.23691254917757726,0.42488784592489326,0.13803219413190582,0.2544955895962768,0.28243856136280227,0.05406176324606506,0.6580553448461193,0.24164117242615174,0.18156519025205892,0.32364475220467187,0.14207956195261295,18
CHN,China,中国,2009,14.0,7.04,6.6,2.35,0.3652,2.16,6.37,0.8733,1.247,0.135,2.8,3.1,0.38,0.59,5.93,7607.0,0.40000000000000036,0.3999999999999999,5.4,0.12670000000000003,0.17133698030634573,0.2237397476340694,0.23335877862595417,0.4739121245828699,0.11980305093979847,0.8041398416886543,0.8978111332007953,0.257388955582233,0.8370010857763301,0.4421449275362319,0.09312307692307702,0.02281420765027324,0.23937579617834395,0.5437190332326283,0.3062705882352942,0.17133698030634573,0.2237397476340694,0.4739121245828699,0.23335877862595417,0.11980305093979847,0.8041398416886543,0.8978111332007953,0.257388955582233,0.8370010857763301,0.4421449275362319,0.09312307692307702,0.02281420765027324,0.23937579617834395,0.5437190332326283,0.3062705882352942,0.1906373193986877,0.3325530853393027,0.37178125285073566,0.6484275694133633,0.08106037614614864,0.43218216294069095,0.2381601779703906,0.4392984613061806,0.14561596514741842,0.26249879530041065,0.29085222745781497,0.056419489038103156,0.6580553448461193,0.24869116406187974,0.18893512448301206,0.33404188159314924,0.14510675711013718,18
CHN,China,中国,2010,14.1,7.33,5.26,2.92,0.3702,1.96,6.29,0.8943,1.528,0.1448,2.78,3.1,0.39,0.602,5.95,7861.0,0.4200000000000004,0.3999999999999999,6.74,0.10570000000000002,0.17570459518599563,0.2465646687697161,0.30573282442748084,0.6226685205784206,0.12659956415145737,0.7778073878627969,0.8898747514910539,0.22943377350940386,0.9892475570032573,0.4838346121057119,0.10335897435897447,0.02281420765027324,0.2552675159235669,0.561809667673716,0.3121411764705884,0.17570459518599563,0.2465646687697161,0.6226685205784206,0.30573282442748084,0.12659956415145737,0.7778073878627969,0.8898747514910539,0.22943377350940386,0.9892475570032573,0.4838346121057119,0.10335897435897447,0.02281420765027324,0.2552675159235669,0.561809667673716,0.3121411764705884,0.20120659416646186,0.4363143425083818,0.365520189250076,0.7431248172684065,0.08615878364244417,0.44411347469202256,0.27422378542744263,0.4522270003694281,0.1529563797624445,0.2811540932503703,0.3090448497047374,0.06714048252842696,0.6580553448461193,0.26865124809814867,0.20229870468614092,0.3533163455023303,0.1510176408161894,19
CHN,China,中国,2011,14.2,6.5,5.84,2.75,0.3752,2.05,6.67,0.8802,1.442,0.1321,2.76,3.09,0.4,0.614,5.97,8114.0,0.4400000000000004,0.41000000000000014,6.16,0.11980000000000002,0.1800722100656455,0.18123817034700318,0.284147582697201,0.558281423804227,0.1333960773631163,0.7896569920844327,0.9275725646123262,0.24820368147258914,0.9426525515743757,0.42980818414322247,0.1135948717948719,0.028267759562841676,0.2711592356687898,0.5799003021148036,0.31801176470588244,0.1800722100656455,0.18123817034700318,0.558281423804227,0.284147582697201,0.1333960773631163,0.7896569920844327,0.9275725646123262,0.24820368147258914,0.9426525515743757,0.42980818414322247,0.1135948717948719,0.028267759562841676,0.2711592356687898,0.5799003021148036,0.31801176470588244,0.1805376913481118,0.398289237914763,0.38256140735921484,0.6885268182421344,0.09716239854131928,0.45602565492229885,0.24775370589295942,0.45631744036838545,0.1669245039047874,0.28097579142563295,0.3069304390866783,0.061674675787049424,0.6580553448461193,0.265805439947396,0.20903413400794685,0.35131612269845003,0.14228198869050318,19
CHN,China,中国,2012,14.3,6.0,5.61,1.65,0.3801,1.75,6.37,0.866,1.477,0.1465,2.74,3.08,0.41,0.626,5.99,8368.0,0.45999999999999996,0.41999999999999993,6.39,0.134,0.18443982494529543,0.14188485804416404,0.1444783715012722,0.5838142380422692,0.1400566603105421,0.7501583113456464,0.8978111332007953,0.2671067093504069,0.961615635179153,0.49106649616368275,0.12383076923076913,0.03372131147540987,0.28705095541401265,0.5979909365558913,0.3238823529411767,0.18443982494529543,0.14188485804416404,0.5838142380422692,0.1444783715012722,0.1400566603105421,0.7501583113456464,0.8978111332007953,0.2671067093504069,0.961615635179153,0.49106649616368275,0.12383076923076913,0.03372131147540987,0.28705095541401265,0.5979909365558913,0.3238823529411767,0.1660684915347144,0.29042818453380714,0.38575589120017134,0.7349487092128597,0.10786746297434494,0.4679200720917841,0.20767673553969204,0.4680539412019416,0.18027640466370734,0.27549668891821893,0.30360751854179646,0.0534168567217718,0.6580553448461193,0.2568388308926751,0.20697346133264927,0.34928262484465,0.14230916351200074,18
CHN,China,中国,2013,14.4,6.99,6.34,2.12,0.3851,1.89,6.1,0.8775,1.472,0.1411,2.72,3.08,0.42,0.638,6.01,8622.0,0.48,0.41999999999999993,5.66,0.12250000000000005,0.1888074398249453,0.2198044164037855,0.20415521628498726,0.5027753058954394,0.14685317352220106,0.7685910290237468,0.8710258449304176,0.25179791916766725,0.9589066232356135,0.4680946291560102,0.13406666666666658,0.03372131147540987,0.3029426751592356,0.6160815709969788,0.3297529411764707,0.1888074398249453,0.2198044164037855,0.5027753058954394,0.20415521628498726,0.14685317352220106,0.7685910290237468,0.8710258449304176,0.25179791916766725,0.9589066232356135,0.4680946291560102,0.13406666666666658,0.03372131147540987,0.3029426751592356,0.6160815709969788,0.3297529411764707,0.2006439309104814,0.3203813373432261,0.38610641415113195,0.7197791368412246,0.11316387191414733,0.4797979652264986,0.24194825855407243,0.46543033732504996,0.1876205953222392,0.29123447143775455,0.31504279109291344,0.06213382214749471,0.6580553448461193,0.2739883872110708,0.2229145245071009,0.3596973969383269,0.13678287243122603,18
CHN,China,中国,2014,14.5,7.34,6.12,2.66,0.3901,2.01,6.55,0.8757,1.335,0.1513,2.7,3.08,0.43,0.65,6.03,8875.0,0.5,0.41999999999999993,5.88,0.12429999999999997,0.1931750547045952,0.24735173501577287,0.27272010178117045,0.527197997775306,0.15364968673386,0.7843905013192611,0.9156679920477138,0.25419407763105245,0.8846796959826275,0.5114859335038362,0.144302564102564,0.03372131147540987,0.3188343949044586,0.6341722054380665,0.3356235294117649,0.1931750547045952,0.24735173501577287,0.527197997775306,0.27272010178117045,0.15364968673386,0.7843905013192611,0.9156679920477138,0.25419407763105245,0.8846796959826275,0.5114859335038362,0.144302564102564,0.03372131147540987,0.3188343949044586,0.6341722054380665,0.3356235294117649,0.21325371754672529,0.37918002533375983,0.39908019809175727,0.7105671302931799,0.11834516130694105,0.4916604590793079,0.26845787424354,0.47448628046497754,0.1948187164410351,0.3062256119562492,0.3287774893913636,0.07056331647767787,0.6580553448461193,0.2907322617348459,0.23558939224592068,0.3744393440507552,0.1388499518048345,18
CHN,China,中国,2015,14.6,7.57,6.25,1.57,0.3951,1.77,6.69,0.8342,1.425,0.1369,2.68,3.07,0.44,0.662,6.05,9129.0,0.52,0.43000000000000016,5.75,0.16579999999999995,0.19754266958424507,0.2654542586750789,0.13432061068702286,0.5127664071190212,0.16044619994551898,0.7527915567282322,0.9295566600397616,0.3094388422035481,0.9334419109663409,0.45022762148337586,0.15453846153846146,0.0391748633879783,0.3347261146496815,0.6522628398791541,0.34149411764705895,0.19754266958424507,0.2654542586750789,0.5127664071190212,0.13432061068702286,0.16044619994551898,0.7527915567282322,0.9295566600397616,0.3094388422035481,0.9334419109663409,0.45022762148337586,0.15453846153846146,0.0391748633879783,0.3347261146496815,0.6522628398791541,0.34149411764705895,0.22232711371752548,0.2624406541373069,0.4177836576065092,0.6973089382410866,0.12909926208708727,0.50350857718195,0.2375789193650571,0.48718463515277366,0.2078752811076325,0.30420101504427194,0.32851011420291637,0.0645852366917813,0.6580553448461193,0.2857859405169527,0.236052477212427,0.3756459969104487,0.1395935196980217,18
CHN,China,中国,2016,14.7,7.01,6.32,1.81,0.4001,2.12,6.37,0.863,1.498,0.1496,2.66,3.06,0.45,0.674,6.07,9382.0,0.54,0.43999999999999995,5.68,0.137,0.20191028446389495,0.22137854889589903,0.16479389312977097,0.5049955506117908,0.1672427131571779,0.7988733509234829,0.8978111332007953,0.2711003067893825,0.9729934853420196,0.5042540494458653,0.1647743589743589,0.04462841530054648,0.35061783439490446,0.6703534743202417,0.34736470588235313,0.20191028446389495,0.22137854889589903,0.5049955506117908,0.16479389312977097,0.1672427131571779,0.7988733509234829,0.8978111332007953,0.2711003067893825,0.9729934853420196,0.5042540494458653,0.1647743589743589,0.04462841530054648,0.35061783439490446,0.6703534743202417,0.34736470588235313,0.20948323835420843,0.28847908554785956,0.4145203854181144,0.7480415428566671,0.13966561335651087,0.5153432531264162,0.23808679041448041,0.49483435112937973,0.22056773250379494,0.3117935450432796,0.3355300973272345,0.06620848941499669,0.6580553448461193,0.29262272475443507,0.24362823854480792,0.3834214526471808,0.1397932141023729,16
CHN,China,中国,2017,14.8,6.5,6.02,2.29,0.405,1.79,6.61,0.8771,1.546,0.1412,2.64,3.06,0.46,0.686,6.09,9636.0,0.56,0.43999999999999995,5.98,0.12290000000000001,0.2062778993435449,0.18123817034700318,0.22574045801526713,0.5382992213570634,0.1739032961046037,0.755424802110818,0.9216202783300201,0.25233039882619723,0.999,0.46852003410059667,0.1750102564102564,0.04462841530054648,0.3665095541401274,0.6884441087613293,0.3532352941176472,0.2062778993435449,0.18123817034700318,0.5382992213570634,0.22574045801526713,0.1739032961046037,0.755424802110818,0.9216202783300201,0.25233039882619723,0.999,0.46852003410059667,0.1750102564102564,0.04462841530054648,0.3665095541401274,0.6884441087613293,0.3532352941176472,0.19587160757466907,0.34859132630977085,0.41036666444993397,0.7379561550861728,0.14498879160189856,0.5271653403527934,0.24666613181846622,0.48936129841532877,0.22779740729218936,0.31677386094358645,0.3380835810993282,0.06811233604919625,0.6580553448461193,0.2984735883510322,0.25099511788889967,0.38487604040479145,0.1338809225158918,19
CHN,China,中国,2018,14.9,6.92,5.96,1.59,0.41,1.99,6.48,0.8616,1.433,0.1613,2.62,3.06,0.47,0.698,6.11,9889.0,0.5800000000000001,0.43999999999999995,6.04,0.13839999999999997,0.21064551422319477,0.214294952681388,0.13686005089058523,0.544959955506118,0.1806998093162626,0.7817572559366754,0.90872365805169,0.27296398559423773,0.9377763300760044,0.5540264279624892,0.1852461538461538,0.04462841530054648,0.3824012738853502,0.7065347432024168,0.3591058823529414,0.21064551422319477,0.214294952681388,0.544959955506118,0.13686005089058523,0.1806998093162626,0.7817572559366754,0.90872365805169,0.27296398559423773,0.9377763300760044,0.5540264279624892,0.1852461538461538,0.04462841530054648,0.3824012738853502,0.7065347432024168,0.3591058823529414,0.21209777173967534,0.27309933585400453,0.42382280098063085,0.7597518263691125,0.15022386061863954,0.538975620671719,0.23466586519567323,0.5049292713200206,0.23492513746835364,0.3189378354303317,0.34284900932721635,0.06713010696157316,0.6580553448461193,0.299558850257831,0.24914841025705414,0.39124635902260435,0.1420979487655502,17
CHN,China,中国,2019,15.0,6.9,5.67,1.9,0.415,1.96,6.44,0.8605,1.484,0.1379,2.6,3.05,0.48,0.71,6.13,10143.0,0.6000000000000001,0.4500000000000002,6.33,0.13949999999999996,0.21501312910284465,0.2127208201892745,0.1762213740458015,0.5771535038932147,0.18749632252792156,0.7778073878627969,0.9047554671968192,0.2744283046551954,0.9654082519001086,0.4544816709292412,0.19548205128205126,0.05008196721311492,0.3982929936305732,0.7246253776435045,0.36497647058823546,0.21501312910284465,0.2127208201892745,0.5771535038932147,0.1762213740458015,0.18749632252792156,0.7778073878627969,0.9047554671968192,0.2744283046551954,0.9654082519001086,0.4544816709292412,0.19548205128205126,0.05008196721311492,0.3982929936305732,0.7246253776435045,0.36497647058823546,0.21409325608017554,0.3189150098245787,0.4279907932499697,0.7142218843297214,0.16084514959538643,0.5507748117102341,0.2510913642427541,0.49906147367706954,0.24746062448488262,0.3290508235896718,0.34919018608911884,0.07150197480141797,0.6580553448461193,0.3108461553007852,0.26308280407649937,0.3962148784533051,0.13313207437680574,18
CHN,China,中国,2020,20.1,10.02,6.18,2.15,0.4116,-1.14,4.35,0.8539,1.219,0.148,2.58,3.04,0.49,0.722,6.15,10033.0,0.6200000000000001,0.45999999999999996,5.82,0.1461,0.4377614879649891,0.4582854889589905,0.20796437659033076,0.5205372636262514,0.18287469354399352,0.36965435356200527,0.6974174950298211,0.2832142190209418,0.8218306188925082,0.4974475703324807,0.2057179487179487,0.05553551912568311,0.4141847133757962,0.742716012084592,0.37084705882352964,0.4377614879649891,0.4582854889589905,0.5205372636262514,0.20796437659033076,0.18287469354399352,0.36965435356200527,0.6974174950298211,0.2832142190209418,0.8218306188925082,0.4974475703324807,0.2057179487179487,0.05553551912568311,0.4141847133757962,0.742716012084592,0.37084705882352964,0.44585842091133804,0.3290185519420904,0.33257627132364015,0.6723080574867376,0.17133194480572442,0.5625635734380079,0.39482654072857987,0.4107658939714464,0.2597496593767275,0.3537741925216849,0.3606792176201708,0.09319422222204157,0.6580553448461193,0.3512031939264978,0.30233334885334373,0.3900672632616201,0.08773391440827638,15
CHN,China,中国,2021,13.2,6.88,6.35,1.82,0.425,2.49,7.39,0.8457,1.448,0.1504,2.56,3.04,0.5,0.734,6.17,10650.0,0.6400000000000001,0.45999999999999996,5.65,0.1543,0.13639606126914658,0.21114668769716088,0.16606361323155214,0.5016651835372636,0.20108934895123945,0.8475883905013192,0.999,0.2941300520208084,0.9459033659066232,0.5076572890025576,0.21595384615384614,0.05553551912568311,0.4300764331210191,0.7608066465256798,0.37671764705882366,0.13639606126914658,0.21114668769716088,0.5016651835372636,0.16606361323155214,0.20108934895123945,0.8475883905013192,0.999,0.2941300520208084,0.9459033659066232,0.5076572890025576,0.21595384615384614,0.05553551912568311,0.4300764331210191,0.7608066465256798,0.37671764705882366,0.16244816380573757,0.2886318295175842,0.46415413339616335,0.7374563388960655,0.17667671740740812,0.5743425139050468,0.2044403298250661,0.5333157990646641,0.26691709940701547,0.3249949934336937,0.3547335483954901,0.06291173828118257,0.6580553448461193,0.304869133608654,0.24434868787460567,0.40509802253556754,0.16074933466096186,16
CHN,China,中国,2022,15.3,7.38,5.37,2.12,0.4299,2.24,6.5,0.7782,1.288,0.1648,2.54,3.03,0.51,0.746,6.19,10904.0,0.6600000000000001,0.4700000000000002,6.63,0.2218,0.22811597374179435,0.2505,0.20415521628498726,0.6104571746384873,0.20774993189866525,0.8146728232189973,0.9107077534791254,0.38398599439775916,0.8592149837133551,0.5689156010230179,0.22618974358974359,0.06098907103825154,0.4459681528662421,0.7788972809667674,0.3825882352941179,0.22811597374179435,0.2505,0.6104571746384873,0.20415521628498726,0.20774993189866525,0.8146728232189973,0.9107077534791254,0.38398599439775916,0.8592149837133551,0.5689156010230179,0.22618974358974359,0.06098907103825154,0.4459681528662421,0.7788972809667674,0.3825882352941179,0.23681898242074248,0.3530269345546351,0.4783171024729459,0.728585028065978,0.1871353883231876,0.5861121943008786,0.2778261003300754,0.5426817408149262,0.2790580883129631,0.3636288907443891,0.384137952918882,0.087609669302055,0.6580553448461193,0.3443405832140014,0.2931342104935341,0.4344295213666916,0.1412953108731575,17
CHN,China,中国,2023,15.4,8.2,5.93,2.08,0.4349,2.23,6.52,0.8273,1.536,0.1459,2.52,3.03,0.52,0.758,6.21,11157.0,0.6800000000000002,0.4700000000000002,6.07,0.17269999999999996,0.23248358862144422,0.3150394321766561,0.19907633587786255,0.5482903225806453,0.2145464451103242,0.8133562005277045,0.9126918489065607,0.318624116313192,0.9935819761129208,0.48851406649616363,0.23642564102564104,0.06098907103825154,0.46185987261146505,0.796987915407855,0.3884588235294119,0.23248358862144422,0.3150394321766561,0.5482903225806453,0.19907633587786255,0.2145464451103242,0.8133562005277045,0.9126918489065607,0.318624116313192,0.9935819761129208,0.48851406649616363,0.23642564102564104,0.06098907103825154,0.46185987261146505,0.796987915407855,0.3884588235294119,0.26253145582814225,0.33038103519519113,0.4653324767541974,0.7479508364624253,0.19248926093987093,0.5978731334278614,0.2878159461969126,0.5365327920879734,0.2862051153047451,0.36861769684813134,0.3868194352856867,0.09010570319675724,0.6580553448461193,0.35023571438812584,0.3014055547373509,0.4356506241736315,0.13424506943628056,16
DEU,Germany,德国,2000,17.05,7.85,3.16,4.1,0.9074,0.58,0.68,0.4005,-0.093,0.1664,1.49,2.75,0.693,0.723,7.84,24272.0,1.7100000000000002,0.75,8.84,0.5994999999999999,0.3045492341356674,0.28749211356466875,0.4555597964376589,0.8557942157953282,0.8568169436120948,0.59611345646438,0.3333359840954275,0.8867799119647858,0.11098588490770901,0.5757220801364022,0.763574358974359,0.213688524590164,0.7367866242038216,0.7442235649546828,0.8669117647058825,0.3045492341356674,0.28749211356466875,0.8557942157953282,0.4555597964376589,0.8568169436120948,0.59611345646438,0.3333359840954275,0.8867799119647858,0.11098588490770901,0.5757220801364022,0.763574358974359,0.213688524590164,0.7367866242038216,0.7442235649546828,0.8669117647058825,0.29760819187321225,0.6243920553148044,0.6222750154454829,0.2144103786562396,0.5155578626192956,0.7910647069870045,0.4002855163522947,0.45202389804185855,0.5989002889668302,0.4742221968685201,0.48056530081248083,0.12914043019667626,0.8079254882931156,0.4734708839953471,0.43352818036024426,0.5343288716389394,0.10080069127869512,8
DEU,Germany,德国,2001,17.1,8.73,2.39,3.95,0.9084,0.52,0.83,0.3777,-0.13,0.1646,1.48,2.74,0.696,0.726,7.84,25428.0,1.7200000000000002,0.7599999999999998,9.61,0.6223000000000001,0.30673304157549236,0.3567539432176657,0.4365139949109414,0.941273637374861,0.8581762462544267,0.5882137203166227,0.3482166998011929,0.9171312525010006,0.09093919652551573,0.5680647911338447,0.7686923076923079,0.21914207650273218,0.7415541401273885,0.7487462235649547,0.8669117647058825,0.30673304157549236,0.3567539432176657,0.941273637374861,0.4365139949109414,0.8581762462544267,0.5882137203166227,0.3482166998011929,0.9171312525010006,0.09093919652551573,0.5680647911338447,0.7686923076923079,0.21914207650273218,0.7415541401273885,0.7487462235649547,0.8669117647058825,0.32583958917159367,0.6409985302283098,0.6315466441733183,0.18923863928752185,0.521869126494411,0.7939455989902512,0.42711529440536955,0.439933209675613,0.6044241441592808,0.4796459448742295,0.48543511543964035,0.13464133933164318,0.8079254882931156,0.4807441823305424,0.4443829968131909,0.5389818135708703,0.0945988167576794,8
DEU,Germany,德国,2002,17.15,8.58,4.18,3.55,0.9093,0.51,0.87,0.3854,0.034,0.186,1.47,2.74,0.699,0.729,7.84,26583.0,1.7300000000000002,0.7599999999999998,7.82,0.6146,0.30891684901531724,0.3449479495268139,0.3857251908396946,0.7425617352614016,0.8593996186325252,0.5868970976253298,0.3521848906560637,0.9068810190742965,0.1797947882736156,0.6591014492753623,0.7738102564102566,0.21914207650273218,0.7463216560509555,0.7532688821752266,0.8669117647058825,0.30891684901531724,0.3449479495268139,0.7425617352614016,0.3857251908396946,0.8593996186325252,0.5868970976253298,0.3521848906560637,0.9068810190742965,0.1797947882736156,0.6591014492753623,0.7738102564102566,0.21914207650273218,0.7463216560509555,0.7532688821752266,0.8669117647058825,0.3228541586578253,0.5351866656073925,0.6318322361712277,0.30230627769051976,0.5242631560082303,0.7968195387536376,0.39518999826973755,0.5064719475546007,0.6069921305460846,0.4963852406477852,0.503243417666587,0.1436837884887447,0.8079254882931156,0.4956012105598099,0.44374639800325055,0.55168588839728,0.1079394903940295,8
DEU,Germany,德国,2003,17.2,8.72,2.79,4.41,0.9102,0.33,0.92,0.3983,-0.02,0.171,1.46,2.73,0.702,0.732,7.84,27739.0,1.7400000000000002,0.77,9.21,0.6017,0.3111006564551422,0.3559668769716089,0.49492111959287527,0.8968687430478312,0.8606229910106239,0.5631978891820579,0.3571451292246521,0.8897085500867014,0.1505374592833876,0.5952907075873828,0.7789282051282053,0.22459562841530062,0.7510891719745222,0.7577915407854985,0.8669117647058825,0.3111006564551422,0.3559668769716089,0.8968687430478312,0.49492111959287527,0.8606229910106239,0.5631978891820579,0.3571451292246521,0.8897085500867014,0.1505374592833876,0.5952907075873828,0.7789282051282053,0.22459562841530062,0.7510891719745222,0.7577915407854985,0.8669117647058825,0.3283253318247657,0.6662426603251156,0.6254172757328097,0.260902590042142,0.5305506023694775,0.7996865846459136,0.4357482084117582,0.4811299902159341,0.6124834547471407,0.5021158872244956,0.5069214950340433,0.1510984009286559,0.8079254882931156,0.5014721644215321,0.4656591483738894,0.555763196372805,0.09010404799891564,7
DEU,Germany,德国,2004,17.25,7.96,3.14,5.52,0.9111,0.49,0.86,0.3743,0.065,0.1796,1.45,2.72,0.705,0.735,7.84,28895.0,1.7500000000000002,0.7799999999999998,8.86,0.6256999999999999,0.31328446389496717,0.2961498422712934,0.6358600508905852,0.8580144605116796,0.8618463633887224,0.584263852242744,0.351192842942346,0.921657329598506,0.19659066232356132,0.6318755328218244,0.784046153846154,0.2300491803278688,0.7558566878980891,0.7623141993957703,0.8669117647058825,0.31328446389496717,0.2961498422712934,0.8580144605116796,0.6358600508905852,0.8618463633887224,0.584263852242744,0.351192842942346,0.921657329598506,0.19659066232356132,0.6318755328218244,0.784046153846154,0.2300491803278688,0.7558566878980891,0.7623141993957703,0.8669117647058825,0.30631475516178985,0.7386319235761575,0.6332592189024348,0.31361032112018006,0.5368027061899688,0.802546794200755,0.4355840613350642,0.5128899258725067,0.6179369718016293,0.5164336299128978,0.5212122802900108,0.16164724210922196,0.8079254882931156,0.5157207209048045,0.4741399979716372,0.5663612880548984,0.09222129008326119,7
DEU,Germany,德国,2005,17.3,8.96,2.55,4.89,0.912,0.5,0.87,0.3912,0.024,0.1837,1.44,2.71,0.708,0.738,7.84,30051.0,1.7600000000000002,0.79,9.45,0.6088,0.31546827133479216,0.37485646687697166,0.5558676844783713,0.923511679644049,0.8630697357668212,0.5855804749340369,0.3521848906560637,0.8991600640256103,0.17437676438653638,0.6493171355498721,0.7891641025641026,0.23550273224043722,0.760624203821656,0.7668368580060423,0.8669117647058825,0.31546827133479216,0.37485646687697166,0.923511679644049,0.5558676844783713,0.8630697357668212,0.5855804749340369,0.3521848906560637,0.8991600640256103,0.17437676438653638,0.6493171355498721,0.7891641025641026,0.23550273224043722,0.760624203821656,0.7668368580060423,0.8669117647058825,0.3380021124993753,0.716484681589543,0.6312050941778992,0.2950366135923488,0.5430211636460626,0.8054002241335902,0.4564933051381231,0.5024375867967046,0.6233543616164393,0.5208152267881277,0.5249293347450505,0.1666074320271418,0.8079254882931156,0.5201247364537367,0.48578536489409835,0.5709112151884504,0.0851258502943521,7
DEU,Germany,德国,2006,17.35,9.03,2.81,4.79,0.913,0.39,0.33,0.3559,0.074,0.1947,1.43,2.7,0.711,0.741,7.84,31207.0,1.7700000000000002,0.7999999999999998,9.19,0.6441,0.3176520787746171,0.3803659305993691,0.5431704834605597,0.8946484983314795,0.8644290384091529,0.5710976253298153,0.2986143141153082,0.9461513938908898,0.20146688382193267,0.6961116794543905,0.7942820512820514,0.24095628415300543,0.7653917197452229,0.7713595166163142,0.8669117647058825,0.3176520787746171,0.3803659305993691,0.8946484983314795,0.5431704834605597,0.8644290384091529,0.5710976253298153,0.2986143141153082,0.9461513938908898,0.20146688382193267,0.6961116794543905,0.7942820512820514,0.24095628415300543,0.7653917197452229,0.7713595166163142,0.8669117647058825,0.34139068353952684,0.6970987429094773,0.6083677377746943,0.3308215328667554,0.5492075571329494,0.8082469303579876,0.4542225791153116,0.506750812152047,0.6287371907773394,0.5231655545580333,0.5275882558286141,0.1678581664407309,0.8079254882931156,0.522538644754956,0.48602615237669683,0.5745475172495218,0.08852136487282497,8
DEU,Germany,德国,2007,17.4,9.37,3.12,4.32,0.9139,0.57,1.21,0.4161,0.326,0.1918,1.42,2.7,0.714,0.744,7.84,32362.0,1.7800000000000002,0.7999999999999998,8.879999999999999,0.5839,0.319835886214442,0.4071261829652997,0.4834936386768447,0.8602347052280311,0.8656524107872516,0.5947968337730871,0.38591451292246526,0.8660132052821129,0.33800108577633003,0.6837749360613811,0.7994000000000001,0.24095628415300543,0.7701592356687897,0.7758821752265861,0.8669117647058825,0.319835886214442,0.4071261829652997,0.8602347052280311,0.4834936386768447,0.8656524107872516,0.5947968337730871,0.38591451292246526,0.8660132052821129,0.33800108577633003,0.6837749360613811,0.7994000000000001,0.24095628415300543,0.7701592356687897,0.7758821752265861,0.8669117647058825,0.35224750682407124,0.6449170549355969,0.6440549249402565,0.44803931880457903,0.5516470411008102,0.8110869680016229,0.4486527164061162,0.5776182046773494,0.6313256560719599,0.5499275420594223,0.5550407936143626,0.18934378197692142,0.8079254882931156,0.5486189166184035,0.4980917211907621,0.5947049623508385,0.09661324116007636,6
DEU,Germany,德国,2008,17.45,8.89,3.01,4.88,0.9148,0.21,0.72,0.3539,0.026,0.1701,1.41,2.69,0.717,0.747,7.84,33518.0,1.7900000000000003,0.81,8.99,0.6461,0.3220196936542669,0.3693470031545742,0.5545979643765901,0.8724460511679645,0.8668757831653502,0.5473984168865436,0.33730417495029824,0.9488137921835401,0.17546036916395222,0.5914620630861039,0.8045179487179489,0.24640983606557385,0.7749267515923567,0.780404833836858,0.8669117647058825,0.3220196936542669,0.3693470031545742,0.8724460511679645,0.5545979643765901,0.8668757831653502,0.5473984168865436,0.33730417495029824,0.9488137921835401,0.17546036916395222,0.5914620630861039,0.8045179487179489,0.24640983606557385,0.7749267515923567,0.780404833836858,0.8669117647058825,0.34017570328532576,0.6955981627391978,0.6214476820580126,0.28528450292859475,0.5578146333343248,0.8139203914218373,0.4528614421984734,0.4920017584512521,0.6366813261391907,0.5185049409512988,0.5236635338818001,0.16343106726869866,0.8079254882931156,0.5183402006811084,0.48142602196305234,0.575710133229712,0.09428411126665964,7
DEU,Germany,德国,2009,17.5,8.71,2.91,5.12,0.9158,0.44,0.78,0.3757,0.131,0.1877,1.4,2.68,0.72,0.75,7.84,34674.0,1.8000000000000003,0.8199999999999998,9.09,0.6243000000000001,0.3242035010940919,0.3551798107255521,0.5850712468193383,0.883547274749722,0.8682350858076817,0.5776807387862796,0.34325646123260445,0.9197936507936509,0.23234961997828446,0.6663333333333333,0.8096358974358976,0.251863387978142,0.7796942675159235,0.7849274924471299,0.8669117647058825,0.3242035010940919,0.3551798107255521,0.883547274749722,0.5850712468193383,0.8682350858076817,0.5776807387862796,0.34325646123260445,0.9197936507936509,0.23234961997828446,0.6663333333333333,0.8096358974358976,0.251863387978142,0.7796942675159235,0.7849274924471299,0.8669117647058825,0.33625591209006334,0.7189840788652057,0.629007658312694,0.3541292467511441,0.5639527476013096,0.8167472542207976,0.45571116262441497,0.5294289577569091,0.6420050660257471,0.5362798920589846,0.5410864516978123,0.17766390715490524,0.8079254882931156,0.5353576142663051,0.4937728935238162,0.5880626825908067,0.09428978906699054,6
DEU,Germany,德国,2010,17.55,8.47,2.68,5.17,0.9167,0.62,0.71,0.3514,0.042,0.1998,1.39,2.67,0.723,0.753,7.84,35830.0,1.8100000000000003,0.8300000000000001,9.32,0.6486000000000001,0.32638730853391684,0.33629022082018933,0.5914198473282442,0.9090800889877644,0.8694584581857805,0.6013799472295513,0.33631212723658055,0.9521417900493532,0.184129207383279,0.7178073316283035,0.8147538461538463,0.2573169398907105,0.7844617834394905,0.7894501510574018,0.8669117647058825,0.32638730853391684,0.33629022082018933,0.9090800889877644,0.5914198473282442,0.8694584581857805,0.6013799472295513,0.33631212723658055,0.9521417900493532,0.184129207383279,0.7178073316283035,0.8147538461538463,0.2573169398907105,0.7844617834394905,0.7894501510574018,0.8669117647058825,0.33031298994260627,0.7332448482180357,0.6367776972192896,0.3173048907771003,0.5700626907478696,0.8195676092602749,0.4544174497239963,0.5166953114139928,0.647298166782093,0.531938741418279,0.5371928095174239,0.17357510719013675,0.8079254882931156,0.5312551569511076,0.490386735682864,0.5878897759354186,0.09750304025255457,8
DEU,Germany,德国,2011,17.6,8.69,2.11,6.11,0.9176,0.28,0.78,0.3673,0.25,0.1891,1.38,2.66,0.726,0.756,7.84,36986.0,1.8200000000000003,0.8399999999999999,9.89,0.6327,0.32857111597374183,0.35360567823343847,0.7107735368956741,0.9723570634037821,0.8706818305638789,0.5566147757255936,0.34325646123260445,0.9309757236227826,0.2968241042345277,0.6722890025575446,0.8198717948717951,0.26277049180327866,0.7892292993630573,0.7939728096676738,0.8669117647058825,0.32857111597374183,0.35360567823343847,0.9723570634037821,0.7107735368956741,0.8706818305638789,0.5566147757255936,0.34325646123260445,0.9309757236227826,0.2968241042345277,0.6722890025575446,0.8198717948717951,0.26277049180327866,0.7892292993630573,0.7939728096676738,0.8669117647058825,0.33836491269984115,0.8313396833310662,0.6252286616669687,0.41164410679930935,0.5761456888351953,0.8223815086760491,0.48477765971020464,0.5515485990143955,0.6525618395215511,0.5580624426865378,0.561821289375285,0.19843466430526197,0.8079254882931156,0.557190594229922,0.5195490735609232,0.6045734309458543,0.08502435738493108,6
DEU,Germany,德国,2012,17.65,7.96,2.9,4.35,0.9185,0.47,0.52,0.362,0.069,0.201,1.37,2.66,0.729,0.759,7.84,38141.0,1.83,0.8399999999999999,9.1,0.638,0.3307549234135667,0.2961498422712934,0.4873027989821882,0.8846573971078977,0.8719052029419778,0.5816306068601583,0.3174632206759444,0.9380310790983061,0.19875787187839303,0.7229121909633419,0.8249897435897436,0.26277049180327866,0.7939968152866242,0.7984954682779456,0.8669117647058825,0.3307549234135667,0.2961498422712934,0.8846573971078977,0.4873027989821882,0.8719052029419778,0.5816306068601583,0.3174632206759444,0.9380310790983061,0.19875787187839303,0.7229121909633419,0.8249897435897436,0.26277049180327866,0.7939968152866242,0.7984954682779456,0.8669117647058825,0.31645239930828767,0.6565790323723227,0.6211112475198727,0.33314156552701324,0.5786261088559349,0.8251890038919534,0.4237403680848979,0.515237212960455,0.6551676091395583,0.5222020426146923,0.5297672783515188,0.16234499388523185,0.8079254882931156,0.5212322395901579,0.46983221844892964,0.586565636638375,0.11673341818944538,8
DEU,Germany,德国,2013,17.7,8.97,2.3,4.64,0.9194,0.35,0.78,0.3789,0.093,0.1803,1.36,2.65,0.732,0.762,7.84,39297.0,1.84,0.8500000000000001,9.7,0.6211,0.33293873085339165,0.37564353312302845,0.524124681933842,0.9512647385984427,0.8731285753200763,0.5658311345646438,0.34325646123260445,0.9155338135254102,0.2117611292073833,0.63485336743393,0.8301076923076923,0.2682240437158471,0.7987643312101911,0.8030181268882175,0.8669117647058825,0.33293873085339165,0.37564353312302845,0.9512647385984427,0.524124681933842,0.8731285753200763,0.5658311345646438,0.34325646123260445,0.9155338135254102,0.2117611292073833,0.63485336743393,0.8301076923076923,0.2682240437158471,0.7987643312101911,0.8030181268882175,0.8669117647058825,0.3494048737003357,0.7061029164029761,0.6262312396466833,0.32853157635614155,0.584694065637461,0.8279901456335705,0.4629611809581363,0.5160448465147954,0.660408196398302,0.537875902381553,0.5434287518128497,0.17834442621066143,0.8079254882931156,0.5371145864858302,0.4968676684149169,0.5973393503178724,0.10047168190295552,7
DEU,Germany,德国,2014,17.75,9.22,2.38,3.93,0.9204,0.2,0.84,0.4045,0.259,0.1954,1.35,2.64,0.735,0.765,7.84,40453.0,1.85,0.8599999999999999,9.620000000000001,0.5954999999999999,0.33512253829321664,0.395320189274448,0.4339745547073791,0.9423837597330369,0.8744878779624082,0.5460817941952506,0.34920874751491054,0.8814551153794851,0.301700325732899,0.699089514066496,0.835225641025641,0.27367759562841526,0.8035318471337579,0.8075407854984894,0.8669117647058825,0.33512253829321664,0.395320189274448,0.9423837597330369,0.4339745547073791,0.8744878779624082,0.5460817941952506,0.34920874751491054,0.8814551153794851,0.301700325732899,0.699089514066496,0.835225641025641,0.27367759562841526,0.8035318471337579,0.8075407854984894,0.8669117647058825,0.35801545915059246,0.6395080707024818,0.618944747230298,0.4222392317033149,0.59073707650401,0.8307849839415877,0.45152258645670645,0.5518536151189467,0.665621394242119,0.549669427748069,0.5558846402572263,0.1867343875035138,0.8079254882931156,0.5488465333419712,0.49857844540581486,0.6071544009356341,0.10857595552981925,7
DEU,Germany,德国,2015,17.8,9.32,1.88,4.58,0.9213,0.25,0.92,0.3636,0.153,0.188,1.34,2.63,0.738,0.768,7.84,41609.0,1.86,0.8700000000000001,10.120000000000001,0.6364000000000001,0.3373063457330416,0.40319085173501584,0.5165063613231552,0.9978898776418245,0.8757112503405067,0.552664907651715,0.3571451292246521,0.9359011604641858,0.2442692725298588,0.6676095481670928,0.8403435897435898,0.2791311475409837,0.8082993630573249,0.8120634441087613,0.8669117647058825,0.3373063457330416,0.40319085173501584,0.9978898776418245,0.5165063613231552,0.8757112503405067,0.552664907651715,0.3571451292246521,0.9359011604641858,0.2442692725298588,0.6676095481670928,0.8403435897435898,0.2791311475409837,0.8082993630573249,0.8120634441087613,0.8669117647058825,0.3622588255557709,0.7179251142716678,0.632092927609667,0.3651996218319908,0.5967561699029189,0.8335735681848241,0.4762588327925654,0.5361739963503731,0.6708082171726923,0.553419839622133,0.5585897135297265,0.19211494155672998,0.8079254882931156,0.5526369812147163,0.5118937094467236,0.6103240170983683,0.09843030765164462,7
DEU,Germany,德国,2016,17.85,8.77,2.97,3.85,0.9222,0.46,0.69,0.3527,0.259,0.1956,1.33,2.62,0.741,0.771,7.84,42765.0,1.87,0.8799999999999999,9.03,0.6473,0.33949015317286657,0.3599022082018927,0.4238167938931297,0.8768865406006674,0.8769346227186054,0.5803139841688655,0.33432803180914517,0.9504112311591304,0.301700325732899,0.6999403239556692,0.8454615384615386,0.2845846994535519,0.8130668789808917,0.8165861027190332,0.8669117647058825,0.33949015317286657,0.3599022082018927,0.8768865406006674,0.4238167938931297,0.8769346227186054,0.5803139841688655,0.33432803180914517,0.9504112311591304,0.301700325732899,0.6999403239556692,0.8454615384615386,0.2845846994535519,0.8130668789808917,0.8165861027190332,0.8669117647058825,0.3475122464154831,0.6096222127231032,0.6315844574780544,0.4224447070986919,0.6027523152938259,0.8363559470729398,0.43511733061953356,0.5598000923059583,0.675969621649009,0.5492540329388875,0.557246122602946,0.1839676232716815,0.8079254882931156,0.5482994599955646,0.4897225309737021,0.6124273854604724,0.12270485448677027,8
DEU,Germany,德国,2017,17.9,9.08,3.29,4.66,0.9232,0.53,0.49,0.3376,0.289,0.1999,1.32,2.62,0.744,0.774,7.84,43920.0,1.8800000000000001,0.8799999999999999,8.71,0.6624,0.3416739606126914,0.384301261829653,0.5266641221374045,0.8413626251390436,0.8782939253609371,0.5895303430079155,0.3144870775347913,0.9705123382686408,0.3179543973941368,0.71823273657289,0.8505794871794873,0.2845846994535519,0.8178343949044586,0.8211087613293052,0.8669117647058825,0.3416739606126914,0.384301261829653,0.8413626251390436,0.5266641221374045,0.8782939253609371,0.5895303430079155,0.3144870775347913,0.9705123382686408,0.3179543973941368,0.71823273657289,0.8505794871794873,0.2845846994535519,0.8178343949044586,0.8211087613293052,0.8669117647058825,0.35812600111251613,0.6656692184321553,0.62736374557304,0.4404787685600778,0.605269844757373,0.8391321686688342,0.4589072321329841,0.5642103990777763,0.6785900758374901,0.5605006961950179,0.5669333520222528,0.19594240049735398,0.8079254882931156,0.5596553913976083,0.5076639705256739,0.6189741131541586,0.11131014262848471,7
DEU,Germany,德国,2018,17.95,8.47,3.23,4.15,0.9241,0.62,1.01,0.3294,0.058,0.1764,1.31,2.61,0.747,0.777,7.84,45076.0,1.8900000000000001,0.8900000000000001,8.77,0.6706,0.3438577680525164,0.33629022082018933,0.4619083969465649,0.8480233592880979,0.8795172977390359,0.6013799472295513,0.36607355864811136,0.9814281712685073,0.19279804560260583,0.6182625745950553,0.855697435897436,0.2900382513661203,0.8226019108280255,0.8256314199395771,0.8669117647058825,0.3438577680525164,0.33629022082018933,0.8480233592880979,0.4619083969465649,0.8795172977390359,0.6013799472295513,0.36607355864811136,0.9814281712685073,0.19279804560260583,0.6182625745950553,0.855697435897436,0.2900382513661203,0.8226019108280255,0.8256314199395771,0.8669117647058825,0.34081052577889115,0.6258666874518934,0.6566354803603022,0.3072774991108246,0.6112538251259834,0.8419022804007452,0.43461081984809014,0.5228610247155783,0.6837315548783703,0.5361056140649696,0.5446471223041695,0.17264036030070734,0.8079254882931156,0.5349619208112444,0.4817326694641986,0.6069568838467838,0.12522421438258519,8
DEU,Germany,德国,2019,18.0,10.21,3.48,3.79,0.925,0.43,0.62,0.3657,0.374,0.1985,1.3,2.6,0.75,0.78,7.84,46232.0,1.9000000000000001,0.8999999999999999,8.52,0.6343,0.3460415754923414,0.47323974763406945,0.41619847328244264,0.8202703003337042,0.8807406701171343,0.5763641160949867,0.3273836978131213,0.9331056422569028,0.36400760043431046,0.7122770673486786,0.8608153846153846,0.2954918032786885,0.8273694267515924,0.830154078549849,0.8669117647058825,0.3460415754923414,0.47323974763406945,0.8202703003337042,0.41619847328244264,0.8807406701171343,0.5763641160949867,0.3273836978131213,0.9331056422569028,0.36400760043431046,0.7122770673486786,0.8608153846153846,0.2954918032786885,0.8273694267515924,0.830154078549849,0.8669117647058825,0.3922016839597152,0.5842903787311736,0.6257186137649907,0.4761303392678335,0.6172164327339713,0.8446663290740569,0.45999929536652473,0.5764784922239423,0.6888492278047009,0.5682999871854162,0.5752459538409447,0.2022495855095076,0.8079254882931156,0.567354774323374,0.5120921270828579,0.6286302143093196,0.11653808722646175,7
DEU,Germany,德国,2020,23.05,11.32,3.41,5.05,0.9074,-2.57,-1.18,0.3342,0.283,0.205,1.29,2.59,0.753,0.783,7.84,45729.0,1.9100000000000001,0.9100000000000001,8.59,0.6658,0.5666061269146608,0.5606041009463723,0.57618320610687,0.8280411568409344,0.8568169436120948,0.18137730870712404,0.1488151093439364,0.9750384153661464,0.3147035830618892,0.739928388746803,0.8659333333333334,0.3009453551912569,0.8321369426751593,0.8346767371601208,0.8669117647058825,0.5666061269146608,0.5606041009463723,0.8280411568409344,0.57618320610687,0.8568169436120948,0.18137730870712404,0.1488151093439364,0.9750384153661464,0.3147035830618892,0.739928388746803,0.8659333333333334,0.3009453551912569,0.8321369426751593,0.8346767371601208,0.8669117647058825,0.5641976436312065,0.6907267249332772,0.38501553613901296,0.4430134264546462,0.6231584916088606,0.8474243608828242,0.6117602640754474,0.4015686908228702,0.6939439069776627,0.5368780239814629,0.5523387276450811,0.188095878618614,0.8079254882931156,0.5579314771951567,0.4710913326579051,0.6303379493224598,0.1592466166645547,6
DEU,Germany,德国,2021,16.1,8.86,3.2,3.92,0.9268,0.18,1.58,0.3751,0.395,0.2175,1.28,2.58,0.756,0.786,7.84,48544.0,1.9200000000000002,0.9199999999999999,8.8,0.6249,0.2630568927789935,0.3669858044164037,0.4327048346055979,0.8513537263626253,0.8831874148733316,0.5434485488126649,0.42262027833001997,0.9205923702814459,0.375385450597177,0.7931040068201193,0.8710512820512821,0.30639890710382517,0.8369044585987262,0.8391993957703927,0.8669117647058825,0.2630568927789935,0.3669858044164037,0.8513537263626253,0.4327048346055979,0.8831874148733316,0.5434485488126649,0.42262027833001997,0.9205923702814459,0.375385450597177,0.7931040068201193,0.8710512820512821,0.30639890710382517,0.8369044585987262,0.8391993957703927,0.8669117647058825,0.3005311669531127,0.6069471750956579,0.6560040597735893,0.5063123480457705,0.6290807816715118,0.8501764214210233,0.3981017332394378,0.6069600749804919,0.6990163615674424,0.5579669468987531,0.5719194584342608,0.18573012812674128,0.8079254882931156,0.5556135205650491,0.4735257356785693,0.6343480662455943,0.16082233056702494,7
DEU,Germany,德国,2022,18.15,9.15,3.25,4.12,0.9278,0.71,0.72,0.3723,0.287,0.2097,1.27,2.58,0.759,0.789,7.84,49699.0,1.9300000000000002,0.9199999999999999,8.75,0.6276999999999999,0.35259299781181613,0.3898107255520505,0.4580992366412213,0.8458031145717464,0.8845467175156633,0.6132295514511874,0.33730417495029824,0.9243197278911564,0.3168707926167209,0.75992242114237,0.8761692307692309,0.30639890710382517,0.841671974522293,0.8437220543806647,0.8669117647058825,0.35259299781181613,0.3898107255520505,0.8458031145717464,0.4580992366412213,0.8845467175156633,0.6132295514511874,0.33730417495029824,0.9243197278911564,0.3168707926167209,0.75992242114237,0.8761692307692309,0.30639890710382517,0.841671974522293,0.8437220543806647,0.8669117647058825,0.3670335157705709,0.622464264945454,0.6398701857297019,0.44961110506936924,0.6316321429160181,0.8529225556935356,0.45338714666632635,0.575592890879198,0.7016493133127552,0.5686210867876729,0.5767480943454036,0.2009984059876767,0.8079254882931156,0.5676431968396685,0.5083949898971933,0.6345246127671804,0.12612962286998708,7
DEU,Germany,德国,2023,18.2,7.94,2.56,4.52,0.9287,0.52,0.57,0.3333,0.245,0.2076,1.26,2.57,0.762,0.792,7.84,50855.0,1.9400000000000002,0.9300000000000002,9.44,0.6667000000000001,0.3547768052516411,0.29457570977917985,0.5088880407124681,0.9224015572858733,0.885770089893762,0.5882137203166227,0.3224234592445328,0.9762364945978392,0.29411509229098803,0.7509889173060528,0.8812871794871796,0.3118524590163936,0.8464394904458599,0.8482447129909366,0.8669117647058825,0.3547768052516411,0.29457570977917985,0.9224015572858733,0.5088880407124681,0.885770089893762,0.5882137203166227,0.3224234592445328,0.9762364945978392,0.29411509229098803,0.7509889173060528,0.8812871794871796,0.3118524590163936,0.8464394904458599,0.8482447129909366,0.8669117647058825,0.32934562923899835,0.6851270840051045,0.6332828937564846,0.427921194842684,0.6375445064529561,0.8556628081268723,0.44146837405651024,0.563024857282246,0.7067043419059271,0.5603407855676267,0.5696617577016296,0.1921893626891865,0.8079254882931156,0.5593238250728367,0.49783751346384864,0.6321577145095528,0.1343202010457042,8
EUU,European Union,欧盟,2000,19.62,9.08,3.42,5.18,0.8535,0.29,0.36,0.4502,0.168,0.1458,1.5,2.64,0.663,0.693,7.73,18315.0,1.7000000000000002,0.8599999999999999,8.58,0.5498000000000001,0.4167969365426696,0.384301261829653,0.5926895674300253,0.8269310344827587,0.7835505311904115,0.5579313984168864,0.3015904572564613,0.8206193143924237,0.25239630836047766,0.4880886615515772,0.7584564102564103,0.27367759562841526,0.689111464968153,0.6989969788519637,0.8346235294117651,0.4167969365426696,0.384301261829653,0.8269310344827587,0.5926895674300253,0.7835505311904115,0.5579313984168864,0.3015904572564613,0.8206193143924237,0.25239630836047766,0.4880886615515772,0.7584564102564103,0.27367759562841526,0.689111464968153,0.6989969788519637,0.8346235294117651,0.4034813220040874,0.7000809932586726,0.572200258017068,0.32858617483616953,0.5427887863499398,0.750380308609163,0.5029830799249054,0.4844828636748825,0.607936982509507,0.524487267914352,0.5270691642002767,0.17505434731060568,0.7829916225994585,0.526790746129811,0.5007131401228381,0.5655369868571655,0.0648238467343274,5
EUU,European Union,欧盟,2001,19.64,9.47,3.2,4.46,0.8543,0.13,0.56,0.484,0.041,0.1562,1.49,2.64,0.666,0.696,7.73,19187.0,1.7100000000000002,0.8599999999999999,8.8,0.516,0.4176704595185996,0.41499684542586757,0.5012697201017811,0.8513537263626253,0.7846379733042769,0.5368654353562006,0.32143141153081517,0.7756247832466321,0.1835874049945711,0.5323307757885762,0.763574358974359,0.27367759562841526,0.6938789808917198,0.7035196374622356,0.8346235294117651,0.4176704595185996,0.41499684542586757,0.8513537263626253,0.5012697201017811,0.7846379733042769,0.5368654353562006,0.32143141153081517,0.7756247832466321,0.1835874049945711,0.5323307757885762,0.763574358974359,0.27367759562841526,0.6938789808917198,0.7035196374622356,0.8346235294117651,0.4165989531032533,0.6532670542139727,0.5695994641560282,0.28104661560382715,0.5453777649822144,0.7532896220958614,0.49873196833344957,0.4608209430946976,0.61064671140372,0.5134640620861141,0.5171419811590299,0.16541950696435012,0.7829916225994585,0.5174202512151207,0.4850135728562319,0.5620066537047268,0.07699308084849488,6
EUU,European Union,欧盟,2002,19.66,9.16,3.22,5.05,0.8552,0.5,0.64,0.4612,-0.083,0.1405,1.49,2.64,0.669,0.699,7.73,20059.0,1.7100000000000002,0.8599999999999999,8.78,0.5388,0.41854398249452957,0.3905977917981073,0.57618320610687,0.8491334816462736,0.7858613456823752,0.5855804749340369,0.3293677932405567,0.8059761237828464,0.11640390879478825,0.46554219948849107,0.763574358974359,0.27367759562841526,0.6986464968152868,0.7080422960725075,0.8346235294117651,0.41854398249452957,0.3905977917981073,0.8491334816462736,0.57618320610687,0.7858613456823752,0.5855804749340369,0.3293677932405567,0.8059761237828464,0.11640390879478825,0.46554219948849107,0.763574358974359,0.27367759562841526,0.6986464968152868,0.7080422960725075,0.8346235294117651,0.4071332526763621,0.6994686925571715,0.5904527409203977,0.20265819024095433,0.5464992294471385,0.7561914639859607,0.5055327051047639,0.42840925863772716,0.6122860006278068,0.501134861277987,0.5067093151748621,0.15606594118747516,0.7829916225994585,0.5087100662362914,0.46480054587407416,0.5585782715389883,0.09377772566491416,7
EUU,European Union,欧盟,2003,19.68,10.01,2.87,4.41,0.8561,0.24,0.69,0.4488,-0.016,0.1552,1.48,2.63,0.672,0.702,7.73,20932.0,1.7200000000000002,0.8700000000000001,9.129999999999999,0.5512,0.4194175054704595,0.4574984227129337,0.49492111959287527,0.887987764182425,0.7870847180604741,0.5513482849604222,0.33432803180914517,0.822482993197279,0.15270466883821932,0.528076726342711,0.7686923076923079,0.2791311475409837,0.7034140127388536,0.7125649546827794,0.8346235294117651,0.4194175054704595,0.4574984227129337,0.887987764182425,0.49492111959287527,0.7870847180604741,0.5513482849604222,0.33432803180914517,0.822482993197279,0.15270466883821932,0.528076726342711,0.7686923076923079,0.2791311475409837,0.7034140127388536,0.7125649546827794,0.8346235294117651,0.4342539446855954,0.6629358177334664,0.5864507341772125,0.2508361927283685,0.552340398638404,0.7590859010104062,0.51432171033519,0.45454735410889424,0.6173568192249941,0.5170862454311591,0.521322500511613,0.16908453015519176,0.7829916225994585,0.5229823164007723,0.4854306962954063,0.5685391337826124,0.08310843748720614,6
EUU,European Union,欧盟,2004,19.7,9.29,3.35,4.44,0.857,0.21,0.75,0.4571,0.046,0.1421,1.47,2.62,0.675,0.705,7.74,21804.0,1.7300000000000002,0.8799999999999999,8.65,0.5428999999999999,0.4202910284463895,0.40082965299684536,0.4987302798982188,0.834701890989989,0.7883080904385725,0.5473984168865436,0.3402803180914513,0.8114340402827798,0.18629641693811072,0.4723486786018755,0.7738102564102566,0.2845846994535519,0.7081815286624205,0.7170876132930514,0.837558823529412,0.4202910284463895,0.40082965299684536,0.834701890989989,0.4987302798982188,0.7883080904385725,0.5473984168865436,0.3402803180914513,0.8114340402827798,0.18629641693811072,0.4723486786018755,0.7738102564102566,0.2845846994535519,0.7081815286624205,0.7170876132930514,0.837558823529412,0.412395586598368,0.6452062520814641,0.5866708791415651,0.2702886338549441,0.558162474352697,0.7630437856088695,0.4932508384459466,0.4649695439085137,0.6227112671576233,0.5166258937128694,0.5207764492444764,0.16652036128357062,0.7829916225994585,0.5199433780688992,0.486985275334602,0.5685591297636631,0.08157385442906107,6
EUU,European Union,欧盟,2005,19.72,9.8,3.17,4.98,0.8578,0.07,0.72,0.4384,0.012,0.1338,1.46,2.62,0.678,0.708,7.74,22676.0,1.7400000000000002,0.8799999999999999,8.83,0.5616,0.4211645514223194,0.44097003154574144,0.5672951653944021,0.8546840934371525,0.7893955325524381,0.5289656992084433,0.33730417495029824,0.836327464319061,0.16787513572204124,0.4370400682011935,0.7789282051282053,0.2845846994535519,0.7129490445859873,0.7216102719033233,0.837558823529412,0.4211645514223194,0.44097003154574144,0.8546840934371525,0.5672951653944021,0.7893955325524381,0.5289656992084433,0.33730417495029824,0.836327464319061,0.16787513572204124,0.4370400682011935,0.7789282051282053,0.2845846994535519,0.7129490445859873,0.7216102719033233,0.837558823529412,0.42897770010302305,0.696317567024123,0.5841521480160176,0.2461502766334019,0.560763817265523,0.7659276560188988,0.5206954355655494,0.45074226535635586,0.6254213492941879,0.5192760051637021,0.5241319416004635,0.17074282367692661,0.7829916225994585,0.5260638766184909,0.48492672921457347,0.5739026597740807,0.08897593055950725,8
EUU,European Union,欧盟,2006,19.74,9.92,3.01,4.56,0.8587,0.28,0.76,0.4471,0.092,0.1369,1.45,2.62,0.681,0.711,7.74,23548.0,1.7500000000000002,0.8799999999999999,8.99,0.5529,0.42203807439824936,0.45041482649842274,0.5139669211195927,0.8724460511679645,0.7906189049305367,0.5566147757255936,0.341272365805169,0.8247460317460317,0.21121932681867536,0.45022762148337586,0.784046153846154,0.2845846994535519,0.7177165605095542,0.7261329305135951,0.837558823529412,0.42203807439824936,0.45041482649842274,0.8724460511679645,0.5139669211195927,0.7906189049305367,0.5566147757255936,0.341272365805169,0.8247460317460317,0.21121932681867536,0.45022762148337586,0.784046153846154,0.2845846994535519,0.7177165605095542,0.7261329305135951,0.837558823529412,0.43316768577932685,0.6696330418682649,0.5919951774294369,0.2858992701417954,0.5633599973440926,0.7688043056180642,0.5156183687107595,0.4758681432965641,0.6281255163381979,0.5297940760389475,0.5334704228333129,0.17885481411758702,0.7829916225994585,0.5338939417815955,0.5007922166555063,0.5790597664012511,0.07826754974574479,6
EUU,European Union,欧盟,2007,19.76,9.86,4.16,4.92,0.8596,0.34,1.1,0.4607,0.034,0.1637,1.45,2.61,0.684,0.714,7.74,24420.0,1.7500000000000002,0.8900000000000001,7.84,0.5393,0.4229115973741795,0.44569242902208195,0.559676844783715,0.7447819799777531,0.7918422773086354,0.564514511873351,0.37500198807157065,0.8066417233560091,0.1797947882736156,0.564236146632566,0.784046153846154,0.2900382513661203,0.7224840764331211,0.730655589123867,0.837558823529412,0.4229115973741795,0.44569242902208195,0.7447819799777531,0.559676844783715,0.7918422773086354,0.564514511873351,0.37500198807157065,0.8066417233560091,0.1797947882736156,0.564236146632566,0.784046153846154,0.2900382513661203,0.7224840764331211,0.730655589123867,0.837558823529412,0.4318807626518045,0.6456293275601077,0.6058357710151832,0.2840865163070429,0.5677036922623812,0.771673797292721,0.5072378063913016,0.48270703126231185,0.6320929275248355,0.5312160815631499,0.5348820326797659,0.17899407101106124,0.7829916225994585,0.5341893313885138,0.5030019145347305,0.5806388305361582,0.07763691600142764,7
EUU,European Union,欧盟,2008,19.78,10.85,3.64,3.81,0.8604,0.07,0.55,0.443,0.127,0.1644,1.44,2.6,0.687,0.717,7.74,25292.0,1.7600000000000002,0.8999999999999999,8.36,0.5569999999999999,0.42378512035010946,0.5236119873817034,0.41873791348600503,0.8025083426028922,0.7929297194225007,0.5289656992084433,0.3204393638170974,0.8302039482459651,0.23018241042345275,0.5672139812446717,0.7891641025641026,0.2954918032786885,0.727251592356688,0.7351782477341389,0.837558823529412,0.42378512035010946,0.5236119873817034,0.8025083426028922,0.41873791348600503,0.7929297194225007,0.5289656992084433,0.3204393638170974,0.8302039482459651,0.23018241042345275,0.5672139812446717,0.7891641025641026,0.2954918032786885,0.727251592356688,0.7351782477341389,0.837558823529412,0.4612020771866401,0.5796901490767694,0.5766346167935871,0.3301733765021728,0.5735033571687603,0.774536192996144,0.5053742628700628,0.4878127111574745,0.6371078815917576,0.5341325869292624,0.5378697278015359,0.18088591605312243,0.7829916225994585,0.5366575926457605,0.5052968769408354,0.5843345100517279,0.07903763311089251,6
EUU,European Union,欧盟,2009,19.8,10.01,3.69,5.08,0.8613,0.1,0.8,0.4215,0.053,0.1532,1.43,2.6,0.69,0.72,7.74,26164.0,1.7700000000000002,0.8999999999999999,8.31,0.5785,0.4246586433260394,0.4574984227129337,0.5799923664122137,0.7969577308120135,0.7941530918005992,0.5329155672823218,0.3452405566600398,0.8588247298919569,0.1900890336590662,0.5195686274509803,0.7942820512820514,0.2954918032786885,0.7320191082802547,0.7397009063444108,0.837558823529412,0.4246586433260394,0.4574984227129337,0.7969577308120135,0.5799923664122137,0.7941530918005992,0.5329155672823218,0.3452405566600398,0.8588247298919569,0.1900890336590662,0.5195686274509803,0.7942820512820514,0.2954918032786885,0.7320191082802547,0.7397009063444108,0.837558823529412,0.4375017768873815,0.6798745474160418,0.5928532859905223,0.2842047980707166,0.5761164240371681,0.7773915537680205,0.5218664838862257,0.4755021485523499,0.639816746169823,0.5344972757959559,0.5387058284377546,0.18243764849081337,0.7829916225994585,0.5393577842822326,0.50317412643554,0.5870537575265239,0.08387963109098384,7
EUU,European Union,欧盟,2010,19.82,10.27,2.45,4.85,0.8622,0.11,0.78,0.4617,0.071,0.1456,1.42,2.6,0.693,0.723,7.74,27037.0,1.7800000000000002,0.8999999999999999,9.55,0.5383,0.4255321663019694,0.4779621451104101,0.5507888040712468,0.9346129032258066,0.795376464178698,0.5342321899736147,0.34325646123260445,0.805310524209684,0.19984147665580887,0.4872378516624041,0.7994000000000001,0.2954918032786885,0.7367866242038216,0.7442235649546828,0.837558823529412,0.4255321663019694,0.4779621451104101,0.9346129032258066,0.5507888040712468,0.795376464178698,0.5342321899736147,0.34325646123260445,0.805310524209684,0.19984147665580887,0.4872378516624041,0.7994000000000001,0.2954918032786885,0.7367866242038216,0.7442235649546828,0.837558823529412,0.445776158379714,0.7174777510399175,0.5850617273664398,0.2854353685401476,0.5787244208374742,0.7802399397534193,0.539254127103899,0.4717300236008682,0.6425198333146991,0.538742716674829,0.5432241975659267,0.18739305983875953,0.7829916225994585,0.5453177104797435,0.5051287815237805,0.5922188735287979,0.08709009200501738,7
EUU,European Union,欧盟,2011,19.84,9.83,3.29,4.28,0.863,0.17,0.68,0.4408,0.157,0.157,1.41,2.59,0.696,0.726,7.74,27909.0,1.7900000000000003,0.9100000000000001,8.71,0.5591999999999999,0.4264056892778993,0.4433312302839117,0.4784147582697201,0.8413626251390436,0.7964639062925633,0.5421319261213721,0.3333359840954275,0.8331325863678805,0.24643648208469052,0.5357340153452685,0.8045179487179489,0.3009453551912569,0.7415541401273885,0.7487462235649547,0.837558823529412,0.4264056892778993,0.4433312302839117,0.8413626251390436,0.4784147582697201,0.7964639062925633,0.5421319261213721,0.3333359840954275,0.8331325863678805,0.24643648208469052,0.5357340153452685,0.8045179487179489,0.3009453551912569,0.7415541401273885,0.7487462235649547,0.837558823529412,0.4330969494769061,0.6344448730371085,0.587137000384873,0.3362038551739029,0.5845254806119333,0.7830814102212532,0.5045551364821935,0.49670487393803814,0.6475221975749804,0.5403664244979638,0.5443051497923674,0.1853006348879219,0.7829916225994585,0.5424460549284634,0.5101583337155584,0.5923613949510224,0.08220306123546395,7
EUU,European Union,欧盟,2012,19.86,11.06,3.75,4.42,0.8639,0.31,0.82,0.4411,0.235,0.1561,1.41,2.58,0.699,0.729,7.74,28781.0,1.7900000000000003,0.9199999999999999,8.25,0.5589,0.4272792122538293,0.540140378548896,0.49619083969465644,0.7902969966629589,0.7976872786706621,0.5605646437994722,0.3472246520874752,0.832733226623983,0.28869706840390874,0.5319053708439897,0.8045179487179489,0.30639890710382517,0.7463216560509555,0.7532688821752266,0.837558823529412,0.4272792122538293,0.540140378548896,0.7902969966629589,0.49619083969465644,0.7976872786706621,0.5605646437994722,0.3472246520874752,0.832733226623983,0.28869706840390874,0.5319053708439897,0.8045179487179489,0.30639890710382517,0.7463216560509555,0.7532688821752266,0.837558823529412,0.4692774830849081,0.6262093343142999,0.5983565396867423,0.36863721341888167,0.5888141955450524,0.7859160235822517,0.5266785661964991,0.5174302105640858,0.6514296576761542,0.5573970477211717,0.5604045513874303,0.20208022737400708,0.7829916225994585,0.5593206223516793,0.530547088074208,0.60337086794542,0.07282377987121202,6
EUU,European Union,欧盟,2013,19.88,10.37,3.33,4.36,0.8648,0.37,0.52,0.464,0.158,0.1826,1.4,2.58,0.702,0.732,7.74,29653.0,1.8000000000000003,0.9199999999999999,8.67,0.536,0.4281527352297592,0.4858328075709779,0.4885725190839694,0.8369221357063404,0.7989106510487606,0.5684643799472295,0.3174632206759444,0.802248766173136,0.24697828447339845,0.6446376811594202,0.8096358974358976,0.30639890710382517,0.7510891719745222,0.7577915407854985,0.837558823529412,0.4281527352297592,0.4858328075709779,0.8369221357063404,0.4885725190839694,0.7989106510487606,0.5684643799472295,0.3174632206759444,0.802248766173136,0.24697828447339845,0.6446376811594202,0.8096358974358976,0.30639890710382517,0.7510891719745222,0.7577915407854985,0.837558823529412,0.4503539426873551,0.6394506674632395,0.5830562346253975,0.3625112901755761,0.5914383969974261,0.788743837406458,0.5181496385337208,0.5055845239353327,0.6541370953055523,0.5502432225160399,0.553919829725915,0.19464719431048652,0.7829916225994585,0.552522139229258,0.5210387046815121,0.6008876755715841,0.07984897089007192,6
EUU,European Union,欧盟,2014,19.9,9.27,3.43,4.72,0.8656,0.29,0.92,0.4338,0.327,0.1756,1.39,2.58,0.705,0.735,7.74,30525.0,1.8100000000000003,0.9199999999999999,8.57,0.5662,0.4290262582056892,0.39925552050473184,0.5342824427480913,0.8258209121245831,0.7999980931626262,0.5579313984168864,0.3571451292246521,0.8424509803921569,0.33854288816503797,0.6148593350383632,0.8147538461538463,0.30639890710382517,0.7558566878980891,0.7623141993957703,0.837558823529412,0.4290262582056892,0.39925552050473184,0.8258209121245831,0.5342824427480913,0.7999980931626262,0.5579313984168864,0.3571451292246521,0.8424509803921569,0.33854288816503797,0.6148593350383632,0.8147538461538463,0.30639890710382517,0.7558566878980891,0.7623141993957703,0.837558823529412,0.4168604529843095,0.6642451461639589,0.6037984545754808,0.42981198901735823,0.5940576177370591,0.7915649084402696,0.50225674006733,0.5452654192487054,0.6568388870564176,0.5625466868835153,0.5658348558366064,0.20389455092481076,0.7829916225994585,0.5619395478272936,0.5298096923544504,0.608909826158871,0.0791001338044206,6
EUU,European Union,欧盟,2015,19.92,9.45,4.04,5.79,0.8665,0.29,0.32,0.4258,0.2,0.1739,1.38,2.57,0.708,0.738,7.75,31397.0,1.8200000000000003,0.9300000000000002,7.96,0.5742,0.4298997811816193,0.4134227129337539,0.6701424936386766,0.7581034482758622,0.8012214655407247,0.5579313984168864,0.29762226640159045,0.8531005735627586,0.2697339847991314,0.6076274509803921,0.8198717948717951,0.3118524590163936,0.760624203821656,0.7668368580060423,0.8404941176470591,0.4298997811816193,0.4134227129337539,0.7581034482758622,0.6701424936386766,0.8012214655407247,0.5579313984168864,0.29762226640159045,0.8531005735627586,0.2697339847991314,0.6076274509803921,0.8198717948717951,0.3118524590163936,0.760624203821656,0.7668368580060423,0.8404941176470591,0.42323158170278713,0.7127673780860525,0.5786119184158398,0.3732642144938016,0.5998382728816727,0.7954917111621406,0.5213459046481269,0.507313090932539,0.6621321760527032,0.5540278868928028,0.5579686605832647,0.19769187777587285,0.7829916225994585,0.5564431826102763,0.523828743731145,0.6066888065380933,0.08286006280694835,6
EUU,European Union,欧盟,2016,19.94,9.85,3.48,4.02,0.8674,0.3,0.76,0.3877,0.291,0.1743,1.37,2.56,0.711,0.741,7.75,32270.0,1.83,0.94,8.52,0.6123000000000001,0.4307733041575493,0.44490536277602527,0.4454020356234095,0.8202703003337042,0.802444837918823,0.5592480211081794,0.341272365805169,0.9038192610377486,0.31903800217155265,0.6093290707587383,0.8249897435897436,0.31730601092896177,0.7653917197452229,0.7713595166163142,0.8404941176470591,0.4307733041575493,0.44490536277602527,0.8202703003337042,0.4454020356234095,0.802444837918823,0.5592480211081794,0.341272365805169,0.9038192610377486,0.31903800217155265,0.6093290707587383,0.8249897435897436,0.31730601092896177,0.7653917197452229,0.7713595166163142,0.8404941176470591,0.4363714463532362,0.6044419422327154,0.606341466108834,0.41328173273972907,0.6056030272285892,0.7983033955120646,0.49711358549328466,0.5404754248241644,0.6670847555072624,0.5614374457498756,0.5654496722298299,0.20157146331355544,0.7829916225994585,0.5608862745617241,0.5261308185037199,0.6129941665204762,0.08686334801675633,6
EUU,European Union,欧盟,2017,19.96,10.36,2.87,5.18,0.8683,0.39,0.49,0.4277,0.224,0.1665,1.37,2.56,0.714,0.744,7.75,33142.0,1.83,0.94,9.129999999999999,0.5723,0.43164682713347924,0.4850457413249211,0.5926895674300253,0.887987764182425,0.8036682102969219,0.5710976253298153,0.3144870775347913,0.8505712951847406,0.2827372421281216,0.5761474850809889,0.8249897435897436,0.31730601092896177,0.7701592356687897,0.7758821752265861,0.8404941176470591,0.43164682713347924,0.4850457413249211,0.887987764182425,0.5926895674300253,0.8036682102969219,0.5710976253298153,0.3144870775347913,0.8505712951847406,0.2827372421281216,0.5761474850809889,0.8249897435897436,0.31730601092896177,0.7701592356687897,0.7758821752265861,0.8404941176470591,0.4522621157522281,0.7254661148781774,0.5902601599083701,0.37587485943572513,0.6067322332387554,0.8011084933220768,0.5463626199772454,0.5155175009247165,0.6687134552409585,0.5671705569257051,0.5707298229353477,0.2115693977064341,0.7829916225994585,0.5706117712666375,0.538127110997988,0.6173430625972128,0.07921595159922479,6
EUU,European Union,欧盟,2018,19.98,10.25,3.09,5.29,0.8691,0.16,0.83,0.4538,0.34,0.1646,1.36,2.55,0.717,0.747,7.75,34014.0,1.84,0.9500000000000002,8.91,0.5462,0.4325203501094092,0.47638801261829655,0.6066564885496182,0.8635650723025585,0.8047556524107873,0.5408153034300791,0.3482166998011929,0.815826997465653,0.345586319218241,0.5680647911338447,0.8301076923076923,0.3227595628415302,0.7749267515923567,0.780404833836858,0.8404941176470591,0.4325203501094092,0.47638801261829655,0.8635650723025585,0.6066564885496182,0.8047556524107873,0.5408153034300791,0.3482166998011929,0.815826997465653,0.345586319218241,0.5680647911338447,0.8301076923076923,0.3227595628415302,0.7749267515923567,0.780404833836858,0.8404941176470591,0.4495606157934935,0.7238006316639737,0.5925751937655878,0.42159269185871995,0.6124853523871083,0.8039070582807815,0.5439018519586712,0.5350425844435008,0.6736499070021471,0.5761582397692548,0.5792825614656458,0.21940711889861866,0.7829916225994585,0.5780928398736214,0.5482749020114628,0.6237992130264597,0.0755243110149969,6
EUU,European Union,欧盟,2019,20.0,10.52,3.17,5.33,0.87,-0.01,0.96,0.3788,0.163,0.1791,1.35,2.55,0.72,0.75,7.75,34886.0,1.85,0.9500000000000002,8.83,0.6212,0.43339387308533917,0.49763880126182963,0.611735368956743,0.8546840934371525,0.805979024788886,0.5184327176781003,0.3611133200795229,0.9156669334400427,0.24968729641693807,0.6297485080988917,0.835225641025641,0.3227595628415302,0.7796942675159235,0.7849274924471299,0.8404941176470591,0.43339387308533917,0.49763880126182963,0.8546840934371525,0.611735368956743,0.805979024788886,0.5184327176781003,0.3611133200795229,0.9156669334400427,0.24968729641693807,0.6297485080988917,0.835225641025641,0.3227595628415302,0.7796942675159235,0.7849274924471299,0.8404941176470591,0.45803150839262424,0.7230770977151993,0.6057990745816754,0.3614970245938078,0.615123848893321,0.8066991433309001,0.5498080005360546,0.5188734416006768,0.6763550327830249,0.5716632988919716,0.5753982866359946,0.21552665293439333,0.7829916225994585,0.5751682967861349,0.5418474340122967,0.6232651516592824,0.08141771764698569,6
EUU,European Union,欧盟,2020,25.02,12.53,3.13,5.45,0.8535,-2.93,-1.23,0.4357,0.262,0.16,1.34,2.54,0.723,0.753,7.75,34507.0,1.86,0.96,8.870000000000001,0.5643,0.6526481400437637,0.6558391167192429,0.626972010178117,0.8591245828698556,0.7835505311904115,0.13397889182058043,0.14385487077534795,0.8399217020141391,0.3033257328990228,0.5484961636828644,0.8403435897435898,0.32821311475409837,0.7844617834394905,0.7894501510574018,0.8404941176470591,0.6526481400437637,0.6558391167192429,0.8591245828698556,0.626972010178117,0.7835505311904115,0.13397889182058043,0.14385487077534795,0.8399217020141391,0.3033257328990228,0.5484961636828644,0.8403435897435898,0.32821311475409837,0.7844617834394905,0.7894501510574018,0.8404941176470591,0.6539226633926806,0.7339257910138801,0.33443221210116,0.38442798133773765,0.6208705683343365,0.8094848006838665,0.6848204069143407,0.3487066008009199,0.6812770230309455,0.5219804025473802,0.5493118693039538,0.18108533818305214,0.7829916225994585,0.551423741651003,0.43636800970471085,0.6485674306469429,0.21219942094223204,7
EUU,European Union,欧盟,2021,18.04,9.44,3.17,5.17,0.8717,0.12,2.11,0.4005,0.295,0.1617,1.33,2.54,0.726,0.756,7.75,36630.0,1.87,0.96,8.83,0.5994999999999999,0.3477886214442013,0.41263564668769714,0.5914198473282442,0.8546840934371525,0.8082898392808501,0.5355488126649075,0.47519880715705765,0.8867799119647858,0.32120521172638433,0.5557280477408354,0.8454615384615386,0.32821311475409837,0.7892292993630573,0.7939728096676738,0.8404941176470591,0.3477886214442013,0.41263564668769714,0.8546840934371525,0.5914198473282442,0.8082898392808501,0.5355488126649075,0.47519880715705765,0.8867799119647858,0.32120521172638433,0.5557280477408354,0.8454615384615386,0.32821311475409837,0.7892292993630573,0.7939728096676738,0.8404941176470591,0.3724053561994071,0.7109691526743473,0.6505068974182202,0.39995808150245205,0.6235126676716722,0.8122640818340554,0.48233619655972204,0.5621868423949238,0.6839801058565385,0.5694692368861606,0.5747696276828477,0.20604784511496715,0.7829916225994585,0.5684770143100357,0.5234807398348382,0.6254883954940237,0.10200765565918546,6
EUU,European Union,欧盟,2022,20.06,10.39,3.71,4.89,0.8726,0.18,0.87,0.4014,0.189,0.1747,1.33,2.53,0.729,0.759,7.75,37502.0,1.87,0.9700000000000002,8.29,0.5986,0.43601444201312906,0.48740694006309154,0.5558676844783713,0.7947374860956619,0.8095132116589485,0.5434485488126649,0.3521848906560637,0.8855818327330933,0.2637741585233442,0.6110306905370844,0.8454615384615386,0.33366666666666683,0.7939968152866242,0.7984954682779456,0.8404941176470591,0.43601444201312906,0.48740694006309154,0.7947374860956619,0.5558676844783713,0.8095132116589485,0.5434485488126649,0.3521848906560637,0.8855818327330933,0.2637741585233442,0.6110306905370844,0.8454615384615386,0.33366666666666683,0.7939968152866242,0.7984954682779456,0.8404941176470591,0.45588700010832495,0.6646569687922916,0.6058919890411125,0.3691174334728317,0.6277359732580448,0.8150370375726532,0.5300945631563283,0.5221869504480349,0.6878078558464943,0.5697397889312085,0.5742455058800607,0.2109511664255964,0.7829916225994585,0.571938572633576,0.5366581930209505,0.626902454119131,0.09024426109818051,6
EUU,European Union,欧盟,2023,20.08,9.79,3.0,5.73,0.8735,-0.05,0.87,0.3902,0.15,0.1843,1.32,2.53,0.732,0.762,7.75,38375.0,1.8800000000000001,0.9700000000000002,9.0,0.6098,0.436887964989059,0.4401829652996845,0.6625241730279898,0.8735561735261402,0.8107365840370474,0.5131662269129287,0.3521848906560637,0.9004912631719355,0.24264386536373503,0.6518695652173913,0.8505794871794873,0.33366666666666683,0.7987643312101911,0.8030181268882175,0.8404941176470591,0.436887964989059,0.4401829652996845,0.8735561735261402,0.6625241730279898,0.8107365840370474,0.5131662269129287,0.3521848906560637,0.9004912631719355,0.24264386536373503,0.6518695652173913,0.8505794871794873,0.33366666666666683,0.7987643312101911,0.8030181268882175,0.8404941176470591,0.43820299495079895,0.7607575707535885,0.5995384330745559,0.3602847430205795,0.630384328231733,0.8178037180011866,0.5463912276161895,0.5145951413338473,0.6905111461209935,0.5722536823580926,0.5769087686546938,0.21471757485055065,0.7829916225994585,0.5759641378609637,0.539230840349013,0.6301374688468203,0.09090662849780728,7
FRA,France,法国,2000,19.43,9.76,1.89,4.29,0.9084,0.27,0.75,0.3995,-0.024,0.1165,1.61,2.78,0.682,0.733,7.66,21259.0,1.59,0.7200000000000002,10.11,0.6005,0.40849846827133474,0.43782176656151417,0.4796844783715012,0.9967797552836485,0.8581762462544267,0.5552981530343007,0.3402803180914513,0.8881111111111112,0.1483702497285559,0.36344501278772373,0.7021589743589745,0.19732786885245918,0.7193057324840765,0.7592990936555891,0.8140764705882355,0.40849846827133474,0.43782176656151417,0.9967797552836485,0.4796844783715012,0.8581762462544267,0.5552981530343007,0.3402803180914513,0.8881111111111112,0.1483702497285559,0.36344501278772373,0.7021589743589745,0.19732786885245918,0.7193057324840765,0.7592990936555891,0.8140764705882355,0.4199844385632755,0.6914765194599956,0.6149745909404114,0.2123164197352109,0.4832866119819925,0.7807532664258011,0.512685334309384,0.4469872087097368,0.5716272585850386,0.5014263881840471,0.5040886613522215,0.16043696430551993,0.7957098766401434,0.5075450535348565,0.47516910046059596,0.539494533954078,0.06432543349348202,7
FRA,France,法国,2001,19.46,9.05,1.89,4.97,0.9093,0.64,0.6,0.406,0.04,0.1287,1.6,2.77,0.684,0.736,7.66,22272.0,1.6,0.73,10.11,0.594,0.40980875273522976,0.3819400630914827,0.5660254452926207,0.9967797552836485,0.8593996186325252,0.6040131926121372,0.32539960238568594,0.8794583166599974,0.18304560260586317,0.4153444160272805,0.7072769230769231,0.2027814207650274,0.7224840764331211,0.763821752265861,0.8140764705882355,0.40980875273522976,0.3819400630914827,0.9967797552836485,0.5660254452926207,0.8593996186325252,0.6040131926121372,0.32539960238568594,0.8794583166599974,0.18304560260586317,0.4153444160272805,0.7072769230769231,0.2027814207650274,0.7224840764331211,0.763821752265861,0.8140764705882355,0.3984252227555336,0.7511342788364119,0.6201081790578281,0.2540381436234962,0.48931973026456066,0.7835402200934978,0.5134464166393524,0.4744570463210456,0.5769746414783593,0.5151981754408341,0.5169091359637318,0.17119039293573307,0.7957098766401434,0.5189494308334553,0.4948129550745633,0.5473903938910802,0.05257743881651694,5
FRA,France,法国,2002,19.49,9.83,3.0,4.41,0.9103,0.67,0.77,0.4305,-0.012,0.1287,1.59,2.76,0.686,0.739,7.66,23284.0,1.61,0.7400000000000002,9.0,0.5695,0.4111190371991246,0.4433312302839117,0.49492111959287527,0.8735561735261402,0.8607589212748572,0.6079630606860159,0.3422644135188867,0.8468439375750301,0.15487187839305103,0.4153444160272805,0.7123948717948718,0.2082349726775958,0.7256624203821657,0.7683444108761329,0.8140764705882355,0.4111190371991246,0.4433312302839117,0.8735561735261402,0.49492111959287527,0.8607589212748572,0.6079630606860159,0.3422644135188867,0.8468439375750301,0.15487187839305103,0.4153444160272805,0.7123948717948718,0.2082349726775958,0.7256624203821657,0.7683444108761329,0.8140764705882355,0.4237130918391421,0.657526729060367,0.6245753947140376,0.2297983414730528,0.4953073866573801,0.7863205808022976,0.5051362020363105,0.46271489168728325,0.5822754746862747,0.5089633244596928,0.5113094596916888,0.16486562716465283,0.7957098766401434,0.5131271809302579,0.48557006015478915,0.5467475191875045,0.061177459032715376,5
FRA,France,法国,2003,19.52,9.68,3.41,4.96,0.9112,0.4,0.7,0.3937,-0.094,0.1273,1.58,2.76,0.688,0.742,7.67,24296.0,1.62,0.7400000000000002,8.59,0.6063000000000001,0.41242932166301965,0.4315252365930599,0.5647557251908395,0.8280411568409344,0.8619822936529556,0.5724142480211082,0.33532007952286286,0.8958320661597974,0.11044408251900108,0.40938874680306897,0.7175128205128205,0.2082349726775958,0.7288407643312101,0.7728670694864048,0.8170117647058825,0.41242932166301965,0.4315252365930599,0.8280411568409344,0.5647557251908395,0.8619822936529556,0.5724142480211082,0.33532007952286286,0.8958320661597974,0.11044408251900108,0.40938874680306897,0.7175128205128205,0.2082349726775958,0.7288407643312101,0.7728670694864048,0.8170117647058825,0.4199641319957506,0.6838428065129907,0.619280383205429,0.18652619513626584,0.49737936521059445,0.7902312608839192,0.5103990215694157,0.4320590194009841,0.5848722531230341,0.497403097865693,0.5014049901681286,0.15583222168399485,0.7957098766401434,0.504725856956528,0.46566822236762123,0.5443672269464596,0.07869900457883833,8
FRA,France,法国,2004,19.55,10.08,2.88,4.18,0.9121,0.17,0.93,0.4167,-0.074,0.1299,1.57,2.76,0.69,0.745,7.68,25309.0,1.6300000000000001,0.7400000000000002,9.120000000000001,0.5832999999999999,0.4137396061269147,0.46300788643533125,0.4657175572519083,0.8868776418242493,0.8632056660310543,0.5421319261213721,0.35813717693836983,0.8652144857943177,0.1212801302931596,0.42044927536231874,0.7226307692307693,0.2082349726775958,0.7320191082802547,0.7773897280966767,0.8199470588235296,0.4137396061269147,0.46300788643533125,0.8868776418242493,0.4657175572519083,0.8632056660310543,0.5421319261213721,0.35813717693836983,0.8652144857943177,0.1212801302931596,0.42044927536231874,0.7226307692307693,0.2082349726775958,0.7320191082802547,0.7773897280966767,0.8199470588235296,0.4327844153770699,0.642677593301433,0.617017722646156,0.1994156489910473,0.4994469970826562,0.7941409730534215,0.5069442850759311,0.4396793994126259,0.5874653761256231,0.5005381673626744,0.5041946581255167,0.15779645683054866,0.7957098766401434,0.5069966240210815,0.4706786978443917,0.5463852177634652,0.07570651991907346,8
FRA,France,法国,2005,19.58,9.67,4.02,5.46,0.913,0.33,0.97,0.3984,0.15,0.1328,1.56,2.75,0.692,0.748,7.68,26321.0,1.6400000000000001,0.75,7.98,0.6016,0.41504989059080954,0.4307381703470031,0.628241730279898,0.7603236929922137,0.8644290384091529,0.5631978891820579,0.3621053677932406,0.889575430172069,0.24264386536373503,0.4327860187553282,0.727748717948718,0.213688524590164,0.7351974522292993,0.7819123867069486,0.8199470588235296,0.41504989059080954,0.4307381703470031,0.7603236929922137,0.628241730279898,0.8644290384091529,0.5631978891820579,0.3621053677932406,0.889575430172069,0.24264386536373503,0.4327860187553282,0.727748717948718,0.213688524590164,0.7351974522292993,0.7819123867069486,0.8199470588235296,0.4212554434088425,0.6911346268696356,0.6283901305528323,0.3058376009908392,0.5054150125109601,0.7969098242337864,0.5135141041585807,0.5062998658498774,0.5927403644323921,0.533074844256195,0.5343962869172428,0.1847506426507028,0.7957098766401434,0.534421015367643,0.5155231860806752,0.5626354574781606,0.04711227139748542,5
FRA,France,法国,2006,19.61,9.62,3.37,4.93,0.914,0.25,0.71,0.4241,0.097,0.1364,1.55,2.74,0.694,0.751,7.68,27333.0,1.6500000000000001,0.7599999999999998,8.629999999999999,0.5759000000000001,0.4163601750547046,0.4268028391167192,0.5609465648854961,0.8324816462736374,0.8657883410514848,0.552664907651715,0.33631212723658055,0.8553636121115115,0.213928338762215,0.4481005967604432,0.7328666666666668,0.21914207650273218,0.7383757961783439,0.7864350453172205,0.8199470588235296,0.4163601750547046,0.4268028391167192,0.8324816462736374,0.5609465648854961,0.8657883410514848,0.552664907651715,0.33631212723658055,0.8553636121115115,0.213928338762215,0.4481005967604432,0.7328666666666668,0.21914207650273218,0.7383757961783439,0.7864350453172205,0.8199470588235296,0.4205062250617842,0.6833576807261477,0.6094734316650471,0.28754856204266926,0.5113413986022373,0.7996722766527286,0.5106492397414351,0.48649872338557787,0.597972669268284,0.5251385362667487,0.5271860620571469,0.17719355235562254,0.7957098766401434,0.5277047010562563,0.503698873012267,0.5615289234864005,0.057830050474133476,7
FRA,France,法国,2007,19.64,10.32,3.73,4.98,0.9149,0.62,0.49,0.3903,0.069,0.1389,1.54,2.74,0.696,0.754,7.69,28346.0,1.6600000000000001,0.7599999999999998,8.27,0.6097,0.4176704595185996,0.4818974763406941,0.5672951653944021,0.7925172413793103,0.8670117134295833,0.6013799472295513,0.3144870775347913,0.9003581432573029,0.19875787187839303,0.45873572037510646,0.7379846153846155,0.21914207650273218,0.7415541401273885,0.7909577039274924,0.8228823529411767,0.4176704595185996,0.4818974763406941,0.7925172413793103,0.5672951653944021,0.8670117134295833,0.6013799472295513,0.3144870775347913,0.9003581432573029,0.19875787187839303,0.45873572037510646,0.7379846153846155,0.21914207650273218,0.7415541401273885,0.7909577039274924,0.8228823529411767,0.44226453699533935,0.6705156221343327,0.6186976774088989,0.277727974172423,0.51342795843648,0.8035761820042568,0.522363508778479,0.4865425510020845,0.6005803985222549,0.5294336322836545,0.531500192591054,0.18161248695037854,0.7957098766401434,0.5331039962441129,0.5071751667619875,0.5656804853440657,0.05850531858207819,8
FRA,France,法国,2008,19.67,9.5,2.17,4.76,0.9158,0.09,0.93,0.4195,-0.153,0.1446,1.53,2.74,0.698,0.757,7.7,29358.0,1.6700000000000002,0.7599999999999998,9.83,0.5805,0.4189807439824946,0.4173580441640379,0.5393613231552162,0.9656963292547276,0.8682350858076817,0.5315989445910291,0.35813717693836983,0.8614871281846073,0.07847774158523343,0.4829838022165388,0.7431025641025643,0.21914207650273218,0.7447324840764331,0.7954803625377643,0.8258176470588238,0.4189807439824946,0.4173580441640379,0.9656963292547276,0.5393613231552162,0.8682350858076817,0.5315989445910291,0.35813717693836983,0.8614871281846073,0.07847774158523343,0.4829838022165388,0.7431025641025643,0.21914207650273218,0.7447324840764331,0.7954803625377643,0.8258176470588238,0.418330908333288,0.721705791796744,0.6145388411674491,0.16233827406346524,0.5155102738356107,0.8074791951327281,0.5203026626152732,0.4122026821028575,0.6031845802349651,0.4955143191540938,0.5019272456962145,0.15354222898781492,0.7957098766401434,0.5060984219927076,0.45530450886304985,0.5542539966532588,0.09894948779020896,8
FRA,France,法国,2009,19.7,9.98,3.42,5.23,0.9167,0.17,1.07,0.3854,0.038,0.1327,1.52,2.73,0.7,0.76,7.7,30370.0,1.6800000000000002,0.77,8.58,0.6146,0.4202910284463895,0.45513722397476347,0.5990381679389314,0.8269310344827587,0.8694584581857805,0.5421319261213721,0.37202584493041757,0.9068810190742965,0.1819619978284473,0.4323606138107417,0.7482205128205129,0.22459562841530062,0.7479108280254777,0.8000030211480362,0.8258176470588238,0.4202910284463895,0.45513722397476347,0.8269310344827587,0.5990381679389314,0.8694584581857805,0.5421319261213721,0.37202584493041757,0.9068810190742965,0.1819619978284473,0.4323606138107417,0.7482205128205129,0.22459562841530062,0.7479108280254777,0.8000030211480362,0.8258176470588238,0.4338973665658499,0.7038204685204865,0.6301649404184986,0.2572331095851366,0.5214193934061271,0.8102305976505368,0.5265225375770372,0.4816327678356737,0.6083936758786789,0.53059958697934,0.5331279711709843,0.182228625082752,0.7957098766401434,0.5350159562202981,0.5058179803495368,0.5706680165309165,0.06485003618137963,8
FRA,France,法国,2010,19.73,9.67,2.38,5.38,0.9177,0.33,0.92,0.4129,0.147,0.1354,1.51,2.72,0.702,0.763,7.7,31383.0,1.6900000000000002,0.7799999999999998,9.620000000000001,0.5871,0.42160131291028446,0.4307381703470031,0.6180839694656487,0.9423837597330369,0.8708177608281121,0.5631978891820579,0.3571451292246521,0.8702730425503534,0.24101845819761125,0.4438465473145779,0.7533384615384616,0.2300491803278688,0.7510891719745222,0.8045256797583081,0.8258176470588238,0.42160131291028446,0.4307381703470031,0.9423837597330369,0.6180839694656487,0.8708177608281121,0.5631978891820579,0.3571451292246521,0.8702730425503534,0.24101845819761125,0.4438465473145779,0.7533384615384616,0.2300491803278688,0.7510891719745222,0.8045256797583081,0.8258176470588238,0.42523256526464154,0.7631987257430122,0.6248643202463036,0.3076970416143063,0.5272902168919429,0.812975785354465,0.5373174740625274,0.505227527505924,0.6135634453621079,0.5455341404670128,0.5473552868297602,0.19580238129053137,0.7957098766401434,0.5488252779962056,0.5243716179853274,0.5800652168766451,0.05569359889131775,6
FRA,France,法国,2011,19.76,9.98,3.23,3.66,0.9186,0.26,0.86,0.4044,0.008,0.1457,1.5,2.72,0.704,0.766,7.71,32395.0,1.7000000000000002,0.7799999999999998,8.77,0.5956,0.4229115973741795,0.45513722397476347,0.3996921119592875,0.8480233592880979,0.8720411332062109,0.553981530343008,0.351192842942346,0.8815882352941178,0.16570792616720956,0.48766325660699056,0.7584564102564103,0.2300491803278688,0.7542675159235668,0.8090483383685801,0.8287529411764708,0.4229115973741795,0.45513722397476347,0.8480233592880979,0.3996921119592875,0.8720411332062109,0.553981530343008,0.351192842942346,0.8815882352941178,0.16570792616720956,0.48766325660699056,0.7584564102564103,0.2300491803278688,0.7542675159235668,0.8090483383685801,0.8287529411764708,0.4355185919305207,0.5821926205858929,0.6215477289775458,0.2551843187117728,0.5293904211317481,0.8168733265632238,0.489137205665394,0.47587000769492926,0.6161814240935868,0.5184861065143875,0.5219435920056659,0.16820537740751432,0.7957098766401434,0.5206917199117564,0.4910786010822362,0.5661960827120018,0.07511748162976561,8
FRA,France,法国,2012,19.79,11.13,3.2,4.1,0.9195,0.34,0.4,0.3794,0.208,0.1368,1.49,2.72,0.706,0.769,7.72,33408.0,1.7100000000000002,0.7799999999999998,8.8,0.6206,0.42422188183807436,0.5456498422712934,0.4555597964376589,0.8513537263626253,0.8732645055843093,0.564514511873351,0.30555864811133204,0.9148682139522477,0.2740684039087948,0.44980221653878943,0.763574358974359,0.2300491803278688,0.7574458598726114,0.813570996978852,0.8316882352941178,0.42422188183807436,0.5456498422712934,0.8513537263626253,0.4555597964376589,0.8732645055843093,0.564514511873351,0.30555864811133204,0.9148682139522477,0.2740684039087948,0.44980221653878943,0.763574358974359,0.2300491803278688,0.7574458598726114,0.813570996978852,0.8316882352941178,0.46916051386661356,0.6227700460669251,0.6078660285691407,0.3341365766958248,0.5314864787947718,0.8207700452415048,0.5254410007684782,0.507975441778331,0.6187959571112195,0.5444506422325763,0.5464612640752418,0.19324525284155192,0.7957098766401434,0.5465957847008541,0.5229703302950014,0.581265726129186,0.05829539583418464,7
FRA,France,法国,2013,19.82,10.42,2.94,4.95,0.9204,0.2,0.63,0.4077,-0.017,0.1359,1.48,2.71,0.708,0.772,7.72,34420.0,1.7200000000000002,0.79,9.06,0.5923,0.4255321663019694,0.48976813880126185,0.5634860050890583,0.8802169076751948,0.8744878779624082,0.5460817941952506,0.328375745526839,0.8771952781112446,0.15216286644951138,0.4459735720375106,0.7686923076923079,0.23550273224043722,0.760624203821656,0.818093655589124,0.8316882352941178,0.4255321663019694,0.48976813880126185,0.8802169076751948,0.5634860050890583,0.8744878779624082,0.5460817941952506,0.328375745526839,0.8771952781112446,0.15216286644951138,0.4459735720375106,0.7686923076923079,0.23550273224043722,0.760624203821656,0.818093655589124,0.8316882352941178,0.4501483351798401,0.7042655102429338,0.6089092725150438,0.23394235529189486,0.5373420667040057,0.8235046163923834,0.5384036024963991,0.45700343953179795,0.6239447864691094,0.5270405402609541,0.5315058925023717,0.1788099022319076,0.7957098766401434,0.534701987442548,0.49293032015451305,0.5785262664446349,0.08559594629012185,8
FRA,France,法国,2014,19.85,11.01,3.13,5.43,0.9214,0.19,1.0,0.3813,0.015,0.1431,1.47,2.7,0.71,0.775,7.72,35432.0,1.7300000000000002,0.7999999999999998,8.870000000000001,0.6187,0.4268424507658644,0.536205047318612,0.6244325699745547,0.8591245828698556,0.8758471806047398,0.5447651715039578,0.36508151093439367,0.9123389355742297,0.16950054288816502,0.47660272804774084,0.7738102564102566,0.24095628415300543,0.7638025477707006,0.8226163141993957,0.8316882352941178,0.4268424507658644,0.536205047318612,0.8591245828698556,0.6244325699745547,0.8758471806047398,0.5447651715039578,0.36508151093439367,0.9123389355742297,0.16950054288816502,0.47660272804774084,0.7738102564102566,0.24095628415300543,0.7638025477707006,0.8226163141993957,0.8316882352941178,0.46761983245176736,0.7324379640691361,0.6301000819570568,0.25630983183032147,0.54316227750547,0.8262331471869188,0.5595566892203786,0.4810788398531219,0.6290572259093248,0.5455653457362926,0.5490157104801597,0.19635457290384983,0.7957098766401434,0.5528330204076473,0.5144833242920309,0.590891414322929,0.0764080900308981,8
FRA,France,法国,2015,19.88,10.31,3.2,4.48,0.9223,0.16,0.8,0.3904,0.045,0.1515,1.46,2.7,0.712,0.778,7.73,36445.0,1.7400000000000002,0.7999999999999998,8.8,0.6095999999999999,0.4281527352297592,0.4811104100946373,0.5038091603053435,0.8513537263626253,0.8770705529828386,0.5408153034300791,0.3452405566600398,0.9002250233426703,0.18575461454940279,0.5123367433930093,0.7789282051282053,0.24095628415300543,0.7669808917197452,0.8271389728096676,0.8346235294117651,0.4281527352297592,0.4811104100946373,0.8513537263626253,0.5038091603053435,0.8770705529828386,0.5408153034300791,0.3452405566600398,0.9002250233426703,0.18575461454940279,0.5123367433930093,0.7789282051282053,0.24095628415300543,0.7669808917197452,0.8271389728096676,0.8346235294117651,0.4485977958130346,0.6549196943149438,0.6188327227185377,0.2787314462348092,0.5452752837629371,0.8301247073554117,0.5219026492311658,0.4871436879794233,0.6316848296448879,0.537637826150397,0.5409337188545855,0.1858063016627371,0.7957098766401434,0.5412892145701577,0.5100367658391981,0.5844464223320329,0.07440965649283482,8
FRA,France,法国,2016,19.91,9.98,2.8,4.71,0.9232,0.34,0.55,0.3919,0.2,0.1513,1.45,2.7,0.714,0.781,7.74,37457.0,1.7500000000000002,0.7999999999999998,9.2,0.6081,0.42946301969365425,0.45513722397476347,0.5330127226463104,0.8957586206896552,0.8782939253609371,0.564514511873351,0.3204393638170974,0.8982282246231826,0.2697339847991314,0.5114859335038362,0.784046153846154,0.24095628415300543,0.7701592356687897,0.8316616314199395,0.837558823529412,0.42946301969365425,0.45513722397476347,0.8957586206896552,0.5330127226463104,0.8782939253609371,0.564514511873351,0.3204393638170974,0.8982282246231826,0.2697339847991314,0.5114859335038362,0.784046153846154,0.24095628415300543,0.7701592356687897,0.8316616314199395,0.837558823529412,0.439554172091868,0.6909781047527459,0.6139380438583344,0.34841342339327164,0.5473842371195738,0.8340155092173254,0.5267361903161341,0.5179831661633034,0.6343090838586358,0.5532156852985486,0.5555068487177524,0.19978201243633772,0.7957098766401434,0.5549694423473359,0.5298043684659096,0.5930711320866628,0.06326676362075323,7
FRA,France,法国,2017,19.94,9.79,2.54,5.43,0.9241,0.33,0.73,0.4179,0.178,0.1582,1.44,2.69,0.716,0.784,7.74,38469.0,1.7600000000000002,0.81,9.46,0.5821000000000001,0.4307733041575493,0.4401829652996845,0.6244325699745547,0.9246218020022249,0.8795172977390359,0.5631978891820579,0.33829622266401593,0.8636170468187276,0.257814332247557,0.5408388746803069,0.7891641025641026,0.24640983606557385,0.7733375796178343,0.8361842900302116,0.837558823529412,0.4307733041575493,0.4401829652996845,0.9246218020022249,0.6244325699745547,0.8795172977390359,0.5631978891820579,0.33829622266401593,0.8636170468187276,0.257814332247557,0.5408388746803069,0.7891641025641026,0.24640983606557385,0.7733375796178343,0.8361842900302116,0.837558823529412,0.43451278698217266,0.7598446999741152,0.6173438109646585,0.3467459476143165,0.5531909608744061,0.8367338325296502,0.5433647644716608,0.5192450765527905,0.6394025503786069,0.5602846261544253,0.5625282250761965,0.20736440363215888,0.7957098766401434,0.5629884532007892,0.537196048749274,0.5996368018817708,0.06244075313249686,8
FRA,France,法国,2018,19.97,9.86,3.19,4.03,0.9251,0.11,0.36,0.3792,0.216,0.1446,1.43,2.68,0.718,0.787,7.74,39482.0,1.7700000000000002,0.8199999999999998,8.81,0.6208,0.43208358862144414,0.44569242902208195,0.4466717557251908,0.852463848720801,0.8808766003813675,0.5342321899736147,0.3015904572564613,0.9151344537815127,0.2784028230184582,0.4829838022165388,0.7942820512820514,0.251863387978142,0.7765159235668789,0.8407069486404835,0.837558823529412,0.43208358862144414,0.44569242902208195,0.852463848720801,0.4466717557251908,0.8808766003813675,0.5342321899736147,0.3015904572564613,0.9151344537815127,0.2784028230184582,0.4829838022165388,0.7942820512820514,0.251863387978142,0.7765159235668789,0.8407069486404835,0.837558823529412,0.4374765368322729,0.6170668715790645,0.5991815270257902,0.3470381402110024,0.5589648796931008,0.8394462811414284,0.502002351777055,0.5086324370308186,0.6444622116226366,0.5439169387853579,0.5473923438322349,0.18836411774636863,0.7957098766401434,0.5452394943349725,0.5144827806176482,0.592484059966191,0.07800127934854284,7
FRA,France,法国,2019,20.0,10.5,3.41,5.74,0.926,0.12,0.85,0.3851,0.181,0.1534,1.42,2.68,0.72,0.79,7.75,40494.0,1.7800000000000002,0.8199999999999998,8.59,0.6149,0.43339387308533917,0.4960646687697161,0.663793893129771,0.8280411568409344,0.8820999727594663,0.5355488126649075,0.35020079522862824,0.907280378818194,0.25943973941368076,0.5204194373401535,0.7994000000000001,0.251863387978142,0.7796942675159235,0.8452296072507554,0.8404941176470591,0.43339387308533917,0.4960646687697161,0.8280411568409344,0.663793893129771,0.8820999727594663,0.5355488126649075,0.35020079522862824,0.907280378818194,0.25943973941368076,0.5204194373401535,0.7994000000000001,0.251863387978142,0.7796942675159235,0.8452296072507554,0.8404941176470591,0.45745141886781404,0.7413829396277763,0.6215594783590328,0.34273882474630635,0.5610899272154019,0.8433322181306641,0.5549118799401472,0.5199084504979705,0.6470988815902038,0.5661469240982725,0.5685666086582936,0.21324793936286007,0.7957098766401434,0.5696995529685771,0.5415727168295759,0.6071147267236983,0.0655420098941224,8
FRA,France,法国,2020,25.03,12.69,2.71,5.06,0.9084,-2.51,-1.21,0.3679,0.094,0.153,1.41,2.68,0.722,0.793,7.76,40054.0,1.7900000000000003,0.8199999999999998,9.29,0.6321,0.6530849015317287,0.6684321766561515,0.5774529262086512,0.905749721913237,0.8581762462544267,0.18927704485488128,0.14583896620278333,0.9301770041349874,0.2123029315960912,0.5187178175618072,0.8045179487179489,0.251863387978142,0.7828726114649681,0.8497522658610273,0.843429411764706,0.6530849015317287,0.6684321766561515,0.905749721913237,0.5774529262086512,0.8581762462544267,0.18927704485488128,0.14583896620278333,0.9301770041349874,0.2123029315960912,0.5187178175618072,0.8045179487179489,0.251863387978142,0.7828726114649681,0.8497522658610273,0.843429411764706,0.6591810671571305,0.7232066283791035,0.3837328220171169,0.30349117082436344,0.5632110115373682,0.8472174560423786,0.6840814189557554,0.35765481944146227,0.6497322929909302,0.519682756357516,0.5432060413605906,0.18119741374977322,0.7957098766401434,0.5473458304207277,0.4404622169566879,0.6357991193858259,0.19533690242913798,8
FRA,France,法国,2021,18.06,9.55,2.76,4.56,0.9279,0.51,1.8,0.3711,0.016,0.1624,1.4,2.67,0.724,0.796,7.76,42519.0,1.8000000000000003,0.8300000000000001,9.24,0.6289,0.3486621444201312,0.4212933753943218,0.5139669211195927,0.9001991101223583,0.8846826477798964,0.5868970976253298,0.44444532803180914,0.9259171668667469,0.17004234527687295,0.558705882352941,0.8096358974358976,0.2573169398907105,0.7860509554140127,0.8542749244712992,0.843429411764706,0.3486621444201312,0.4212933753943218,0.9001991101223583,0.5139669211195927,0.8846826477798964,0.5868970976253298,0.44444532803180914,0.9259171668667469,0.17004234527687295,0.558705882352941,0.8096358974358976,0.2573169398907105,0.7860509554140127,0.8542749244712992,0.843429411764706,0.3760769622649684,0.680200385933576,0.6783373910418969,0.2736576223448021,0.5689729576559203,0.8499200837770202,0.47667325757647283,0.5166236631752659,0.6547746977637545,0.5414564365573905,0.5460838518721746,0.18306278067879866,0.7957098766401434,0.5412449897048666,0.5051069339163511,0.5965976896176829,0.0914907557013318,8
FRA,France,法国,2022,20.09,10.12,3.44,4.17,0.9288,0.14,0.85,0.3824,0.176,0.1424,1.39,2.66,0.726,0.799,7.76,43531.0,1.8100000000000003,0.8399999999999999,8.56,0.6175999999999999,0.43732472647702403,0.4661561514195583,0.4644478371501271,0.8247107897664072,0.8859060201579951,0.5381820580474934,0.35020079522862824,0.9108746165132718,0.25673072747014114,0.4736248934356351,0.8147538461538463,0.26277049180327866,0.7892292993630573,0.858797583081571,0.843429411764706,0.43732472647702403,0.4661561514195583,0.8247107897664072,0.4644478371501271,0.8859060201579951,0.5381820580474934,0.35020079522862824,0.9108746165132718,0.25673072747014114,0.4736248934356351,0.8147538461538463,0.26277049180327866,0.7892292993630573,0.858797583081571,0.843429411764706,0.44863689656318856,0.6188983297613437,0.6236193777616864,0.3279899367544677,0.574704378324709,0.8526169942899073,0.5102520014535066,0.5142826544516294,0.659785585850339,0.5528878075181661,0.5567243379718054,0.19579982947225816,0.7957098766401434,0.5544025348999091,0.5220166161737224,0.6044560576185092,0.08243944144478677,8
FRA,France,法国,2023,20.12,10.19,2.35,4.82,0.9297,0.26,0.7,0.3989,0.256,0.1573,1.38,2.66,0.728,0.802,7.77,44543.0,1.8200000000000003,0.8399999999999999,9.65,0.6011,0.43863501094091906,0.47166561514195576,0.5469796437659034,0.9457141268075641,0.8871293925360937,0.553981530343008,0.33532007952286286,0.8889098305989063,0.30007491856677526,0.537010230179028,0.8198717948717951,0.26277049180327866,0.792407643312102,0.863320241691843,0.846364705882353,0.43863501094091906,0.47166561514195576,0.9457141268075641,0.5469796437659034,0.8871293925360937,0.553981530343008,0.33532007952286286,0.8889098305989063,0.30007491856677526,0.537010230179028,0.8198717948717951,0.26277049180327866,0.792407643312102,0.863320241691843,0.846364705882353,0.45156020621836185,0.7192262343557719,0.6185949125420562,0.37873098888362305,0.5768407773124515,0.8564976427423545,0.543970822602072,0.5339292254722108,0.662430819787327,0.5728070018232149,0.575492182905704,0.21714160604779,0.7957098766401434,0.5747770094838915,0.5470807086211097,0.616761949067712,0.06968124044660229,6
GBR,United Kingdom,英国,2000,25.38,12.35,3.36,6.98,0.8123,0.48,0.8,0.432,0.029,0.1405,1.35,1.9,0.773,0.793,7.98,22223.0,1.85,1.6,8.64,0.5680000000000001,0.6683715536105032,0.6416719242902208,0.8212391857506361,0.8335917686318133,0.7275472623263416,0.5829472295514512,0.3452405566600398,0.8448471388555424,0.177085776330076,0.46554219948849107,0.835225641025641,0.67724043715847,0.8639203821656052,0.8497522658610273,0.9080058823529416,0.6683715536105032,0.6416719242902208,0.8335917686318133,0.8212391857506361,0.7275472623263416,0.5829472295514512,0.3452405566600398,0.8448471388555424,0.177085776330076,0.46554219948849107,0.835225641025641,0.67724043715847,0.8639203821656052,0.8497522658610273,0.9080058823529416,0.6575609128103842,0.8273924252249492,0.5886426877654559,0.2606716671206645,0.7922942569473629,0.8725912697967259,0.7208521698065257,0.46102489360885424,0.8195208974664323,0.6264863648600683,0.6465218776254291,0.28152196356505615,0.9115369382298375,0.6523592268111222,0.5459082941884191,0.7417807462087929,0.19587245202037373,2
GBR,United Kingdom,英国,2001,25.36,12.75,2.94,7.59,0.8131,0.47,0.46,0.4226,0.1,0.1323,1.34,1.9,0.776,0.796,7.97,23282.0,1.86,1.6,9.06,0.5774,0.6674980306345732,0.673154574132492,0.8986921119592873,0.8802169076751948,0.7286347044402072,0.5816306068601583,0.3115109343936382,0.8573604108309991,0.21555374592833879,0.43065899403239555,0.8403435897435898,0.67724043715847,0.868687898089172,0.8542749244712992,0.9050705882352942,0.6674980306345732,0.673154574132492,0.8802169076751948,0.8986921119592873,0.7286347044402072,0.5816306068601583,0.3115109343936382,0.8573604108309991,0.21555374592833879,0.43065899403239555,0.8403435897435898,0.67724043715847,0.868687898089172,0.8542749244712992,0.9050705882352942,0.6697549216950834,0.8894065390702353,0.5753283538474192,0.28430647670311776,0.7955450034467985,0.8742418171414056,0.7502217926021967,0.4656687243984548,0.8222485961767734,0.637218935934661,0.6580086063930729,0.2966286637765054,0.9115369382298375,0.6642420275514209,0.5538175370038736,0.7545711090680506,0.200753572064177,2
GBR,United Kingdom,英国,2002,25.34,12.68,3.14,8.01,0.8139,0.53,0.44,0.4358,-0.055,0.1527,1.34,1.9,0.779,0.799,7.96,24340.0,1.86,1.6,8.86,0.5642,0.6666245076586433,0.6676451104100946,0.9520203562340965,0.8580144605116796,0.7297221465540725,0.5895303430079155,0.3095268389662028,0.8397885820995066,0.13157437567861022,0.5174416027280477,0.8403435897435898,0.67724043715847,0.873455414012739,0.858797583081571,0.9021352941176473,0.6666245076586433,0.6676451104100946,0.8580144605116796,0.9520203562340965,0.7297221465540725,0.5895303430079155,0.3095268389662028,0.8397885820995066,0.13157437567861022,0.5174416027280477,0.8403435897435898,0.67724043715847,0.873455414012739,0.858797583081571,0.9021352941176473,0.6670325614069227,0.9037960125771387,0.5742253618651036,0.227534537775699,0.7968523235977317,0.8758770716646502,0.7532105408987613,0.43498257264845824,0.8236651735172056,0.6211391033287509,0.6470557433841733,0.2785205805779755,0.9115369382298375,0.651376123926922,0.529437719338852,0.7528383271484334,0.22340060780958138,2
GBR,United Kingdom,英国,2003,25.32,12.1,3.51,6.87,0.8148,0.27,0.48,0.4157,0.048,0.1555,1.33,1.9,0.782,0.802,7.96,25398.0,1.87,1.6,8.49,0.5843,0.6657509846827133,0.6219952681388012,0.8072722646310431,0.816939933259177,0.730945518932171,0.5552981530343007,0.31349502982107363,0.866545684940643,0.18738002171552656,0.5293529411764706,0.8454615384615386,0.67724043715847,0.8782229299363058,0.863320241691843,0.9021352941176473,0.6657509846827133,0.6219952681388012,0.816939933259177,0.8072722646310431,0.730945518932171,0.5552981530343007,0.31349502982107363,0.866545684940643,0.18738002171552656,0.5293529411764706,0.8454615384615386,0.67724043715847,0.8782229299363058,0.863320241691843,0.9021352941176473,0.647890963724656,0.8120917127946011,0.5713641896405425,0.2838782394334561,0.8000955192899197,0.8786417261298795,0.7091582916370539,0.4632108709183558,0.8267540540788977,0.6262494432113265,0.6460580520821277,0.27998377580608586,0.9115369382298375,0.6517035814418604,0.5471010321767801,0.7423434817885477,0.19524244961176762,3
GBR,United Kingdom,英国,2004,25.3,12.74,3.36,7.97,0.8156,0.29,0.74,0.4574,-0.079,0.1469,1.32,1.9,0.785,0.805,7.96,26456.0,1.8800000000000001,1.6,8.64,0.5426,0.6648774617067834,0.6723675078864355,0.9469414758269717,0.8335917686318133,0.7320329610460367,0.5579313984168864,0.3392882703777336,0.8110346805388823,0.11857111834961996,0.49276811594202896,0.8505794871794873,0.67724043715847,0.8829904458598727,0.8678429003021149,0.9021352941176473,0.6648774617067834,0.6723675078864355,0.8335917686318133,0.9469414758269717,0.7320329610460367,0.5579313984168864,0.3392882703777336,0.8110346805388823,0.11857111834961996,0.49276811594202896,0.8505794871794873,0.67724043715847,0.8829904458598727,0.8678429003021149,0.9021352941176473,0.6678634152543899,0.8884608149071206,0.57604244902203,0.2096256341652086,0.8033330371254407,0.881400593372759,0.7486311669910634,0.4253549179805068,0.8298370605088078,0.615855469012084,0.643682435442164,0.2721278703046224,0.9115369382298375,0.6467127467520035,0.5216887665806443,0.7515984430595901,0.22990967647894578,3
GBR,United Kingdom,英国,2005,25.28,12.87,3.16,7.94,0.8164,0.45,0.95,0.4285,-0.014,0.1589,1.31,1.9,0.788,0.808,7.95,27514.0,1.8900000000000001,1.6,8.84,0.5715,0.6640039387308534,0.6825993690851735,0.9431323155216284,0.8557942157953282,0.7331204031599019,0.5789973614775725,0.3601212723658052,0.8495063358676804,0.15378827361563516,0.5438167092924125,0.855697435897436,0.67724043715847,0.8877579617834395,0.8723655589123868,0.8992000000000002,0.6640039387308534,0.6825993690851735,0.8557942157953282,0.9431323155216284,0.7331204031599019,0.5789973614775725,0.3601212723658052,0.8495063358676804,0.15378827361563516,0.5438167092924125,0.855697435897436,0.67724043715847,0.8877579617834395,0.8723655589123868,0.8992000000000002,0.6713805357916323,0.898402571430572,0.5958915904944776,0.25487952673103187,0.8065649203106335,0.8830018755384138,0.7543443508167398,0.4618676718848263,0.8325342961408675,0.6385553659426967,0.6608106628412127,0.2984304103833764,0.9115369382298375,0.6666233815121381,0.5525640494789523,0.7603479459179993,0.20778389643904693,2
GBR,United Kingdom,英国,2006,25.26,13.97,3.13,7.62,0.8172,0.41,0.45,0.4399,0.003,0.1421,1.3,1.9,0.791,0.811,7.94,28573.0,1.9000000000000001,1.6,8.870000000000001,0.5601,0.6631304157549235,0.7691766561514196,0.9025012722646308,0.8591245828698556,0.7342078452737675,0.573730870712401,0.31051888667992056,0.8343306655995733,0.1629989142236699,0.4723486786018755,0.8608153846153846,0.67724043715847,0.8925254777070064,0.8768882175226587,0.8962647058823533,0.6631304157549235,0.7691766561514196,0.8591245828698556,0.9025012722646308,0.7342078452737675,0.573730870712401,0.31051888667992056,0.8343306655995733,0.1629989142236699,0.4723486786018755,0.8608153846153846,0.67724043715847,0.8925254777070064,0.8768882175226587,0.8962647058823533,0.7036712494144373,0.880545869943108,0.5711003248910289,0.24946861089310193,0.8097912114688026,0.8845880306309859,0.7697021115380633,0.4454546098938345,0.8352218724922739,0.6338094996051764,0.659659039166635,0.29436280243627294,0.9115369382298375,0.6644839879766584,0.5409103279057809,0.7660700028090979,0.225159674903317,3
GBR,United Kingdom,英国,2007,25.24,11.07,4.02,7.83,0.8181,0.47,0.72,0.4443,0.155,0.1635,1.3,1.9,0.794,0.814,7.94,29631.0,1.9000000000000001,1.6,7.98,0.5557000000000001,0.6622568927789934,0.5409274447949528,0.9291653944020355,0.7603236929922137,0.735431217651866,0.5816306068601583,0.33730417495029824,0.8284733893557424,0.24535287730727467,0.563385336743393,0.8608153846153846,0.67724043715847,0.8972929936305734,0.8814108761329303,0.8962647058823533,0.6622568927789934,0.5409274447949528,0.7603236929922137,0.9291653944020355,0.735431217651866,0.5816306068601583,0.33730417495029824,0.8284733893557424,0.24535287730727467,0.563385336743393,0.8608153846153846,0.67724043715847,0.8972929936305734,0.8814108761329303,0.8962647058823533,0.6107612832720016,0.8405155941874739,0.5845014234451222,0.3421345310605289,0.8110864674234414,0.887322636492456,0.6939708197191586,0.4977473699125754,0.8369937159801408,0.6427211798513299,0.65838830867482,0.29700798272332196,0.9115369382298375,0.6625059324034759,0.5715353720667259,0.7490365105829542,0.17750113851622829,3
GBR,United Kingdom,英国,2008,25.22,12.23,3.27,7.61,0.8189,0.52,0.5,0.4624,-0.096,0.1524,1.29,1.9,0.797,0.817,7.94,30689.0,1.9100000000000001,1.6,8.73,0.5376000000000001,0.6613833698030634,0.6322271293375394,0.9012315521628497,0.8435828698553951,0.7365186597657314,0.5882137203166227,0.31547912524850896,0.8043786848072564,0.10936047774158522,0.5161653878942881,0.8659333333333334,0.67724043715847,0.9020605095541402,0.8859335347432024,0.8962647058823533,0.6613833698030634,0.6322271293375394,0.8435828698553951,0.9012315521628497,0.7365186597657314,0.5882137203166227,0.31547912524850896,0.8043786848072564,0.10936047774158522,0.5161653878942881,0.8659333333333334,0.67724043715847,0.9020605095541402,0.8859335347432024,0.8962647058823533,0.6495629020857864,0.8719309027542085,0.573289096067132,0.20343786567406874,0.8143054636045416,0.8900516354023276,0.7307445013806778,0.42013717834662684,0.8400537938940773,0.6106301471447764,0.6392943599210772,0.2646785956851134,0.9115369382298375,0.6411768317191598,0.5161377595081531,0.7488303633998706,0.23269260389171753,4
GBR,United Kingdom,英国,2009,25.2,13.47,3.28,7.46,0.8197,0.39,0.83,0.4451,0.156,0.1498,1.28,1.9,0.8,0.82,7.93,31748.0,1.9200000000000002,1.6,8.72,0.5549,0.6605098468271334,0.7298233438485806,0.8821857506361321,0.8424727474972192,0.737606101879597,0.5710976253298153,0.3482166998011929,0.8274084300386821,0.2458946796959826,0.5051048593350382,0.8710512820512821,0.67724043715847,0.9068280254777071,0.8904561933534743,0.893329411764706,0.6605098468271334,0.7298233438485806,0.8424727474972192,0.8821857506361321,0.737606101879597,0.5710976253298153,0.3482166998011929,0.8274084300386821,0.2458946796959826,0.5051048593350382,0.8710512820512821,0.67724043715847,0.9068280254777071,0.8904561933534743,0.893329411764706,0.6874081518089218,0.8621006049999728,0.58685569831277,0.32794581866811645,0.8175189609945591,0.8916043701132458,0.7525788114360475,0.49284749956268153,0.8427210811568175,0.6572881104607493,0.6757289676029321,0.3204988697200754,0.9115369382298375,0.6826830577892111,0.5776466820621843,0.7695561196764806,0.19190943761429635,2
GBR,United Kingdom,英国,2010,25.18,12.51,3.44,7.39,0.8205,0.15,0.93,0.4297,0.033,0.1561,1.27,1.9,0.803,0.823,7.92,32806.0,1.9300000000000002,1.6,8.56,0.5703,0.6596363238512034,0.6542649842271294,0.8732977099236638,0.8247107897664072,0.7386935439934622,0.5394986807387863,0.35813717693836983,0.8479088968920903,0.17925298588490768,0.5319053708439897,0.8761692307692309,0.67724043715847,0.911595541401274,0.8949788519637462,0.890394117647059,0.6596363238512034,0.6542649842271294,0.8247107897664072,0.8732977099236638,0.7386935439934622,0.5394986807387863,0.35813717693836983,0.8479088968920903,0.17925298588490768,0.5319053708439897,0.8761692307692309,0.67724043715847,0.911595541401274,0.8949788519637462,0.890394117647059,0.6574825165052436,0.8486566113878685,0.585759145104423,0.2769577927586875,0.8207270004462314,0.8931421321489321,0.7281541428881846,0.4678724048308104,0.845378835109254,0.6380186607188272,0.6592088553315557,0.29506061406110545,0.9115369382298375,0.6648263466601574,0.5549941458592235,0.7590208939101954,0.20402674805097198,3
GBR,United Kingdom,英国,2011,25.16,12.61,3.91,6.98,0.8214,0.33,1.06,0.4266,0.237,0.1612,1.26,1.9,0.806,0.826,7.92,33864.0,1.9400000000000002,1.6,8.09,0.5734,0.6587628008752735,0.6621356466876971,0.8212391857506361,0.7725350389321469,0.7399169163715611,0.5631978891820579,0.3710337972166999,0.8520356142456984,0.2897806731813246,0.5536010230179028,0.8812871794871796,0.67724043715847,0.9163630573248409,0.8995015105740181,0.890394117647059,0.6587628008752735,0.6621356466876971,0.7725350389321469,0.8212391857506361,0.7399169163715611,0.5631978891820579,0.3710337972166999,0.8520356142456984,0.2897806731813246,0.5536010230179028,0.8812871794871796,0.67724043715847,0.9163630573248409,0.8995015105740181,0.890394117647059,0.660109872575764,0.7965149379242503,0.5982256895426453,0.37542259196022304,0.8239296222737958,0.8958474278446126,0.7116186260317623,0.5201895966277863,0.8484192113341935,0.6617927501549318,0.6760871898609013,0.3214508349493739,0.9115369382298375,0.6809663530593602,0.5925130198753982,0.7644165286532072,0.17190350877780902,2
GBR,United Kingdom,英国,2012,25.14,12.89,3.66,7.92,0.8222,0.35,0.93,0.4398,0.141,0.1579,1.26,1.9,0.809,0.829,7.92,34922.0,1.9400000000000002,1.6,8.34,0.5602,0.6578892778993436,0.6841735015772871,0.940592875318066,0.8002880978865407,0.7410043584854263,0.5658311345646438,0.35813717693836983,0.8344637855142057,0.2377676438653637,0.5395626598465473,0.8812871794871796,0.67724043715847,0.9211305732484077,0.90402416918429,0.890394117647059,0.6578892778993436,0.6841735015772871,0.8002880978865407,0.940592875318066,0.7410043584854263,0.5658311345646438,0.35813717693836983,0.8344637855142057,0.2377676438653637,0.5395626598465473,0.8812871794871796,0.67724043715847,0.9211305732484077,0.90402416918429,0.890394117647059,0.6682795706982869,0.8676089459393138,0.5914414924588649,0.3299957960732188,0.8252132726117755,0.898547288131832,0.7418302170614093,0.49646744375100593,0.8501731032156805,0.6581120973401118,0.6761879735835293,0.3203043454555883,0.9115369382298375,0.6830702421980557,0.5798409815774209,0.7706055168309028,0.19076453525348191,2
GBR,United Kingdom,英国,2013,25.12,12.44,3.64,7.82,0.823,0.16,1.06,0.4459,0.128,0.1505,1.25,1.9,0.812,0.832,7.91,35980.0,1.9500000000000002,1.6,8.36,0.5541,0.6570157549234136,0.648755520504732,0.9278956743002543,0.8025083426028922,0.7420918005992917,0.5408153034300791,0.3710337972166999,0.8263434707216222,0.23072421281216068,0.508082693947144,0.8864051282051283,0.67724043715847,0.9258980891719747,0.9085468277945619,0.8874588235294121,0.6570157549234136,0.648755520504732,0.8025083426028922,0.9278956743002543,0.7420918005992917,0.5408153034300791,0.3710337972166999,0.8263434707216222,0.23072421281216068,0.508082693947144,0.8864051282051283,0.67724043715847,0.9258980891719747,0.9085468277945619,0.8874588235294121,0.6536991148348764,0.8629275865859719,0.5890945715013856,0.31639503863053464,0.8284088402175227,0.9000521517652754,0.7304937076307361,0.4888756584943923,0.8528109286949146,0.6516586082024814,0.6705416542954521,0.31130055304459303,0.9115369382298375,0.676571004449722,0.5725650459872934,0.7675241909069909,0.19495914491969746,3
GBR,United Kingdom,英国,2014,25.1,13.64,3.29,6.74,0.8239,0.14,0.79,0.4204,0.23,0.1643,1.24,1.9,0.815,0.835,7.9,37039.0,1.9600000000000002,1.6,8.71,0.5796,0.6561422319474837,0.7432034700315457,0.790765903307888,0.8413626251390436,0.7433151729773904,0.5381820580474934,0.34424850894632214,0.8602890489529146,0.2859880564603692,0.5667885763000852,0.8915230769230771,0.67724043715847,0.9306656050955414,0.9130694864048338,0.884523529411765,0.6561422319474837,0.7432034700315457,0.8413626251390436,0.790765903307888,0.7433151729773904,0.5381820580474934,0.34424850894632214,0.8602890489529146,0.2859880564603692,0.5667885763000852,0.8915230769230771,0.67724043715847,0.9306656050955414,0.9130694864048338,0.884523529411765,0.6896708757124766,0.8156720396566084,0.5824130520101303,0.37599076079940097,0.8315990782537045,0.9015421864249726,0.7375498211545785,0.5107576984294235,0.8554393392210881,0.6657024305803215,0.6821998274844694,0.32912999899330997,0.9115369382298375,0.6888358463720383,0.5907526391923411,0.7745326590000223,0.18378001980768122,2
GBR,United Kingdom,英国,2015,25.08,12.66,3.35,7.32,0.8247,0.53,0.33,0.4012,0.064,0.1694,1.23,1.9,0.818,0.838,7.9,38097.0,1.9700000000000002,1.6,8.65,0.5988,0.6552687089715535,0.6660709779179811,0.8644096692111959,0.834701890989989,0.7444026150912557,0.5895303430079155,0.2986143141153082,0.8858480725623583,0.1960488599348534,0.5884842284739982,0.8966410256410258,0.67724043715847,0.9354331210191081,0.9175921450151057,0.884523529411765,0.6552687089715535,0.6660709779179811,0.834701890989989,0.8644096692111959,0.7444026150912557,0.5895303430079155,0.2986143141153082,0.8858480725623583,0.1960488599348534,0.5884842284739982,0.8966410256410258,0.67724043715847,0.9354331210191081,0.9175921450151057,0.884523529411765,0.6595684330694618,0.8494259152395905,0.5786532706596116,0.30430740734474415,0.8347840254006547,0.9042188748874155,0.7298037994190304,0.47718484865524635,0.858457764893292,0.6464756541215249,0.6673524087557953,0.30507089870506654,0.9115369382298375,0.672556197074448,0.5639051627194837,0.7684154747272502,0.2045103120077666,3
GBR,United Kingdom,英国,2016,25.06,12.2,3.34,6.34,0.8255,0.37,0.87,0.4158,0.298,0.172,1.22,1.9,0.821,0.841,7.9,39155.0,1.9800000000000002,1.6,8.66,0.5842,0.6543951859956235,0.629865930599369,0.7399770992366411,0.8358120133481647,0.7454900572051214,0.5684643799472295,0.3521848906560637,0.8664125650260105,0.32283061889250814,0.599544757033248,0.9017589743589745,0.67724043715847,0.9402006369426751,0.9221148036253776,0.884523529411765,0.6543951859956235,0.629865930599369,0.8358120133481647,0.7399770992366411,0.7454900572051214,0.5684643799472295,0.3521848906560637,0.8664125650260105,0.32283061889250814,0.599544757033248,0.9017589743589745,0.67724043715847,0.9402006369426751,0.9221148036253776,0.884523529411765,0.6444708887380902,0.7864361062060361,0.5951768071672836,0.4135361450748837,0.8379637198403778,0.906890291342557,0.6978906188667762,0.533588230920598,0.8614707849425708,0.6677145979116498,0.6812437135110433,0.3270765613848747,0.9115369382298375,0.6836328673763086,0.6013018641016605,0.76989774629328,0.16859588219161947,2
GBR,United Kingdom,英国,2017,25.04,13.49,3.61,6.93,0.8263,0.34,0.37,0.3608,0.036,0.1666,1.22,1.9,0.824,0.844,7.89,40214.0,1.9800000000000002,1.6,8.39,0.6392,0.6535216630196936,0.7313974763406941,0.8148905852417302,0.8058387096774196,0.7465774993189866,0.564514511873351,0.30258250497017897,0.9396285180738962,0.18087839305103146,0.5765728900255754,0.9017589743589745,0.67724043715847,0.9449681528662419,0.9266374622356495,0.8815882352941178,0.6535216630196936,0.7313974763406941,0.8058387096774196,0.8148905852417302,0.7465774993189866,0.564514511873351,0.30258250497017897,0.9396285180738962,0.18087839305103146,0.5765728900255754,0.9017589743589745,0.67724043715847,0.9449681528662419,0.9266374622356495,0.8815882352941178,0.683624117769977,0.8103520085367056,0.5816254989115184,0.28758994778878166,0.8392361936130415,0.9083479214422429,0.7317452478839732,0.4708499376431896,0.8628057144781988,0.6445177524440753,0.6667052637659274,0.3029756733070251,0.9115369382298375,0.6715103181502946,0.5596582544655333,0.7700778173578929,0.21041956289235964,2
GBR,United Kingdom,英国,2018,25.02,13.6,3.33,7.84,0.8272,0.39,0.53,0.3986,0.158,0.1531,1.21,1.9,0.827,0.847,7.88,41272.0,1.9900000000000002,1.6,8.67,0.6013999999999999,0.6526481400437637,0.7400552050473187,0.9304351145038167,0.8369221357063404,0.7478008716970854,0.5710976253298153,0.3184552683896621,0.8893091903428038,0.24697828447339845,0.5191432225063939,0.9068769230769231,0.67724043715847,0.9497356687898089,0.9311601208459214,0.8786529411764707,0.6526481400437637,0.7400552050473187,0.8369221357063404,0.9304351145038167,0.7478008716970854,0.5710976253298153,0.3184552683896621,0.8893091903428038,0.24697828447339845,0.5191432225063939,0.9068769230769231,0.67724043715847,0.9497356687898089,0.9311601208459214,0.8786529411764707,0.6862985950113293,0.8824407873430985,0.5846366596408845,0.33243759918652244,0.8424090607629868,0.9097908561697503,0.7588957055839313,0.49355240465276473,0.8654052345460345,0.6645899855648426,0.6847112439000956,0.3301220944922497,0.9115369382298375,0.6914443810290468,0.5811376290434773,0.7835687550651297,0.20243112602165236,2
GBR,United Kingdom,英国,2019,25.0,12.29,3.12,7.74,0.828,0.05,1.03,0.3872,0.174,0.1819,1.2,1.9,0.83,0.85,7.88,42330.0,2.0,1.6,8.879999999999999,0.6128,0.6517746170678336,0.6369495268138801,0.917737913486005,0.8602347052280311,0.7488883138109508,0.5263324538258575,0.3680576540755468,0.904484860610911,0.25564712269272527,0.6416598465473146,0.9119948717948718,0.67724043715847,0.9545031847133758,0.9356827794561934,0.8786529411764707,0.6517746170678336,0.6369495268138801,0.8602347052280311,0.917737913486005,0.7488883138109508,0.5263324538258575,0.3680576540755468,0.904484860610911,0.25564712269272527,0.6416598465473146,0.9119948717948718,0.67724043715847,0.9545031847133758,0.9356827794561934,0.8786529411764707,0.6458036178035258,0.8885212453758333,0.5962101664965015,0.369408165266089,0.8455767584860907,0.912439607153235,0.7337150219437019,0.516453840503027,0.8684022088418507,0.6706363718314884,0.6872167054368765,0.33486274352812806,0.9115369382298375,0.6929002462725538,0.5952605303299005,0.7813093257457007,0.18604879541580022,2
GBR,United Kingdom,英国,2020,29.98,15.05,4.07,8.29,0.8123,-2.7,-0.98,0.4056,0.118,0.1587,1.19,1.9,0.833,0.853,7.88,41870.0,2.0100000000000002,1.6,7.93,0.5944,0.8692818380743983,0.854179810725552,0.9875725190839693,0.7547730812013349,0.7275472623263416,0.1642612137203166,0.16865606361829028,0.8799907963185275,0.22530618892508142,0.5429658994032396,0.9171128205128207,0.67724043715847,0.9592707006369426,0.9402054380664653,0.8786529411764707,0.8692818380743983,0.854179810725552,0.7547730812013349,0.9875725190839693,0.7275472623263416,0.1642612137203166,0.16865606361829028,0.8799907963185275,0.22530618892508142,0.5429658994032396,0.9171128205128207,0.67724043715847,0.9592707006369426,0.9402054380664653,0.8786529411764707,0.863209247990033,0.8633615425409981,0.36148329812595476,0.32031176819375534,0.8487393234535666,0.9150832419244914,0.8632701625864339,0.3486050175421638,0.87139391212636,0.6023401726355652,0.6598412294307037,0.2666477820787406,0.9115369382298375,0.6489711841783022,0.47217345491721663,0.8075831354571333,0.3354096805399167,3
GBR,United Kingdom,英国,2021,22.96,12.02,4.08,8.38,0.8297,0.33,1.65,0.4165,0.165,0.1939,1.18,1.9,0.836,0.856,7.87,44446.0,2.0200000000000005,1.6,7.92,0.5835,0.5626752735229759,0.6156987381703469,0.999,0.7536629588431591,0.7511991283029149,0.5631978891820579,0.4295646123260438,0.8654807256235829,0.2507709011943539,0.6927084398976981,0.9222307692307695,0.67724043715847,0.9640382165605096,0.9447280966767372,0.8757176470588237,0.5626752735229759,0.6156987381703469,0.7536629588431591,0.999,0.7511991283029149,0.5631978891820579,0.4295646123260438,0.8654807256235829,0.2507709011943539,0.6927084398976981,0.9222307692307695,0.67724043715847,0.9640382165605096,0.9447280966767372,0.8757176470588237,0.5833134679616649,0.8677034608000108,0.6253172100039023,0.37651863540936487,0.8518967918746242,0.91649423949768,0.6837380265610185,0.5370394753114497,0.873970850049148,0.6682184897515778,0.6821284531076298,0.3260966299592176,0.9115369382298375,0.6827898393062676,0.6025411681801736,0.7742478262054207,0.1717066580252471,2
GBR,United Kingdom,英国,2022,24.94,13.22,3.2,7.61,0.8305,-0.18,0.76,0.4121,0.104,0.1685,1.18,1.9,0.839,0.859,7.86,45505.0,2.0200000000000005,1.6,8.8,0.5879,0.6491540481400438,0.710146687697161,0.9012315521628497,0.8513537263626253,0.7522865704167802,0.4960501319261213,0.341272365805169,0.8713380018674136,0.21772095548317044,0.5846555839727196,0.9222307692307695,0.67724043715847,0.9688057324840764,0.949250755287009,0.8727823529411768,0.6491540481400438,0.710146687697161,0.8513537263626253,0.9012315521628497,0.7522865704167802,0.4960501319261213,0.341272365805169,0.8713380018674136,0.21772095548317044,0.5846555839727196,0.9222307692307695,0.67724043715847,0.9688057324840764,0.949250755287009,0.8727823529411768,0.6728959092850708,0.8759376919903691,0.5729398063529314,0.3232214540952389,0.8531584912299033,0.9178906657448692,0.7477527496860876,0.48253225787699516,0.8752782769796746,0.6579331840176682,0.6799222111505268,0.32080363991799504,0.9115369382298375,0.6854283649442529,0.5726017059506208,0.7836085812754939,0.21100687532487317,2
GBR,United Kingdom,英国,2023,24.92,13.06,3.58,7.75,0.8313,0.31,0.65,0.349,0.068,0.1788,1.17,1.9,0.842,0.862,7.86,46563.0,2.0300000000000002,1.6,8.42,0.651,0.6482805251641138,0.6975536277602524,0.9190076335877861,0.8091690767519467,0.7533740125306457,0.5605646437994722,0.3303598409542744,0.9553366680005336,0.1982160694896851,0.628472293265132,0.9273487179487181,0.67724043715847,0.9735732484076434,0.9537734138972809,0.8727823529411768,0.6482805251641138,0.6975536277602524,0.8091690767519467,0.9190076335877861,0.7533740125306457,0.5605646437994722,0.3303598409542744,0.9553366680005336,0.1982160694896851,0.628472293265132,0.9273487179487181,0.67724043715847,0.9735732484076434,0.9537734138972809,0.8727823529411768,0.6675577248383668,0.86234132360581,0.5970871402564485,0.31448343212723945,0.8563093465888273,0.9205121179571252,0.7395456293010897,0.4926128467572802,0.8782542768562206,0.6618778810096626,0.6823851105501051,0.3247702846023856,0.9115369382298375,0.6874646781263816,0.5792200354220449,0.7839046568180998,0.20468462139605492,3
IDN,Indonesia,印尼,2000,18.48,9.19,5.61,2.46,0.3562,1.26,3.85,0.8961,0.839,0.0462,2.39,2.75,0.348,0.23,6.56,2171.0,0.81,0.75,6.39,0.10389999999999999,0.3670061269146609,0.39295899053627753,0.24732569974554702,0.5838142380422692,0.10756932715881234,0.6856437994722955,0.6478151093439365,0.22703761504601846,0.6159457111834962,0.06438533674339299,0.30295897435897434,0.213688524590164,0.18852229299363052,0.001,0.49119411764705884,0.3670061269146609,0.39295899053627753,0.5838142380422692,0.24732569974554702,0.10756932715881234,0.6856437994722955,0.6478151093439365,0.22703761504601846,0.6159457111834962,0.06438533674339299,0.30295897435897434,0.213688524590164,0.18852229299363052,0.001,0.49119411764705884,0.3771749839454703,0.37998982216003835,0.3108948337918378,0.24959751083227633,0.23664465676715876,0.011926177338718888,0.3782984083766605,0.2910727363795631,0.08316456091418682,0.21623821882606853,0.25486798533907945,0.057444864931516154,0.5497865189672916,0.21565344450416823,0.13337103908466408,0.29995802711772146,0.16658698803305738,17
IDN,Indonesia,印尼,2001,18.56,9.04,5.2,2.42,0.3595,1.56,3.97,0.8315,0.778,0.0475,2.38,2.75,0.356,0.24,6.57,2275.0,0.8200000000000003,0.75,6.8,0.16849999999999998,0.3705002188183807,0.3811529968454258,0.24224681933842232,0.629329254727475,0.11205502587850721,0.7251424802110819,0.6597196819085488,0.31303307989862617,0.5828957654723127,0.06991560102301789,0.30807692307692314,0.213688524590164,0.20123566878980886,0.016075528700906314,0.49412941176470615,0.3705002188183807,0.3811529968454258,0.629329254727475,0.24224681933842232,0.11205502587850721,0.7251424802110819,0.6597196819085488,0.31303307989862617,0.5828957654723127,0.06991560102301789,0.30807692307692314,0.213688524590164,0.20123566878980886,0.016075528700906314,0.49412941176470615,0.3747251281575529,0.39045231498142074,0.34189531213847785,0.24956528748258142,0.24294586732371926,0.06327547893703381,0.380938520661242,0.31108599213851224,0.15170978387090214,0.2665095196152065,0.28422888821504816,0.06411581720746522,0.5497865189672916,0.2665578557264464,0.20013517379415274,0.3251930287645952,0.12505785497044247,16
IDN,Indonesia,印尼,2002,18.64,8.78,5.18,1.96,0.3629,1.63,3.89,0.8858,0.707,0.0533,2.37,2.75,0.364,0.25,6.58,2378.0,0.8300000000000001,0.75,6.82,0.11419999999999997,0.3739943107221007,0.3606892744479495,0.18383969465648853,0.6315494994438265,0.11667665486243532,0.7343588390501319,0.6517833001988073,0.24074896625316797,0.5444277958740499,0.09458908780903665,0.3131948717948718,0.213688524590164,0.21394904458598724,0.031151057401812673,0.49706470588235313,0.3739943107221007,0.3606892744479495,0.6315494994438265,0.18383969465648853,0.11667665486243532,0.7343588390501319,0.6517833001988073,0.24074896625316797,0.5444277958740499,0.09458908780903665,0.3131948717948718,0.213688524590164,0.21394904458598724,0.031151057401812673,0.49706470588235313,0.36861439292933795,0.3407401754096679,0.32840591134822333,0.27033394924662896,0.24908829649297784,0.09432978545991881,0.35720103637396006,0.3097831937012428,0.17731960532636157,0.27347899861593944,0.2842694699905936,0.06070997316078146,0.5497865189672916,0.27333520919431,0.21957934326223752,0.31798794880381803,0.09840860554158051,15
IDN,Indonesia,印尼,2003,18.72,9.24,5.25,2.74,0.3662,1.65,3.84,0.8881,0.717,0.0744,2.36,2.75,0.372,0.26,6.59,2482.0,0.8400000000000003,0.75,6.75,0.1119,0.3774884026258205,0.39689432176656153,0.2828778625954198,0.6237786429365962,0.12116235358213026,0.7369920844327177,0.6468230616302187,0.23768720821662007,0.5498458197611291,0.18434953111679447,0.3183128205128206,0.213688524590164,0.22666242038216558,0.046226586102719035,0.5000000000000001,0.3774884026258205,0.39689432176656153,0.6237786429365962,0.2828778625954198,0.12116235358213026,0.7369920844327177,0.6468230616302187,0.23768720821662007,0.5498458197611291,0.18434953111679447,0.3183128205128206,0.213688524590164,0.22666242038216558,0.046226586102719035,0.5000000000000001,0.38513423247815987,0.42006329195321973,0.33095850947723404,0.35514145653731305,0.25508790621220206,0.11981828374894776,0.39874308633569044,0.3380351779100089,0.1958084808382921,0.301538075246892,0.3135795413161983,0.07470891460153802,0.5497865189672916,0.3016588605593333,0.2420426405549347,0.3518873889451614,0.1098447483902267,16
IDN,Indonesia,印尼,2004,18.8,9.52,5.59,1.74,0.3696,1.54,3.57,0.8748,0.838,0.0761,2.35,2.75,0.38,0.27,6.6,2585.0,0.8500000000000001,0.75,6.41,0.12519999999999998,0.3809824945295405,0.4189321766561514,0.15590585241730276,0.5860344827586208,0.12578398256605827,0.7225092348284962,0.6200377733598411,0.25539215686274513,0.6154039087947882,0.1915814151747655,0.3234307692307692,0.213688524590164,0.23937579617834395,0.061302114803625386,0.5029352941176471,0.3809824945295405,0.4189321766561514,0.5860344827586208,0.15590585241730276,0.12578398256605827,0.7225092348284962,0.6200377733598411,0.25539215686274513,0.6154039087947882,0.1915814151747655,0.3234307692307692,0.213688524590164,0.23937579617834395,0.061302114803625386,0.5029352941176471,0.39573138946958486,0.302268432986999,0.3343062539694093,0.38586687779999596,0.2609582097719018,0.14226239630578824,0.35530180826574187,0.34900560448844425,0.21103411564888172,0.3017296482052414,0.3095030189697648,0.06931508501885147,0.5497865189672916,0.3000785097962718,0.25191174029815827,0.3388666980854351,0.08695495778727685,16
IDN,Indonesia,印尼,2005,18.88,9.12,5.16,1.66,0.373,1.4,3.66,0.8294,0.852,0.0556,2.34,2.75,0.388,0.28,6.61,2688.0,0.8600000000000003,0.75,6.84,0.17059999999999997,0.3844765864332603,0.38744952681388006,0.1457480916030534,0.6337697441601781,0.1304056115499864,0.7040765171503958,0.6289662027833003,0.3158285981059091,0.6229891422366992,0.10437340153452682,0.32854871794871804,0.213688524590164,0.2520891719745223,0.07637764350453174,0.5058705882352944,0.3844765864332603,0.38744952681388006,0.6337697441601781,0.1457480916030534,0.1304056115499864,0.7040765171503958,0.6289662027833003,0.3158285981059091,0.6229891422366992,0.10437340153452682,0.32854871794871804,0.213688524590164,0.2520891719745223,0.07637764350453174,0.5058705882352944,0.3856630153365424,0.30392553483888346,0.35159360466005696,0.3048766905658794,0.2667107547698192,0.16270298655730725,0.3506159520101827,0.33687279762087263,0.22434416437212795,0.3017937988842383,0.30723715396304224,0.066517944679528,0.5497865189672916,0.3009470264620507,0.2598318388531284,0.3328855528282903,0.07305371397516192,16
IDN,Indonesia,印尼,2006,18.96,8.53,6.29,1.73,0.3763,1.57,3.51,0.8351,0.736,0.0519,2.33,2.75,0.396,0.29,6.62,2792.0,0.8700000000000001,0.75,5.71,0.16490000000000005,0.38797067833698035,0.3410126182965299,0.1546361323155216,0.5083259176863181,0.13489131026968132,0.7264591029023747,0.6140854870775349,0.30824076297185554,0.5601400651465799,0.08863341858482522,0.33366666666666667,0.213688524590164,0.2648025477707006,0.09145317220543803,0.5088058823529413,0.38797067833698035,0.3410126182965299,0.5083259176863181,0.1546361323155216,0.13489131026968132,0.7264591029023747,0.6140854870775349,0.30824076297185554,0.5601400651465799,0.08863341858482522,0.33366666666666667,0.213688524590164,0.2648025477707006,0.09145317220543803,0.5088058823529413,0.3684576027605227,0.2803668201958827,0.3541059360380038,0.2679273093209099,0.2723554919221978,0.18169380252477518,0.33031109351981097,0.3256854371608678,0.2363782586596364,0.2970835073484825,0.3002809805181813,0.060998064590836995,0.5497865189672916,0.29606436320754603,0.26472541742770767,0.3200314323913962,0.05530601496368853,16
IDN,Indonesia,印尼,2007,19.04,10.14,6.06,2.74,0.3797,1.57,3.73,0.8425,0.828,0.0696,2.32,2.75,0.404,0.3,6.63,2895.0,0.8800000000000003,0.75,5.94,0.15749999999999997,0.39146477024070014,0.467730283911672,0.2828778625954198,0.5338587319243605,0.13951293925360936,0.7264591029023747,0.6359105367793242,0.298389889289049,0.609985884907709,0.16393009377664103,0.3387846153846155,0.213688524590164,0.27751592356687904,0.10652870090634438,0.5117411764705884,0.39146477024070014,0.467730283911672,0.5338587319243605,0.2828778625954198,0.13951293925360936,0.7264591029023747,0.6359105367793242,0.298389889289049,0.609985884907709,0.16393009377664103,0.3387846153846155,0.213688524590164,0.27751592356687904,0.10652870090634438,0.5117411764705884,0.42035266612948247,0.3886088226155761,0.3585031409622936,0.3606245978948904,0.27790106076939175,0.1995722363101541,0.4073552766325874,0.3591382642947945,0.24749343097378604,0.33355371230424835,0.3401099179998298,0.08347864115707346,0.5497865189672916,0.33373732032428516,0.28643092217066035,0.37198738374636964,0.08555646157570929,15
IDN,Indonesia,印尼,2008,19.12,9.98,5.24,2.47,0.383,1.16,3.96,0.8629,0.864,0.0591,2.31,2.75,0.412,0.31,6.64,2999.0,0.8900000000000001,0.75,6.76,0.1371,0.39495886214442016,0.45513722397476347,0.24859541984732825,0.624888765294772,0.14399863797330428,0.6724775725593667,0.658727634194831,0.271233426704015,0.6294907709011943,0.11926257459505539,0.3439025641025641,0.213688524590164,0.29022929936305725,0.12160422960725073,0.5146764705882354,0.39495886214442016,0.45513722397476347,0.624888765294772,0.24859541984732825,0.14399863797330428,0.6724775725593667,0.658727634194831,0.271233426704015,0.6294907709011943,0.11926257459505539,0.3439025641025641,0.213688524590164,0.29022929936305725,0.12160422960725073,0.5146764705882354,0.41801133678765007,0.39413764723295897,0.3513759877068766,0.32359014939747727,0.2833550138635639,0.21656233932517763,0.40829306572355495,0.34279860296586734,0.2579105532351192,0.3317018948858069,0.3369805268739492,0.08034162240670271,0.5497865189672916,0.3324173221986283,0.29177324216479816,0.3690211730289094,0.07724793086411125,16
IDN,Indonesia,印尼,2009,19.2,9.86,5.84,2.21,0.3864,1.49,3.87,0.8321,0.803,0.0703,2.3,2.75,0.42,0.32,6.65,3102.0,0.9000000000000004,0.75,6.16,0.16790000000000005,0.39845295404814,0.44569242902208195,0.21558269720101778,0.558281423804227,0.1486202669572324,0.7159261213720316,0.6497992047713719,0.3122343604108312,0.5964408251900107,0.16690792838874677,0.349020512820513,0.213688524590164,0.3029426751592356,0.13667975830815707,0.5176117647058827,0.39845295404814,0.44569242902208195,0.558281423804227,0.21558269720101778,0.1486202669572324,0.7159261213720316,0.6497992047713719,0.3122343604108312,0.5964408251900107,0.16690792838874677,0.349020512820513,0.213688524590164,0.3029426751592356,0.13667975830815707,0.5176117647058827,0.4167161511920166,0.3469233562920487,0.3693442956442525,0.3583696348408393,0.2887239947358734,0.23282208641450047,0.3872555188513504,0.36601706854054206,0.26777642092851617,0.33894678574780407,0.34291640935017675,0.08182669460145282,0.5497865189672916,0.33869379832994545,0.3009244750181827,0.3672605180708083,0.06633604305262558,16
IDN,Indonesia,印尼,2010,19.28,9.33,5.94,1.61,0.3898,1.05,3.43,0.8279,0.643,0.0709,2.29,2.75,0.428,0.33,6.66,3205.0,0.9100000000000001,0.75,6.06,0.17210000000000003,0.40194704595186004,0.4039779179810726,0.13939949109414757,0.5471802002224694,0.15324189594116044,0.6579947229551452,0.6061491053677933,0.3178253968253969,0.5097524429967427,0.16946035805626597,0.35413846153846157,0.213688524590164,0.315656050955414,0.15175528700906343,0.5205470588235297,0.40194704595186004,0.4039779179810726,0.5471802002224694,0.13939949109414757,0.15324189594116044,0.6579947229551452,0.6061491053677933,0.3178253968253969,0.5097524429967427,0.16946035805626597,0.35413846153846157,0.213688524590164,0.315656050955414,0.15175528700906343,0.5205470588235297,0.40275816673211384,0.2761822612837508,0.3599576802395674,0.3281276569440687,0.29401388066632944,0.24846790435326382,0.3463418127265091,0.35009738125979173,0.27719391751149164,0.3253584807558646,0.32709967157531694,0.07038131736868235,0.5497865189672916,0.3243127908800656,0.29995607676313346,0.34238749822967607,0.04243142146654261,16
IDN,Indonesia,印尼,2011,19.36,9.99,5.88,1.95,0.3931,0.84,3.66,0.8275,0.922,0.0463,2.28,2.75,0.436,0.34,6.67,3309.0,0.9200000000000004,0.75,6.12,0.1725,0.40544113785557984,0.45592429022082026,0.18256997455470733,0.553840934371524,0.15772759466085537,0.6303456464379947,0.6289662027833003,0.31835787648392694,0.660915309446254,0.06481074168797953,0.35925641025641036,0.213688524590164,0.32836942675159236,0.1668308157099698,0.5234823529411766,0.40544113785557984,0.45592429022082026,0.553840934371524,0.18256997455470733,0.15772759466085537,0.6303456464379947,0.6289662027833003,0.31835787648392694,0.660915309446254,0.06481074168797953,0.35925641025641036,0.213688524590164,0.32836942675159236,0.1668308157099698,0.5234823529411766,0.4249264641246935,0.31798541679700415,0.36266608219899565,0.26106357671721536,0.2992298983210111,0.2635885750220649,0.3784000184965857,0.32860846267462784,0.28623816827557075,0.3289085062420671,0.3308348411014981,0.07255701816459195,0.5497865189672916,0.32926260527663487,0.3061070523334987,0.35262087473259895,0.046513822399100235,16
IDN,Indonesia,印尼,2012,19.44,9.08,5.04,2.22,0.3965,1.07,3.37,0.8343,0.993,0.0696,2.27,2.75,0.444,0.35,6.68,3412.0,0.9300000000000002,0.75,6.96,0.16569999999999996,0.40893522975929986,0.384301261829653,0.21685241730279897,0.647091212458287,0.1623492236447835,0.6606279683377309,0.6001968190854872,0.30930572228891556,0.6993832790445168,0.16393009377664103,0.364374358974359,0.213688524590164,0.3410828025477707,0.18190634441087608,0.5264176470588237,0.40893522975929986,0.384301261829653,0.647091212458287,0.21685241730279897,0.1623492236447835,0.6606279683377309,0.6001968190854872,0.30930572228891556,0.6993832790445168,0.16393009377664103,0.364374358974359,0.213688524590164,0.3410828025477707,0.18190634441087608,0.5264176470588237,0.39889761543393876,0.3745975088504709,0.36372681287964426,0.3914647142971187,0.3043767182389121,0.2782536588255084,0.3889939242318188,0.37183520723253155,0.29496585065390724,0.3516046180234534,0.35392201535873047,0.08483210525983093,0.5497865189672916,0.3514461955041843,0.321752545517272,0.37326423812685283,0.05151169260958083,16
IDN,Indonesia,印尼,2013,19.52,9.0,5.67,2.39,0.3998,1.12,3.8,0.8659,0.784,0.0653,2.26,2.75,0.452,0.36,6.69,3516.0,0.9400000000000004,0.75,6.33,0.1341,0.41242932166301965,0.37800473186119876,0.23843765903307887,0.5771535038932147,0.16683492236447836,0.6672110817941953,0.642854870775348,0.2672398292650394,0.5861465798045603,0.14563768115942025,0.36949230769230784,0.213688524590164,0.353796178343949,0.19698187311178242,0.5293529411764709,0.41242932166301965,0.37800473186119876,0.5771535038932147,0.23843765903307887,0.16683492236447836,0.6672110817941953,0.642854870775348,0.2672398292650394,0.5861465798045603,0.14563768115942025,0.36949230769230784,0.213688524590164,0.353796178343949,0.19698187311178242,0.5293529411764709,0.39829844866120634,0.3709651336325788,0.36321215479431923,0.33582517003551454,0.30945853266232387,0.2925188718971481,0.38713140711891125,0.3547694662158822,0.3034208787002021,0.34749587545082067,0.34907347223208685,0.08095254794468859,0.5497865189672916,0.34784159532712033,0.3243184816889223,0.36749079407058005,0.04317231238165775,16
IDN,Indonesia,印尼,2014,19.6,9.68,5.45,2.18,0.4032,1.07,3.66,0.8577,0.875,0.0505,2.25,2.75,0.46,0.37,6.7,3619.0,0.9500000000000002,0.75,6.55,0.14229999999999998,0.4159234135667397,0.4315252365930599,0.21177353689567427,0.6015761957730812,0.17145655134840646,0.6606279683377309,0.6289662027833003,0.278155662264906,0.6354505971769815,0.0826777493606138,0.37461025641025647,0.213688524590164,0.3665095541401274,0.21205740181268878,0.5322882352941178,0.4159234135667397,0.4315252365930599,0.6015761957730812,0.21177353689567427,0.17145655134840646,0.6606279683377309,0.6289662027833003,0.278155662264906,0.6354505971769815,0.0826777493606138,0.37461025641025647,0.213688524590164,0.3665095541401274,0.21205740181268878,0.5322882352941178,0.42209528509124555,0.356928450380619,0.3662265895155114,0.2810635540624159,0.3144791201259082,0.30642966653962145,0.39471057965285083,0.33827217118866254,0.31163803925285366,0.3456887749004475,0.3472134541471764,0.0790823341644225,0.5497865189672916,0.3461256485970291,0.3269543279443415,0.3687991094443782,0.04184478150003673,15
IDN,Indonesia,印尼,2015,19.68,9.81,5.21,2.58,0.4066,0.92,3.94,0.8122,0.92,0.0654,2.24,2.75,0.468,0.38,6.71,3722.0,0.96,0.75,6.79,0.18779999999999997,0.4194175054704595,0.4417570977917981,0.26256234096692105,0.6282191323692993,0.17607818033233455,0.6408786279683378,0.6567435387673957,0.33872522342270245,0.6598317046688382,0.14606308610400678,0.37972820512820504,0.213688524590164,0.37922292993630574,0.22713293051359515,0.5352235294117649,0.4194175054704595,0.4417570977917981,0.6282191323692993,0.26256234096692105,0.17607818033233455,0.6408786279683378,0.6567435387673957,0.33872522342270245,0.6598317046688382,0.14606308610400678,0.37972820512820504,0.213688524590164,0.37922292993630574,0.22713293051359515,0.5352235294117649,0.42821447742914104,0.40613628997553425,0.38523352038300457,0.3609741451701122,0.3194418994276436,0.3200236996591335,0.4192427167580519,0.3777893210514846,0.3196454090958881,0.3707149244024822,0.37278216617677584,0.09425714202059299,0.5497865189672916,0.37117069990867224,0.34371739903178267,0.3948170150859659,0.05109961605418323,14
IDN,Indonesia,印尼,2016,19.76,9.65,5.17,2.69,0.4099,1.01,4.04,0.8395,1.049,0.065,2.23,2.75,0.476,0.39,6.72,3826.0,0.9700000000000002,0.75,6.83,0.16049999999999998,0.4229115973741795,0.42916403785488966,0.27652926208651396,0.6326596218020022,0.18056387905202942,0.6527282321899737,0.6666640159045727,0.30238348672802456,0.7297242128121607,0.1443614663256607,0.38484615384615395,0.213688524590164,0.39193630573248406,0.2422084592145015,0.5381588235294118,0.4229115973741795,0.42916403785488966,0.6326596218020022,0.27652926208651396,0.18056387905202942,0.6527282321899737,0.6666640159045727,0.30238348672802456,0.7297242128121607,0.1443614663256607,0.38484615384615395,0.213688524590164,0.39193630573248406,0.2422084592145015,0.5381588235294118,0.42540156766444503,0.4182689306759954,0.3826138879714019,0.3816592283589963,0.3243499750164494,0.3333325849935971,0.4225340321142991,0.3823272396265626,0.327466014628359,0.37608193699977266,0.3779309098734225,0.09658773547172218,0.5497865189672916,0.37655744235785504,0.3504243254307949,0.3991477277338466,0.04872340230305172,13
IDN,Indonesia,印尼,2017,19.84,10.0,5.53,2.28,0.4133,1.16,4.07,0.7849,0.968,0.0617,2.22,2.75,0.484,0.4,6.73,3929.0,0.98,0.75,6.47,0.21509999999999996,0.4264056892778993,0.45671135646687694,0.22447073791348596,0.5926952169076752,0.1851855080359575,0.6724775725593667,0.6696401590457257,0.3750669601173803,0.6858382193268187,0.13032310315430518,0.3899641025641025,0.213688524590164,0.40464968152866243,0.2572839879154079,0.5410941176470592,0.4264056892778993,0.45671135646687694,0.5926952169076752,0.22447073791348596,0.1851855080359575,0.6724775725593667,0.6696401590457257,0.3750669601173803,0.6858382193268187,0.13032310315430518,0.3899641025641025,0.213688524590164,0.40464968152866243,0.2572839879154079,0.5410941176470592,0.43827885528769783,0.3647502333063811,0.4059604122668374,0.35297307214299756,0.3292061753893729,0.3463831682804912,0.4072382312784912,0.38927906806034324,0.33511900334001615,0.37724083740721165,0.37841879760968955,0.09521960997132443,0.5497865189672916,0.3772788315771421,0.35517855059677467,0.3935438738071541,0.03836532321037944,14
IDN,Indonesia,印尼,2018,19.92,9.13,6.05,2.44,0.4166,1.22,3.91,0.8383,1.081,0.0822,2.21,2.75,0.492,0.41,6.74,4033.0,0.9900000000000002,0.75,5.95,0.16169999999999995,0.4298997811816193,0.388236593059937,0.24478625954198469,0.5349688542825362,0.18967120675565247,0.6803773087071241,0.6537673956262426,0.3039809257036148,0.7470618892508143,0.21753111679454384,0.3950820512820513,0.213688524590164,0.4173630573248408,0.27235951661631413,0.5440294117647062,0.4298997811816193,0.388236593059937,0.5349688542825362,0.24478625954198469,0.18967120675565247,0.6803773087071241,0.6537673956262426,0.3039809257036148,0.7470618892508143,0.21753111679454384,0.3950820512820513,0.213688524590164,0.4173630573248408,0.27235951661631413,0.5440294117647062,0.41272323724439125,0.361874321845697,0.3908525579518837,0.4560605481221074,0.3340130857559085,0.3591984753849709,0.3915781585026517,0.40936982044575876,0.34262049066848077,0.38294452671735146,0.38400752292964324,0.09671911564863395,0.5497865189672916,0.3812837392271393,0.36154217754977985,0.39695939326305796,0.035417215713278105,15
IDN,Indonesia,印尼,2019,20.0,9.66,5.43,2.53,0.42,1.16,4.04,0.8012,0.943,0.0638,2.2,2.75,0.5,0.42,6.75,4136.0,1.0,0.75,6.57,0.19879999999999998,0.43339387308533917,0.42995110410094645,0.2562137404580152,0.6037964404894328,0.19429283573958048,0.6724775725593667,0.6666640159045727,0.35336841403227964,0.6722931596091204,0.13925660699062228,0.40019999999999994,0.213688524590164,0.4300764331210191,0.28743504531722047,0.5469647058823531,0.43339387308533917,0.42995110410094645,0.6037964404894328,0.2562137404580152,0.19429283573958048,0.6724775725593667,0.6666640159045727,0.35336841403227964,0.6722931596091204,0.13925660699062228,0.40019999999999994,0.213688524590164,0.4300764331210191,0.28743504531722047,0.5469647058823531,0.43201346969932297,0.39332040945396285,0.40651706963855183,0.35814718269137874,0.3387730759701637,0.37179843057975814,0.41609928137685875,0.391357455937983,0.3499841850812358,0.38548107427955974,0.3863680223126216,0.09869211840571826,0.5497865189672916,0.3857705285220623,0.36701956570786454,0.4010593310020606,0.034039765294196056,14
IDN,Indonesia,印尼,2020,25.08,12.79,5.47,1.84,0.4149,-1.66,1.86,0.8111,1.028,0.0618,2.19,2.75,0.508,0.43,6.76,4091.0,1.0100000000000002,0.75,6.53,0.18889999999999996,0.6552687089715535,0.6763028391167192,0.16860305343511447,0.5993559510567298,0.18736039226368836,0.30118997361477573,0.4503976143141154,0.3401895424836601,0.7183463626492942,0.1307485080988917,0.4053179487179488,0.213688524590164,0.4427898089171975,0.30251057401812687,0.5499000000000002,0.6552687089715535,0.6763028391167192,0.5993559510567298,0.16860305343511447,0.18736039226368836,0.30118997361477573,0.4503976143141154,0.3401895424836601,0.7183463626492942,0.1307485080988917,0.4053179487179488,0.213688524590164,0.4427898089171975,0.30251057401812687,0.5499000000000002,0.6636026963755801,0.3178887280836986,0.29597612221806885,0.3633917262883738,0.343488324533113,0.3842004097288207,0.4943732194422499,0.31476916620085676,0.35722185800879064,0.3743645887446549,0.38138618971565486,0.09472578317072769,0.5497865189672916,0.37946075630461534,0.3414661113950019,0.4317270855415167,0.0902609741465148,13
IDN,Indonesia,印尼,2021,18.16,9.27,5.32,3.29,0.4267,1.29,4.57,0.7488,0.93,0.0591,2.18,2.75,0.516,0.44,6.77,4343.0,1.02,0.75,6.68,0.2512,0.3530297592997812,0.39925552050473184,0.3527124681933842,0.616007786429366,0.20340016344320352,0.6895936675461741,0.7192425447316104,0.42312324929971995,0.6652497285559175,0.11926257459505539,0.4104358974358974,0.213688524590164,0.45550318471337586,0.3175861027190332,0.5528352941176471,0.3530297592997812,0.39925552050473184,0.616007786429366,0.3527124681933842,0.20340016344320352,0.6895936675461741,0.7192425447316104,0.42312324929971995,0.6652497285559175,0.11926257459505539,0.4104358974358974,0.213688524590164,0.45550318471337586,0.3175861027190332,0.5528352941176471,0.3708405033575435,0.46612619190284166,0.4381934943559846,0.33449720698527485,0.34816083931252445,0.39641967258571115,0.4063625714714532,0.4040953906042319,0.36434370294247204,0.3923928172074526,0.3928500385658703,0.10039348874277684,0.5497865189672916,0.39196889437193466,0.3779906913158788,0.40204910797864746,0.024058416662768645,13
IDN,Indonesia,印尼,2022,20.24,9.57,6.05,1.85,0.4301,1.24,4.0,0.8124,0.95,0.0798,2.17,2.75,0.524,0.45,6.78,4446.0,1.0300000000000002,0.75,5.95,0.1876,0.44387614879649884,0.42286750788643535,0.16987277353689567,0.5349688542825362,0.20802179242713156,0.6830105540897098,0.6626958250497019,0.3384589835934374,0.6760857763300759,0.20732139812446712,0.4155538461538462,0.213688524590164,0.4682165605095542,0.3326616314199396,0.5557705882352943,0.44387614879649884,0.42286750788643535,0.5349688542825362,0.16987277353689567,0.20802179242713156,0.6830105540897098,0.6626958250497019,0.3384589835934374,0.6760857763300759,0.20732139812446712,0.4155538461538462,0.213688524590164,0.4682165605095542,0.3326616314199396,0.5557705882352943,0.4353502639478177,0.30145753106006457,0.41235310746032156,0.4213652642086945,0.3527924755067162,0.40846970505430835,0.37583198905203274,0.4150363256146929,0.3713586138639512,0.3896463543187449,0.39017171112067234,0.09577549060980757,0.5497865189672916,0.3862908422330082,0.3767074623459853,0.40082562866941196,0.02411816632342667,14
IDN,Indonesia,印尼,2023,20.32,9.94,6.2,2.97,0.4334,1.0,3.73,0.7853,0.859,0.0523,2.16,2.75,0.532,0.46,6.79,4550.0,1.04,0.75,5.8,0.2147,0.4473702407002188,0.45198895899053626,0.31208142493638674,0.5183170189098999,0.2125074911468265,0.6514116094986807,0.6359105367793242,0.3745344804588503,0.6267817589576546,0.09033503836317133,0.42067179487179485,0.213688524590164,0.48092993630573255,0.34773716012084593,0.5587058823529414,0.4473702407002188,0.45198895899053626,0.5183170189098999,0.31208142493638674,0.2125074911468265,0.6514116094986807,0.6359105367793242,0.3745344804588503,0.6267817589576546,0.09033503836317133,0.42067179487179485,0.213688524590164,0.48092993630573255,0.34773716012084593,0.5587058823529414,0.44921203719183084,0.40219039499990755,0.4142127980413193,0.2888100506068564,0.35738495128225206,0.42036249335559683,0.429777335450079,0.37174073225987553,0.3782744039740312,0.39031136704049335,0.3911118147311833,0.09851589059235161,0.5497865189672916,0.39138890499474066,0.3784718258965993,0.40957139569723877,0.031099569800639493,15
IND,India,印度,2000,16.1,8.43,6.58,2.79,0.2778,3.54,5.21,1.0659,0.933,0.0928,2.68,3.1,0.23,0.368,6.3,1103.0,0.52,0.3999999999999999,5.42,-0.06590000000000007,0.2630568927789935,0.3331419558359621,0.28922646310432565,0.47613236929922137,0.001,0.9858337730870713,0.7827335984095428,0.001,0.6668751357220414,0.26262404092071606,0.15453846153846146,0.02281420765027324,0.001,0.20904229607250752,0.4148764705882354,0.2630568927789935,0.3331419558359621,0.47613236929922137,0.28922646310432565,0.001,0.9858337730870713,0.7827335984095428,0.001,0.6668751357220414,0.26262404092071606,0.15453846153846146,0.02281420765027324,0.001,0.20904229607250752,0.4148764705882354,0.28912226931647156,0.3710930895905991,0.02963837694120763,0.45936775492464854,0.019190056385192666,0.27498437803311676,0.31947882113876425,0.06744445413309244,0.0487256196446369,0.09755248364107999,0.13743911388825733,0.011042565266942986,0.5090063194044818,0.09923028098434208,0.06427049103778673,0.17381871010366307,0.10954821906587633,20
IND,India,印度,2001,16.2,8.1,6.02,2.25,0.2813,3.55,4.87,1.0618,1.223,0.0898,2.67,3.09,0.24,0.376,6.31,1156.0,0.5300000000000002,0.41000000000000014,5.98,-0.06180000000000008,0.2674245076586433,0.3071687697160883,0.22066157760814245,0.5382992213570634,0.005757559248161269,0.9871503957783642,0.7490039761431413,0.006457916499933296,0.8239978284473399,0.2498618925831202,0.1596564102564103,0.028267759562841676,0.0168917197452229,0.2211027190332326,0.41781176470588244,0.2674245076586433,0.3071687697160883,0.5382992213570634,0.22066157760814245,0.005757559248161269,0.9871503957783642,0.7490039761431413,0.006457916499933296,0.8239978284473399,0.2498618925831202,0.1596564102564103,0.028267759562841676,0.0168917197452229,0.2211027190332326,0.41781176470588244,0.2826646807067795,0.34464758146530533,0.07199575188222147,0.5112527421369224,0.04841323695089177,0.28519947117005445,0.30599407822387564,0.12962999528359945,0.09005933362274877,0.15036775903754596,0.17066802166742712,0.020768190140800707,0.5090063194044818,0.15149995179975245,0.1132595235637131,0.2124866230972393,0.09922709953352621,20
IND,India,印度,2002,16.3,8.25,6.36,1.55,0.2847,3.64,5.26,1.0523,0.837,0.0845,2.66,3.08,0.25,0.384,6.32,1208.0,0.54,0.41999999999999993,5.64,-0.05230000000000001,0.2717921225382932,0.3189747634069401,0.13178117048346052,0.5005550611790878,0.010379188232089373,0.999,0.7876938369781312,0.01910430839002275,0.6148621064060803,0.2273154305200341,0.1647743589743589,0.03372131147540987,0.03278343949044585,0.23316314199395768,0.42074705882352964,0.2717921225382932,0.3189747634069401,0.5005550611790878,0.13178117048346052,0.010379188232089373,0.999,0.7876938369781312,0.01910430839002275,0.6148621064060803,0.2273154305200341,0.1647743589743589,0.03372131147540987,0.03278343949044585,0.23316314199395768,0.42074705882352964,0.2897641471716579,0.2568340550892743,0.1084066725686006,0.4129697150694152,0.06307010355526128,0.29525983650175863,0.27611362185798494,0.16192528544070137,0.10825721114332383,0.16841829592762034,0.1800813640766732,0.023634173364784756,0.5090063194044818,0.16908302634855998,0.1335762198290446,0.2148470496424048,0.0812708298133602,20
IND,India,印度,2003,16.4,8.78,6.5,2.75,0.2881,3.34,5.15,1.0408,1.117,0.0969,2.64,3.08,0.26,0.392,6.34,1261.0,0.56,0.41999999999999993,5.5,-0.04079999999999995,0.27615973741794303,0.3606892744479495,0.284147582697201,0.4850133481646274,0.015000817216017478,0.9595013192612136,0.7767813121272368,0.034413098572762604,0.7665667752442997,0.2800656436487638,0.1750102564102564,0.03372131147540987,0.048675159235668786,0.24522356495468278,0.4266176470588236,0.27615973741794303,0.3606892744479495,0.4850133481646274,0.284147582697201,0.015000817216017478,0.9595013192612136,0.7767813121272368,0.034413098572762604,0.7665667752442997,0.2800656436487638,0.1750102564102564,0.03372131147540987,0.048675159235668786,0.24522356495468278,0.4266176470588236,0.3072907645245809,0.37123492623520055,0.13435855291409965,0.5124292710997098,0.07274262210520323,0.3060221397513057,0.3314280305579405,0.20075940565240563,0.12027526300352523,0.20009674590188067,0.21581475032940198,0.03539736064636588,0.5090063194044818,0.20082393942703647,0.15388541998800193,0.2571373147119456,0.1032518947239437,19
IND,India,印度,2004,16.5,7.77,7.19,2.65,0.2916,3.26,5.6,0.9759,0.964,0.0949,2.62,3.08,0.27,0.4,6.36,1313.0,0.5800000000000001,0.41999999999999993,4.81,0.02410000000000001,0.280527352297593,0.2811955835962145,0.2714503816793893,0.4084149054505005,0.019758376464178745,0.9489683377308705,0.821423459244533,0.1208079231692678,0.6836710097719869,0.2715575447570332,0.1852461538461538,0.03372131147540987,0.06456687898089174,0.2572839879154079,0.4324882352941179,0.280527352297593,0.2811955835962145,0.4084149054505005,0.2714503816793893,0.019758376464178745,0.9489683377308705,0.821423459244533,0.1208079231692678,0.6836710097719869,0.2715575447570332,0.1852461538461538,0.03372131147540987,0.06456687898089174,0.2572839879154079,0.4324882352941179,0.2807944540477695,0.33296303393633664,0.1897139063303441,0.47255574579107384,0.08099793653348931,0.3166922054443238,0.30060176313753434,0.24946253485025602,0.13053625589801943,0.21722956625365936,0.22912641965076855,0.04011250715577122,0.5090063194044818,0.21726528834117326,0.16766177375340893,0.2601769930249913,0.09251521927158238,19
IND,India,印度,2005,16.6,8.75,6.98,2.54,0.295,3.44,5.11,1.0148,1.057,0.0823,2.61,3.07,0.28,0.408,6.37,1366.0,0.5900000000000003,0.43000000000000016,5.02,-0.014799999999999924,0.28489496717724294,0.35832807570977915,0.25748346055979643,0.43172747497219127,0.024380005448106777,0.9726675461741424,0.7728131212723659,0.06902427637721774,0.7340586319218241,0.2179565217391304,0.19036410256410263,0.0391748633879783,0.08045859872611467,0.26934441087613287,0.4354235294117649,0.28489496717724294,0.35832807570977915,0.43172747497219127,0.25748346055979643,0.024380005448106777,0.9726675461741424,0.7728131212723659,0.06902427637721774,0.7340586319218241,0.2179565217391304,0.19036410256410263,0.0391748633879783,0.08045859872611467,0.26934441087613287,0.4354235294117649,0.3122649222866267,0.33341068410382824,0.17902770325910222,0.4516337590456086,0.09149724316936908,0.3263995402033927,0.3205573401329932,0.23630890475932134,0.1427997819130277,0.2226291437262144,0.2335306985175348,0.040787500034550124,0.5090063194044818,0.2234567600341292,0.17753689921014515,0.268530416113512,0.09099351690336688,20
IND,India,印度,2006,16.7,8.42,6.31,2.67,0.2984,3.4,5.16,1.0273,0.983,0.0976,2.6,3.06,0.29,0.416,6.38,1418.0,0.6000000000000001,0.43999999999999995,5.69,-0.027300000000000102,0.28926258205689276,0.33235488958990533,0.27398982188295157,0.5061056729699668,0.02900163443203488,0.9674010554089709,0.7777733598409544,0.05238428704815255,0.6939652551574376,0.28304347826086956,0.19548205128205126,0.04462841530054648,0.09635031847133753,0.28140483383685794,0.43835882352941186,0.28926258205689276,0.33235488958990533,0.5061056729699668,0.27398982188295157,0.02900163443203488,0.9674010554089709,0.7777733598409544,0.05238428704815255,0.6939652551574376,0.28304347826086956,0.19548205128205126,0.04462841530054648,0.09635031847133753,0.28140483383685794,0.43835882352941186,0.3057850045294845,0.37238126052608034,0.17851793512643552,0.4847791102908697,0.10150376258359739,0.33599346693376503,0.3308604358783329,0.24090203437938915,0.15432247623483697,0.2318239990423478,0.24191568738570662,0.043184657705612924,0.5090063194044818,0.2327259259878952,0.18827884123401842,0.27789518040986644,0.08961633917584802,19
IND,India,印度,2007,16.8,8.03,7.39,2.73,0.3018,3.27,4.81,1.0244,1.04,0.076,2.58,3.06,0.3,0.424,6.4,1471.0,0.6200000000000001,0.43999999999999995,4.61,-0.024399999999999977,0.2936301969365427,0.3016593059936908,0.28160814249363864,0.3862124582869856,0.03362326341596298,0.9502849604221636,0.743051689860835,0.05624476457249578,0.7248479913137893,0.19115601023017897,0.2057179487179487,0.04462841530054648,0.11224203821656047,0.293465256797583,0.44422941176470615,0.2936301969365427,0.3016593059936908,0.3862124582869856,0.28160814249363864,0.03362326341596298,0.9502849604221636,0.743051689860835,0.05624476457249578,0.7248479913137893,0.19115601023017897,0.2057179487179487,0.04462841530054648,0.11224203821656047,0.293465256797583,0.44422941176470615,0.2968158720488865,0.32978867928735806,0.1863058963997151,0.4253077992325887,0.10845235255060184,0.34639924701202834,0.3095897474474326,0.23865449802814184,0.16283856401565283,0.2300758312574387,0.23719029265018238,0.04021692613645508,0.5090063194044818,0.23080548543676524,0.19283740509419534,0.26764858421851145,0.07481117912431612,20
IND,India,印度,2008,16.9,9.08,6.2,2.09,0.3053,2.65,5.08,0.9907,1.158,0.094,2.56,3.06,0.31,0.432,6.42,1523.0,0.6400000000000001,0.43999999999999995,5.8,0.009299999999999975,0.2979978118161925,0.384301261829653,0.20034605597964372,0.5183170189098999,0.03838082266412425,0.8686543535620053,0.7698369781312129,0.10110617580365484,0.7887806731813245,0.26772890025575447,0.21595384615384614,0.04462841530054648,0.12813375796178342,0.30552567975830813,0.4501000000000001,0.2979978118161925,0.384301261829653,0.5183170189098999,0.20034605597964372,0.03838082266412425,0.8686543535620053,0.7698369781312129,0.10110617580365484,0.7887806731813245,0.26772890025575447,0.21595384615384614,0.04462841530054648,0.12813375796178342,0.30552567975830813,0.4501000000000001,0.3299108276010172,0.3222464437130763,0.21503109316583946,0.5119786586236075,0.11506066669287719,0.3567403520718658,0.3268234384558666,0.2789500485875335,0.17097230185665663,0.25257028985112756,0.26091874152877037,0.049844742170582386,0.5090063194044818,0.252718545316229,0.2070121108209863,0.2908633703229308,0.0838512595019445,19
IND,India,印度,2009,17.0,7.92,7.08,3.22,0.3087,2.39,5.28,1.0234,1.011,0.0926,2.55,3.05,0.32,0.44,6.43,1576.0,0.6500000000000004,0.4500000000000002,4.92,-0.023400000000000087,0.30236542669584243,0.2930015772870663,0.343824427480916,0.4206262513904338,0.04300245164805228,0.8344221635883905,0.7896779324055667,0.05757596371882084,0.7091357220412595,0.26177323103154304,0.22107179487179499,0.05008196721311492,0.14402547770700636,0.3175861027190332,0.4530352941176471,0.30236542669584243,0.2930015772870663,0.4206262513904338,0.343824427480916,0.04300245164805228,0.8344221635883905,0.7896779324055667,0.05757596371882084,0.7091357220412595,0.26177323103154304,0.22107179487179499,0.05008196721311492,0.14402547770700636,0.3175861027190332,0.4530352941176471,0.2985845020543361,0.3802914409604294,0.19806382701770295,0.4760008313690426,0.12452299167427226,0.3660746947162478,0.3289174977175238,0.2576593635996685,0.1816191350592973,0.2496277982009176,0.25622473527291373,0.04660666792787454,0.5090063194044818,0.25035233284856706,0.2122644477161282,0.2873273454013063,0.07506289768517807,20
IND,India,印度,2010,17.1,8.58,6.6,2.92,0.3121,2.34,5.5,0.9874,1.165,0.1,2.54,3.04,0.33,0.448,6.44,1628.0,0.6600000000000001,0.45999999999999996,5.4,0.012599999999999945,0.30673304157549236,0.3449479495268139,0.30573282442748084,0.4739121245828699,0.04762408063198039,0.827839050131926,0.8115029821073559,0.10549913298652797,0.7925732899022802,0.29325319693094626,0.22618974358974359,0.05553551912568311,0.15991719745222932,0.3296465256797583,0.4559705882352944,0.30673304157549236,0.3449479495268139,0.4739121245828699,0.30573282442748084,0.04762408063198039,0.827839050131926,0.8115029821073559,0.10549913298652797,0.7925732899022802,0.29325319693094626,0.22618974358974359,0.05553551912568311,0.15991719745222932,0.3296465256797583,0.4559705882352944,0.32148281594105194,0.38064483758373635,0.23163637871032838,0.5325014093188538,0.13376083313100334,0.3753218373489131,0.34395579898229867,0.2973452226297064,0.19193543844946234,0.2723966282798937,0.2797054602814109,0.05656524429385619,0.5090063194044818,0.27257176909875214,0.22783603462418026,0.30937108593984336,0.0815350513156631,20
IND,India,印度,2011,17.2,8.77,6.82,3.19,0.3156,2.42,5.4,0.984,1.029,0.0949,2.52,3.04,0.34,0.456,6.46,1681.0,0.6800000000000002,0.45999999999999996,5.18,0.016000000000000014,0.3111006564551422,0.3599022082018927,0.34001526717557246,0.44948943270300334,0.052381639880141655,0.838372031662269,0.801582504970179,0.11002521008403372,0.7188881650380021,0.2715575447570332,0.23642564102564104,0.05553551912568311,0.17580891719745226,0.3417069486404834,0.46184117647058837,0.3111006564551422,0.3599022082018927,0.44948943270300334,0.34001526717557246,0.052381639880141655,0.838372031662269,0.801582504970179,0.11002521008403372,0.7188881650380021,0.2715575447570332,0.23642564102564104,0.05553551912568311,0.17580891719745226,0.3417069486404834,0.46184117647058837,0.32977244258419375,0.39093895885816776,0.24038005009113747,0.4870141164481159,0.1400752320453109,0.38546890176952336,0.352997961504503,0.29709227530123167,0.19963245572284424,0.27768827836189314,0.28462603528869684,0.058250865437687996,0.5090063194044818,0.2783132052611532,0.2345697471876027,0.31528626058737225,0.08071651339976954,20
IND,India,印度,2012,17.3,8.66,6.22,2.59,0.319,2.37,5.15,0.9864,1.157,0.0961,2.5,3.04,0.35,0.464,6.48,1733.0,0.7000000000000002,0.45999999999999996,5.78,0.013599999999999945,0.31546827133479216,0.35124447949526816,0.2638320610687022,0.5160967741935485,0.057003268864069756,0.8317889182058048,0.7767813121272368,0.10683033213285316,0.7882388707926168,0.27666240409207155,0.2466615384615385,0.05553551912568311,0.1917006369426751,0.35376737160120847,0.46771176470588266,0.31546827133479216,0.35124447949526816,0.5160967741935485,0.2638320610687022,0.057003268864069756,0.8317889182058048,0.7767813121272368,0.10683033213285316,0.7882388707926168,0.27666240409207155,0.2466615384615385,0.05553551912568311,0.1917006369426751,0.35376737160120847,0.46771176470588266,0.32931932340053766,0.36900254151752465,0.2427095241214636,0.5185310497677216,0.1462173443670063,0.39556875699210164,0.3446530067547027,0.3047847290272946,0.20714620136510384,0.2816404275194279,0.2874536540468598,0.058590931035289714,0.5090063194044818,0.2817686825583963,0.24082687063111338,0.31463148360545784,0.07380461297434446,17
IND,India,印度,2013,17.4,9.13,6.95,2.41,0.3224,2.39,5.08,0.9845,1.036,0.1112,2.49,3.03,0.36,0.472,6.49,1786.0,0.71,0.4700000000000002,5.05,0.015499999999999958,0.319835886214442,0.388236593059937,0.2409770992366412,0.43505784204671855,0.061624897847997864,0.8344221635883905,0.7698369781312129,0.10935961051087105,0.7226807817589577,0.34089855072463765,0.2517794871794871,0.06098907103825154,0.20759235668789805,0.3658277945619335,0.47064705882352964,0.319835886214442,0.388236593059937,0.43505784204671855,0.2409770992366412,0.061624897847997864,0.8344221635883905,0.7698369781312129,0.10935961051087105,0.7226807817589577,0.34089855072463765,0.2517794871794871,0.06098907103825154,0.20759235668789805,0.3658277945619335,0.47064705882352964,0.3456168450065091,0.3237884753609539,0.24925530162638687,0.5350790722208185,0.15529130913454034,0.40461703094109214,0.3367142493066852,0.31345591732988626,0.2171256361456603,0.28685496347923045,0.29153433256765815,0.05919938949949141,0.5090063194044818,0.2866480162687398,0.2492102078710367,0.3153776743001029,0.06616746642906618,19
IND,India,印度,2014,17.5,9.38,6.96,2.79,0.3259,2.43,5.15,0.9807,1.048,0.1045,2.48,3.02,0.37,0.48,6.5,1838.0,0.7200000000000002,0.48,5.04,0.019299999999999984,0.3242035010940919,0.4079132492113565,0.28922646310432565,0.43394771968854284,0.06638245709615914,0.839688654353562,0.7767813121272368,0.11441816726690683,0.7291824104234528,0.3123964194373401,0.2568974358974359,0.06644262295081974,0.223484076433121,0.37788821752265855,0.4735823529411766,0.3242035010940919,0.4079132492113565,0.43394771968854284,0.28922646310432565,0.06638245709615914,0.839688654353562,0.7767813121272368,0.11441816726690683,0.7291824104234528,0.3123964194373401,0.2568974358974359,0.06644262295081974,0.223484076433121,0.37788821752265855,0.4735823529411766,0.35540026308816386,0.35427272564749407,0.2581780152985523,0.5194982983776547,0.16421465558764115,0.4135958904797041,0.3549488181190936,0.3184334772785881,0.226892123216047,0.29716867907900807,0.30192567331197745,0.0637454651741757,0.5090063194044818,0.29729311136031156,0.25898698224069977,0.3275647852422215,0.06857780300152172,19
IND,India,印度,2015,17.6,8.95,5.83,3.2,0.3293,2.41,5.49,0.997,0.988,0.0921,2.46,3.02,0.38,0.488,6.52,1891.0,0.7400000000000002,0.48,6.17,0.0030000000000000027,0.32857111597374183,0.37406940063091476,0.3412849872773537,0.5593915461624027,0.07100408608008717,0.8370554089709762,0.8105109343936383,0.09271962118180616,0.6966742671009771,0.2596462063086104,0.2671333333333334,0.06644262295081974,0.23937579617834395,0.3899486404833837,0.4794529411764706,0.32857111597374183,0.37406940063091476,0.5593915461624027,0.3412849872773537,0.07100408608008717,0.8370554089709762,0.8105109343936383,0.09271962118180616,0.6966742671009771,0.2596462063086104,0.2671333333333334,0.06644262295081974,0.23937579617834395,0.3899486404833837,0.4794529411764706,0.34606565736987493,0.43693470532231105,0.25509244920920393,0.46942979841470295,0.17027439062482452,0.4235482007536239,0.3798933738525502,0.3063088316506849,0.23424108011915745,0.3014818986584689,0.30676386885178625,0.06590066978365543,0.5090063194044818,0.3021293375708034,0.2649498804704143,0.33891309586035967,0.07396321538994538,19
IND,India,印度,2016,17.7,8.99,6.59,2.44,0.3327,2.24,5.41,0.9724,1.161,0.088,2.44,3.02,0.39,0.496,6.54,1943.0,0.7600000000000002,0.48,5.41,0.027599999999999958,0.33293873085339165,0.377217665615142,0.24478625954198469,0.4750222469410456,0.07562571506401526,0.8146728232189973,0.8025745526838968,0.12546712018140593,0.7904060803474484,0.2422046035805626,0.27736923076923087,0.06644262295081974,0.2552675159235669,0.40200906344410875,0.4853235294117649,0.33293873085339165,0.377217665615142,0.4750222469410456,0.24478625954198469,0.07562571506401526,0.8146728232189973,0.8025745526838968,0.12546712018140593,0.7904060803474484,0.2422046035805626,0.27736923076923087,0.06644262295081974,0.2552675159235669,0.40200906344410875,0.4853235294117649,0.3499898108692494,0.3409969487076498,0.27363647535904134,0.49247378895837307,0.1762203295580399,0.43346500934664445,0.3463645513540055,0.32638991237723686,0.24147396978242902,0.3035399225512501,0.3069075212918251,0.06428673424471738,0.5090063194044818,0.3033551968045973,0.27041075877505466,0.3281446733988108,0.057733914623756155,17
IND,India,印度,2017,17.8,9.04,6.71,2.93,0.3361,2.26,5.04,0.9397,1.118,0.1066,2.43,3.01,0.4,0.504,6.55,1996.0,0.77,0.4900000000000002,5.29,0.06030000000000002,0.3373063457330416,0.3811529968454258,0.30700254452926207,0.4617007786429366,0.08024734404794337,0.817306068601583,0.765868787276342,0.16899733226623992,0.7671085776330077,0.3213299232736573,0.28248717948717944,0.07189617486338816,0.2711592356687898,0.4140694864048338,0.48825882352941186,0.3373063457330416,0.3811529968454258,0.4617007786429366,0.30700254452926207,0.08024734404794337,0.817306068601583,0.765868787276342,0.16899733226623992,0.7671085776330077,0.3213299232736573,0.28248717948717944,0.07189617486338816,0.2711592356687898,0.4140694864048338,0.48825882352941186,0.35420480022019485,0.3764881324218907,0.29244213344221565,0.5416198486759789,0.1850881236627185,0.44228679862144316,0.36295533292750753,0.35183280594396166,0.25106862906305055,0.32094323266991104,0.3249403109747521,0.07301578285933406,0.5090063194044818,0.3201657773234776,0.28354964967083984,0.3480491135558021,0.06449946388496225,17
IND,India,印度,2018,17.9,8.5,6.55,2.4,0.3396,2.34,4.98,0.9588,1.169,0.1091,2.42,3.0,0.41,0.512,6.56,2048.0,0.7800000000000002,0.5,5.45,0.041200000000000014,0.3416739606126914,0.33865141955835965,0.23970737913486,0.47946273637374864,0.08500490329610463,0.827839050131926,0.7599165009940358,0.14357142857142868,0.7947404994571119,0.3319650468883205,0.2876051282051283,0.07734972677595636,0.28705095541401265,0.42612990936555895,0.49119411764705884,0.3416739606126914,0.33865141955835965,0.47946273637374864,0.23970737913486,0.08500490329610463,0.827839050131926,0.7599165009940358,0.14357142857142868,0.7947404994571119,0.3319650468883205,0.2876051282051283,0.07734972677595636,0.28705095541401265,0.42612990936555895,0.49119411764705884,0.34046172037848854,0.33901438897040875,0.2883531788905284,0.5604955261123578,0.19384026034485757,0.45105185527089114,0.3398820478093428,0.3519807931690372,0.26050607506320916,0.31823754156348505,0.32090875412938047,0.06877399860778256,0.5090063194044818,0.3165874062992397,0.28734329580742113,0.33895376173169484,0.05161046592427371,18
IND,India,印度,2019,18.0,8.6,6.73,2.62,0.343,2.19,4.91,0.971,1.131,0.0931,2.4,3.0,0.42,0.52,6.58,2101.0,0.8000000000000003,0.5,5.27,0.029000000000000026,0.3460415754923414,0.3465220820189274,0.2676412213740457,0.4594805339265851,0.08962653228003274,0.808089709762533,0.752972166998012,0.1273307989862613,0.7741520086862107,0.2639002557544757,0.2978410256410257,0.07734972677595636,0.3029426751592356,0.438190332326284,0.49706470588235313,0.3460415754923414,0.3465220820189274,0.4594805339265851,0.2676412213740457,0.08962653228003274,0.808089709762533,0.752972166998012,0.1273307989862613,0.7741520086862107,0.2639002557544757,0.2978410256410257,0.07734972677595636,0.3029426751592356,0.438190332326284,0.49706470588235313,0.3462336980955881,0.3506792427528465,0.28364641299221593,0.5033518526620012,0.19977428249504395,0.4608534529706046,0.34800511292804964,0.33690356650841463,0.2676687820119287,0.317509882771269,0.3194635950853593,0.06767999242361449,0.5090063194044818,0.31713336612597864,0.2913421178952994,0.33623044119057643,0.04488832329527703,19
IND,India,印度,2020,23.1,12.47,6.88,2.51,0.3395,-0.48,3.09,0.9226,1.258,0.09,2.38,3.0,0.43,0.528,6.6,2078.0,0.8200000000000003,0.5,5.12,0.07740000000000002,0.5687899343544859,0.6511167192429024,0.25367430025445287,0.44282869855394885,0.08486897303187148,0.4565514511873351,0.5724194831013918,0.19176083766840082,0.8429609120521173,0.2507127024722932,0.30807692307692314,0.07734972677595636,0.3188343949044586,0.4502507552870091,0.5029352941176471,0.5687899343544859,0.6511167192429024,0.44282869855394885,0.25367430025445287,0.08486897303187148,0.4565514511873351,0.5724194831013918,0.19176083766840082,0.8429609120521173,0.2507127024722932,0.30807692307692314,0.07734972677595636,0.3188343949044586,0.4502507552870091,0.5029352941176471,0.6003917006191348,0.33516303531007563,0.24517585664662528,0.5189852290272297,0.20562260276261474,0.4706277329878917,0.47551394108620487,0.30703005487131924,0.27474714254771426,0.3386111756358053,0.3478903470387034,0.08462357896880776,0.5090063194044818,0.34026942986118,0.299506112452859,0.39976613265535893,0.10026002020249991,16
IND,India,印度,2021,16.2,8.14,7.27,2.48,0.3499,2.8,6.29,0.9217,1.042,0.097,2.37,2.99,0.44,0.536,6.61,2206.0,0.8300000000000001,0.5099999999999998,4.73,0.07830000000000004,0.2674245076586433,0.3103170347003155,0.24986513994910936,0.39953392658509457,0.09900572051212204,0.8884036939313984,0.8898747514910539,0.19295891690009348,0.7259315960912052,0.2804910485933504,0.3131948717948718,0.08280327868852454,0.3347261146496815,0.46231117824773416,0.5058705882352944,0.2674245076586433,0.3103170347003155,0.39953392658509457,0.24986513994910936,0.09900572051212204,0.8884036939313984,0.8898747514910539,0.19295891690009348,0.7259315960912052,0.2804910485933504,0.3131948717948718,0.08280327868852454,0.3347261146496815,0.46231117824773416,0.5058705882352944,0.28381998293332644,0.3159582258473449,0.33905946095495526,0.49625514461378983,0.21436160294509535,0.47926576620407774,0.2962631583486254,0.38010590254866217,0.28408433753760115,0.32322081953304804,0.32614660978533283,0.06562756996717438,0.5090063194044818,0.3163413998055556,0.2961459848201984,0.3475642992213315,0.05141831440113309,17
IND,India,印度,2022,18.3,9.15,6.0,2.47,0.3533,2.72,5.12,0.9123,1.302,0.0973,2.36,2.98,0.45,0.544,6.62,2259.0,0.8400000000000003,0.52,6.0,0.0877,0.35914442013129105,0.3898107255520505,0.24859541984732825,0.540519466073415,0.10362734949605014,0.8778707124010555,0.7738051689860835,0.20547218887555033,0.8668002171552661,0.28176726342710995,0.3183128205128206,0.08825683060109296,0.35061783439490446,0.4743716012084593,0.5088058823529413,0.35914442013129105,0.3898107255520505,0.540519466073415,0.24859541984732825,0.10362734949605014,0.8778707124010555,0.7738051689860835,0.20547218887555033,0.8668002171552661,0.28176726342710995,0.3183128205128206,0.08825683060109296,0.35061783439490446,0.4743716012084593,0.5088058823529413,0.37111028260757967,0.3665660426228462,0.3351262703446391,0.5529777034151793,0.2230058990977252,0.48785645806871336,0.3692858653580994,0.389455837157757,0.2932971540261397,0.3520338677167131,0.3545572406783746,0.084268058838034,0.5090063194044818,0.34994398214398925,0.3206055600831092,0.37279810150505377,0.05219254142194457,19
IND,India,印度,2023,18.4,8.84,7.06,2.06,0.3567,2.64,5.26,0.9182,1.118,0.0823,2.34,2.98,0.46,0.552,6.64,2311.0,0.8600000000000003,0.52,4.94,0.08179999999999998,0.36351203501094087,0.36541167192429025,0.19653689567430022,0.4228464961067854,0.10824897847997825,0.8673377308707124,0.7876938369781312,0.1976181139122316,0.7671085776330077,0.2179565217391304,0.32854871794871804,0.08825683060109296,0.3665095541401274,0.48643202416918435,0.5146764705882354,0.36351203501094087,0.36541167192429025,0.4228464961067854,0.19653689567430022,0.10824897847997825,0.8673377308707124,0.7876938369781312,0.1976181139122316,0.7671085776330077,0.2179565217391304,0.32854871794871804,0.08825683060109296,0.3665095541401274,0.48643202416918435,0.5146764705882354,0.364270701833142,0.28827927031193673,0.3373874421630935,0.463726645345915,0.22887059519966907,0.49753887632437854,0.33172630490380256,0.37116657113751866,0.3003467637198143,0.33678163600503125,0.3380885490420925,0.07244166781733254,0.5090063194044818,0.3334538948739993,0.316131437888951,0.35249605150515567,0.03636461361620469,19
ITA,Italy,意大利,2000,17.62,8.93,3.73,3.24,0.8532,-0.52,0.47,0.4516,-0.296,0.1002,1.61,3.08,0.542,0.641,7.77,17445.0,1.59,0.41999999999999993,8.27,0.5484,0.32944463894967185,0.37249526813880124,0.34636386768447835,0.7925172413793103,0.7831427403977117,0.45128496042216354,0.31250298210735583,0.8187556355875684,0.001,0.2941040068201193,0.7021589743589745,0.03372131147540987,0.4968216560509555,0.6206042296072507,0.846364705882353,0.32944463894967185,0.37249526813880124,0.7925172413793103,0.34636386768447835,0.7831427403977117,0.45128496042216354,0.31250298210735583,0.8187556355875684,0.001,0.2941040068201193,0.7021589743589745,0.03372131147540987,0.4968216560509555,0.6206042296072507,0.846364705882353,0.346033201519138,0.5239268431095808,0.5471537688140771,0.009714050939044417,0.25456909159865077,0.702606003762348,0.4084876421371876,0.16326635215540594,0.36318076335354643,0.27324309988089407,0.2968070625093826,0.040745053417713936,0.6341360740145129,0.29363226473607973,0.21755640110395738,0.36107003428601897,0.1435136331820616,15
ITA,Italy,意大利,2001,17.64,9.24,2.56,2.53,0.8516,-0.42,0.06,0.4405,-0.17,0.0989,1.6,3.07,0.544,0.642,7.77,18275.0,1.6,0.43000000000000016,9.44,0.5595,0.33031816192560176,0.39689432176656153,0.2562137404580152,0.9224015572858733,0.7809678561699811,0.46445118733509233,0.27182902584493046,0.8335319461117782,0.06926710097719868,0.2885737425404944,0.7072769230769231,0.0391748633879783,0.5000000000000001,0.6221117824773414,0.846364705882353,0.33031816192560176,0.39689432176656153,0.9224015572858733,0.2562137404580152,0.7809678561699811,0.46445118733509233,0.27182902584493046,0.8335319461117782,0.06926710097719868,0.2885737425404944,0.7072769230769231,0.0391748633879783,0.5000000000000001,0.6221117824773414,0.846364705882353,0.3554916679844208,0.48613984942248023,0.5336830063913554,0.1225798065698595,0.2675648402766531,0.703629556255184,0.4029045246400813,0.34326066651077497,0.37531792303174455,0.36993894290471374,0.37077100090585774,0.08512513163574681,0.6341360740145129,0.37315956652022275,0.35748976917225705,0.38804002138342486,0.030550252211167805,10
ITA,Italy,意大利,2002,17.66,9.41,3.92,3.49,0.8499,0.04,0.07,0.4729,-0.222,0.1046,1.59,3.06,0.546,0.643,7.76,19106.0,1.61,0.43999999999999995,8.08,0.5271,0.3311916849015317,0.41027444794952683,0.3781068702290076,0.7714249165739712,0.778657041678017,0.5250158311345646,0.27282107355864815,0.7904010937708418,0.04109337676438653,0.3128218243819267,0.7123948717948718,0.04462841530054648,0.5031783439490447,0.623619335347432,0.843429411764706,0.3311916849015317,0.41027444794952683,0.7714249165739712,0.3781068702290076,0.778657041678017,0.5250158311345646,0.27282107355864815,0.7904010937708418,0.04109337676438653,0.3128218243819267,0.7123948717948718,0.04462841530054648,0.5031783439490447,0.623619335347432,0.843429411764706,0.3608090669984457,0.5400750511016571,0.5444850368968679,0.09255117052713527,0.27956856418433745,0.7036735709866516,0.4239826761454523,0.31996666836824283,0.3861867350677788,0.3683710864240578,0.37103749071126646,0.08406197128253848,0.6341360740145129,0.37500357432819054,0.3456943900401147,0.40050460413090583,0.05481021409079112,12
ITA,Italy,意大利,2003,17.68,9.09,3.53,2.7,0.8483,-0.28,0.16,0.4722,-0.126,0.1001,1.58,3.05,0.548,0.644,7.76,19937.0,1.62,0.4500000000000002,8.47,0.5278,0.33206520787746174,0.38508832807570975,0.27779898218829513,0.8147196885428255,0.776482157450286,0.48288390501319267,0.2817495029821074,0.7913329331732694,0.09310640608034744,0.2936786018755328,0.7175128205128205,0.05008196721311492,0.5063566878980893,0.6251268882175227,0.843429411764706,0.33206520787746174,0.38508832807570975,0.8147196885428255,0.27779898218829513,0.776482157450286,0.48288390501319267,0.2817495029821074,0.7913329331732694,0.09310640608034744,0.2936786018755328,0.7175128205128205,0.05008196721311492,0.5063566878980893,0.6251268882175227,0.843429411764706,0.35233693094174134,0.4757397400322594,0.5372021775977727,0.14741329695532207,0.290785833792666,0.7046937248557446,0.3973037576732698,0.36446634618743917,0.3963900558021858,0.38356290590325764,0.38389468251761233,0.09029867232343257,0.6341360740145129,0.3862279537567306,0.3749475808504803,0.3942566346077101,0.0193090537572298,9
ITA,Italy,意大利,2004,17.7,9.67,2.92,3.22,0.8467,-0.04,0.46,0.4493,-0.037,0.0953,1.57,3.04,0.55,0.645,7.76,20768.0,1.6300000000000001,0.45999999999999996,9.08,0.5507,0.33293873085339165,0.4307381703470031,0.343824427480916,0.8824371523915463,0.7743072732225552,0.5144828496042216,0.3115109343936382,0.8218173936241163,0.14132681867535288,0.27325916453537935,0.7226307692307693,0.05553551912568311,0.5095350318471339,0.6266344410876133,0.843429411764706,0.33293873085339165,0.4307381703470031,0.8824371523915463,0.343824427480916,0.7743072732225552,0.5144828496042216,0.3115109343936382,0.8218173936241163,0.14132681867535288,0.27325916453537935,0.7226307692307693,0.05553551912568311,0.5095350318471339,0.6266344410876133,0.843429411764706,0.3690659128935359,0.550820704684304,0.5634301937545273,0.18397747082371488,0.3013630794990835,0.7057128951189985,0.4331780718427297,0.4027332390437855,0.40590868886292536,0.41260589972111567,0.4128193238292107,0.10943865432120335,0.6341360740145129,0.41315976389498826,0.4062357283162689,0.42274930084213286,0.01651357252586394,9
ITA,Italy,意大利,2005,17.72,8.88,3.6,2.58,0.845,-0.01,0.06,0.4489,-0.095,0.0926,1.56,3.03,0.552,0.646,7.76,21598.0,1.6400000000000001,0.4700000000000002,8.4,0.5510999999999999,0.3338122538293216,0.36855993690851746,0.26256234096692105,0.8069488320355952,0.7719964587305911,0.5184327176781003,0.27182902584493046,0.8223498732826463,0.10990228013029316,0.26177323103154304,0.727748717948718,0.06098907103825154,0.5127133757961785,0.6281419939577039,0.843429411764706,0.3338122538293216,0.36855993690851746,0.8069488320355952,0.26256234096692105,0.7719964587305911,0.5184327176781003,0.27182902584493046,0.8223498732826463,0.10990228013029316,0.26177323103154304,0.727748717948718,0.06098907103825154,0.5127133757961785,0.6281419939577039,0.843429411764706,0.3472998653921697,0.46029813640703415,0.5451838421599925,0.1555156554258623,0.311408583748175,0.7067310850877195,0.38872140486329715,0.3742073536679472,0.41486217937116604,0.3903980296575733,0.3907580167375178,0.09176641067732223,0.6341360740145129,0.39179118865774754,0.3822482561392241,0.40317297263912255,0.020924716499898466,10
ITA,Italy,意大利,2006,17.74,8.76,3.24,3.62,0.8434,0.12,0.33,0.4428,-0.147,0.1054,1.55,3.02,0.554,0.647,7.76,22429.0,1.6500000000000001,0.48,8.76,0.5571999999999999,0.3346857768052515,0.35911514195583594,0.3946132315521628,0.8469132369299223,0.7698215745028605,0.5355488126649075,0.2986143141153082,0.83047018807523,0.08172855591748099,0.3162250639386189,0.7328666666666668,0.06644262295081974,0.5158917197452231,0.6296495468277946,0.843429411764706,0.3346857768052515,0.35911514195583594,0.8469132369299223,0.3946132315521628,0.7698215745028605,0.5355488126649075,0.2986143141153082,0.83047018807523,0.08172855591748099,0.3162250639386189,0.7328666666666668,0.06644262295081974,0.5158917197452231,0.6296495468277946,0.843429411764706,0.3442514996481315,0.5781030784118167,0.5633252959030779,0.1404180089933862,0.3210048435409962,0.7077482980541496,0.4235723644954021,0.37132853202788046,0.4233407962200481,0.40178031059158803,0.4026053610257872,0.09975808591899582,0.6341360740145129,0.4061223032818079,0.3879385617059491,0.41917802837651114,0.031239466670562044,9
ITA,Italy,意大利,2007,17.76,8.86,3.73,2.37,0.8417,-0.19,0.63,0.4473,-0.102,0.1024,1.54,3.01,0.556,0.648,7.75,23260.0,1.6600000000000001,0.4900000000000002,8.27,0.5527,0.3355592997811817,0.3669858044164037,0.2358982188295165,0.7925172413793103,0.7675107600108964,0.49473350923482845,0.328375745526839,0.8244797919167668,0.10610966340933768,0.30346291560102295,0.7379846153846155,0.07189617486338816,0.5190700636942677,0.6311570996978852,0.8404941176470591,0.3355592997811817,0.3669858044164037,0.7925172413793103,0.2358982188295165,0.7675107600108964,0.49473350923482845,0.328375745526839,0.8244797919167668,0.10610966340933768,0.30346291560102295,0.7379846153846155,0.07189617486338816,0.5190700636942677,0.6311570996978852,0.8404941176470591,0.3477933500343399,0.4323810884313296,0.5642180096874029,0.16154562935082586,0.33021625942890537,0.7077768513141367,0.37943679254359325,0.3877050206391614,0.43120393843569804,0.3976923324301544,0.39827422754945196,0.09377225828683104,0.6341360740145129,0.39777729823047747,0.38685049244347414,0.4142922155898442,0.027441723146370056,10
ITA,Italy,意大利,2008,17.78,8.46,3.64,2.84,0.8401,-0.06,0.39,0.4296,-0.227,0.0905,1.53,3.0,0.558,0.649,7.75,24090.0,1.6700000000000002,0.5,8.36,0.5704,0.33643282275711167,0.3355031545741326,0.2955750636132315,0.8025083426028922,0.7653358757831654,0.5118496042216358,0.30456660039761435,0.8480420168067228,0.038384364820846895,0.25283972719522585,0.7431025641025643,0.07734972677595636,0.5222484076433123,0.6326646525679759,0.8404941176470591,0.33643282275711167,0.3355031545741326,0.8025083426028922,0.2955750636132315,0.7653358757831654,0.5118496042216358,0.30456660039761435,0.8480420168067228,0.038384364820846895,0.25283972719522585,0.7431025641025643,0.07734972677595636,0.5222484076433123,0.6326646525679759,0.8404941176470591,0.3360606467534106,0.4870333196147865,0.5611064453850596,0.08158883656337197,0.33909413361474944,0.7087907052678402,0.38982892908366046,0.31464504889039463,0.4389241578455405,0.3707724235465935,0.37448394563491816,0.07857257100406928,0.6341360740145129,0.3781185740011769,0.3438355176669962,0.40895963730811197,0.06512411964111575,12
ITA,Italy,意大利,2009,17.8,8.63,3.33,2.37,0.8384,-0.06,-0.01,0.4369,-0.067,0.1287,1.52,2.99,0.56,0.65,7.75,24921.0,1.6800000000000002,0.5099999999999998,8.67,0.5630999999999999,0.3373063457330416,0.34888328075709785,0.2358982188295165,0.8369221357063404,0.7630250612912013,0.5118496042216358,0.2648846918489066,0.8383242630385487,0.12507274701411508,0.4153444160272805,0.7482205128205129,0.08280327868852454,0.5254267515923567,0.6341722054380665,0.8404941176470591,0.3373063457330416,0.34888328075709785,0.8369221357063404,0.2358982188295165,0.7630250612912013,0.5118496042216358,0.2648846918489066,0.8383242630385487,0.12507274701411508,0.4153444160272805,0.7482205128205129,0.08280327868852454,0.5254267515923567,0.6341722054380665,0.8404941176470591,0.3418902926911186,0.44432920353283173,0.5401244734572647,0.2021440504216382,0.3476800395864299,0.7098035933310137,0.3796767516796441,0.40220177993412737,0.4463393850494723,0.40785083905180486,0.40868555299238585,0.09828830302815077,0.6341360740145129,0.40758035517335495,0.39300172546546625,0.4269880291413855,0.03398630367591926,9
ITA,Italy,意大利,2010,17.82,8.48,2.96,2.78,0.8368,-0.37,0.21,0.4682,0.017,0.1009,1.51,2.98,0.562,0.651,7.75,25752.0,1.6900000000000002,0.52,9.04,0.5318,0.33817986870897154,0.3370772870662461,0.2879567430025444,0.8779966629588432,0.7608501770634704,0.4710343007915567,0.2867097415506959,0.7966577297585702,0.1705841476655809,0.297081841432225,0.7533384615384616,0.08825683060109296,0.5286050955414013,0.635679758308157,0.8404941176470591,0.33817986870897154,0.3370772870662461,0.8779966629588432,0.2879567430025444,0.7608501770634704,0.4710343007915567,0.2867097415506959,0.7966577297585702,0.1705841476655809,0.297081841432225,0.7533384615384616,0.08825683060109296,0.5286050955414013,0.635679758308157,0.8404941176470591,0.337738403925155,0.5028171232493293,0.5336639229840293,0.21296765299225928,0.3560081646270763,0.7108155187166936,0.39601559767010347,0.40511804155664505,0.45348600417592627,0.41621285324338925,0.41689769717646696,0.10373851370708638,0.6341360740145129,0.41630767779732036,0.40419088656996865,0.43465142640293053,0.030460539832961875,9
ITA,Italy,意大利,2011,17.84,8.52,2.64,2.98,0.8352,-0.0,0.12,0.4395,-0.002,0.1151,1.5,2.97,0.564,0.652,7.75,26582.0,1.7000000000000002,0.5299999999999998,9.36,0.5605,0.33905339168490156,0.34022555205047317,0.3133511450381679,0.9135205784204672,0.7586752928357399,0.5197493403693931,0.2777813121272366,0.8348631452581032,0.1602899022801303,0.35748934356351225,0.7584564102564103,0.09371038251366116,0.5317834394904458,0.6371873111782478,0.8404941176470591,0.33905339168490156,0.34022555205047317,0.9135205784204672,0.3133511450381679,0.7586752928357399,0.5197493403693931,0.2777813121272366,0.8348631452581032,0.1602899022801303,0.35748934356351225,0.7584564102564103,0.09371038251366116,0.5317834394904458,0.6371873111782478,0.8404941176470591,0.33952177044482645,0.5350259052270113,0.5472856780228149,0.220927072945091,0.3641069814622507,0.7118264846196372,0.40725882161110516,0.41689293935768384,0.46039415778703174,0.42649103563694096,0.42705306956251465,0.11027713884013356,0.6341360740145129,0.4265751801189664,0.41536120268398197,0.4433120158532694,0.027950813169287436,9
ITA,Italy,意大利,2012,17.86,9.36,3.21,2.94,0.8335,0.01,0.6,0.4429,-0.172,0.1159,1.49,2.96,0.566,0.653,7.74,27413.0,1.7100000000000002,0.54,8.79,0.5570999999999999,0.33992691466083147,0.4063391167192429,0.3082722646310432,0.8502436040044494,0.7563644783437756,0.521065963060686,0.32539960238568594,0.8303370681605975,0.06818349619978285,0.3608925831202046,0.763574358974359,0.09916393442622959,0.5349617834394904,0.6386948640483384,0.837558823529412,0.33992691466083147,0.4063391167192429,0.8502436040044494,0.3082722646310432,0.7563644783437756,0.521065963060686,0.32539960238568594,0.8303370681605975,0.06818349619978285,0.3608925831202046,0.763574358974359,0.09916393442622959,0.5349617834394904,0.6386948640483384,0.837558823529412,0.36507894289531356,0.5119633983933924,0.5685879524889287,0.13278797334286577,0.3720004684321344,0.711839661037201,0.4179531819091273,0.367541158722797,0.4668603915672654,0.4104089204509676,0.4124605355320366,0.10019635258643854,0.6341360740145129,0.4151049398664528,0.3897115651058668,0.4408055822299563,0.05109401712408951,10
ITA,Italy,意大利,2013,17.88,9.07,3.24,2.29,0.8319,-0.09,0.47,0.4248,-0.014,0.1182,1.48,2.95,0.568,0.654,7.74,28244.0,1.7200000000000002,0.5499999999999998,8.76,0.5751999999999999,0.34080043763676143,0.3835141955835963,0.22574045801526713,0.8469132369299223,0.7541895941160448,0.5078997361477573,0.31250298210735583,0.8544317727090835,0.15378827361563516,0.37067689684569477,0.7686923076923079,0.10461748633879778,0.538140127388535,0.640202416918429,0.837558823529412,0.34080043763676143,0.3835141955835963,0.8469132369299223,0.22574045801526713,0.7541895941160448,0.5078997361477573,0.31250298210735583,0.8544317727090835,0.15378827361563516,0.37067689684569477,0.7686923076923079,0.10461748633879778,0.538140127388535,0.640202416918429,0.837558823529412,0.35728325617981394,0.43724430471276937,0.5620017617782884,0.2186513385975679,0.37970901785554523,0.7128473064183046,0.38734438325777293,0.4233913841473675,0.47336034411565775,0.42626880046088755,0.42756797187097617,0.1074243512128715,0.6341360740145129,0.42587331666833445,0.40609139035943087,0.4497537590820112,0.043662368722580336,9
ITA,Italy,意大利,2014,17.9,8.81,3.05,2.41,0.8302,-0.02,0.29,0.4276,-0.001,0.1251,1.47,2.94,0.57,0.655,7.74,29074.0,1.7300000000000002,0.56,8.95,0.5724,0.3416739606126914,0.36305047318611994,0.2409770992366412,0.8680055617352614,0.7518787796240807,0.5171160949868073,0.29464612326043743,0.8507044150993731,0.1608317046688382,0.4000298380221653,0.7738102564102566,0.11007103825136622,0.5413184713375796,0.6417099697885197,0.837558823529412,0.3416739606126914,0.36305047318611994,0.8680055617352614,0.2409770992366412,0.7518787796240807,0.5171160949868073,0.29464612326043743,0.8507044150993731,0.1608317046688382,0.4000298380221653,0.7738102564102566,0.11007103825136622,0.5413184713375796,0.6417099697885197,0.837558823529412,0.35006922413238034,0.45735048090959146,0.5552931068022529,0.2315580873062522,0.3872501241063829,0.7138540031212235,0.38957583953960306,0.42713345015376136,0.47968684380892046,0.4302197863688825,0.4316321850660616,0.10945170852562484,0.6341360740145129,0.42980251481039855,0.40912724393221683,0.45487977480719083,0.045752530874973996,9
ITA,Italy,意大利,2015,17.92,9.01,3.89,2.35,0.8286,0.13,0.47,0.4402,0.01,0.1084,1.46,2.93,0.572,0.656,7.74,29905.0,1.7400000000000002,0.5699999999999998,8.11,0.5598000000000001,0.3425474835886215,0.3787917981072555,0.23335877862595417,0.7747552836484983,0.7497038953963497,0.5368654353562006,0.31250298210735583,0.8339313058556758,0.1667915309446254,0.32898721227621475,0.7789282051282053,0.1155245901639344,0.5444968152866242,0.6432175226586103,0.837558823529412,0.3425474835886215,0.3787917981072555,0.7747552836484983,0.23335877862595417,0.7497038953963497,0.5368654353562006,0.31250298210735583,0.8339313058556758,0.1667915309446254,0.32898721227621475,0.7789282051282053,0.1155245901639344,0.5444968152866242,0.6432175226586103,0.837558823529412,0.3566093251638133,0.42520106623363285,0.5660735831798094,0.21886484245856902,0.39463891291344727,0.7148597542646857,0.3826073910609681,0.4256609627150567,0.4858556255224477,0.42894707079510724,0.43080329006104745,0.10755977644278619,0.6341360740145129,0.4285028910853077,0.4048336428406248,0.45719922049555256,0.052365577654927775,9
ITA,Italy,意大利,2016,17.94,8.16,3.38,2.54,0.8269,-0.03,0.06,0.4403,0.06,0.1118,1.45,2.92,0.574,0.657,7.74,30736.0,1.7500000000000002,0.5800000000000001,8.620000000000001,0.5597,0.3434210065645515,0.31189116719242904,0.25748346055979643,0.8313715239154618,0.7473930809043856,0.5157994722955145,0.27182902584493046,0.833798185941043,0.1938816503800217,0.34345098039215677,0.784046153846154,0.12097814207650284,0.5476751592356688,0.644725075528701,0.837558823529412,0.3434210065645515,0.31189116719242904,0.8313715239154618,0.25748346055979643,0.7473930809043856,0.5157994722955145,0.27182902584493046,0.833798185941043,0.1938816503800217,0.34345098039215677,0.784046153846154,0.12097814207650284,0.5476751592356688,0.644725075528701,0.837558823529412,0.3304435995612069,0.4626709597420446,0.5407183293915612,0.2437069580851455,0.4018885541628915,0.715864562949884,0.37806572201009514,0.42573577197487295,0.49188034270987163,0.4290264701002685,0.43127812820593925,0.1067263471032665,0.6341360740145129,0.42856251138908047,0.4024948295821366,0.460188171802953,0.0576933422208164,9
ITA,Italy,意大利,2017,17.96,9.08,3.98,2.4,0.8253,-0.25,0.49,0.3913,0.098,0.1118,1.44,2.91,0.576,0.658,7.73,31567.0,1.7600000000000002,0.5899999999999999,8.02,0.6087,0.3442945295404814,0.384301261829653,0.23970737913486,0.7647641824249166,0.745218196676655,0.4868337730870712,0.3144870775347913,0.8990269441109778,0.21447014115092292,0.34345098039215677,0.7891641025641026,0.126431693989071,0.5508535031847134,0.6462326283987916,0.8346235294117651,0.3442945295404814,0.384301261829653,0.7647641824249166,0.23970737913486,0.745218196676655,0.4868337730870712,0.3144870775347913,0.8990269441109778,0.21447014115092292,0.34345098039215677,0.7891641025641026,0.126431693989071,0.5508535031847134,0.6462326283987916,0.8346235294117651,0.35977153369083364,0.42815840272648015,0.5606417719209783,0.2589202434761715,0.4090105878506497,0.7158624438565869,0.3857073076852006,0.4446615924203493,0.4975283245328131,0.440691375056274,0.4428353266335438,0.11415138697382557,0.6341360740145129,0.44023068456038916,0.4126883501070326,0.46964249607130787,0.05695414596427528,9
ITA,Italy,意大利,2018,17.98,9.88,3.61,2.23,0.8236,-0.21,0.3,0.4383,-0.078,0.1211,1.43,2.9,0.578,0.659,7.73,32397.0,1.7700000000000002,0.6000000000000001,8.39,0.5617,0.3451680525164114,0.44726656151419564,0.2181221374045801,0.8058387096774196,0.7429073821846909,0.49210026385224276,0.29563817097415507,0.8364605842336934,0.11911292073832788,0.3830136402387041,0.7942820512820514,0.13188524590163947,0.554031847133758,0.6477401812688821,0.8346235294117651,0.3451680525164114,0.44726656151419564,0.8058387096774196,0.2181221374045801,0.7429073821846909,0.49210026385224276,0.29563817097415507,0.8364605842336934,0.11911292073832788,0.3830136402387041,0.7942820512820514,0.13188524590163947,0.554031847133758,0.6477401812688821,0.8346235294117651,0.3828643484495122,0.4192508339385715,0.5450960369017283,0.1900470010024299,0.41601518435069246,0.7168639694338101,0.39702378980674674,0.3973648276859494,0.5032964093524102,0.4264497637472315,0.4290419908221268,0.10540717000319343,0.6341360740145129,0.42767710795175234,0.4041943341259002,0.46376665869841294,0.059572324572512714,9
ITA,Italy,意大利,2019,18.0,9.09,3.67,2.97,0.822,-0.12,0.12,0.4127,-0.071,0.1341,1.42,2.89,0.58,0.66,7.73,33228.0,1.7800000000000002,0.6099999999999999,8.33,0.5872999999999999,0.3460415754923414,0.38508832807570975,0.31208142493638674,0.799177975528365,0.74073249795696,0.5039498680738786,0.2777813121272366,0.8705392823796184,0.12290553745928337,0.43831628303495307,0.7994000000000001,0.13733879781420763,0.5572101910828026,0.6492477341389729,0.8346235294117651,0.3460415754923414,0.38508832807570975,0.799177975528365,0.31208142493638674,0.74073249795696,0.5039498680738786,0.2777813121272366,0.8705392823796184,0.12290553745928337,0.43831628303495307,0.7994000000000001,0.13733879781420763,0.5572101910828026,0.6492477341389729,0.8346235294117651,0.36116121931889883,0.4994082512140433,0.543724226927327,0.2043891850420944,0.4229113543564534,0.717864563062177,0.41115251554667276,0.40541746403631335,0.5089521516642795,0.4358780035510339,0.438198385777811,0.11179279750890452,0.6341360740145129,0.43731687545552567,0.41495786631099063,0.47158497283446704,0.05662710652347641,9
ITA,Italy,意大利,2020,23.02,11.99,3.25,2.4,0.8039,-3.09,-1.37,0.4089,-0.015,0.1123,1.41,2.88,0.582,0.661,7.73,32867.0,1.7900000000000003,0.6200000000000001,8.75,0.5911,0.5652958424507658,0.6133375394321767,0.23970737913486,0.8458031145717464,0.7161291201307546,0.11291292875989448,0.1299662027833002,0.8755978391356543,0.15324647122692725,0.3455780051150894,0.8045179487179489,0.1427923497267761,0.5603885350318472,0.6507552870090635,0.8346235294117651,0.5652958424507658,0.6133375394321767,0.8458031145717464,0.23970737913486,0.7161291201307546,0.11291292875989448,0.1299662027833002,0.8755978391356543,0.15324647122692725,0.3455780051150894,0.8045179487179489,0.1427923497267761,0.5603885350318472,0.6507552870090635,0.8346235294117651,0.5840436325521432,0.4502724151645258,0.30662097626429163,0.21215473402106222,0.42970711980314996,0.7188642277698647,0.5263290158670098,0.27454726492657994,0.5145037715192141,0.4029402126219295,0.42206874218649915,0.09727536764301863,0.6341360740145129,0.4245548643187038,0.3398819053455534,0.49526867746003356,0.15538677211448015,10
ITA,Italy,意大利,2021,16.04,6.67,3.59,2.61,0.8187,0.27,1.27,0.4159,0.125,0.1208,1.4,2.87,0.584,0.662,7.73,34889.0,1.8000000000000003,0.6299999999999999,8.41,0.5841000000000001,0.26043632385120347,0.19461829652996848,0.2663715012722646,0.808058954393771,0.736246799237265,0.5552981530343007,0.3918667992047714,0.866279445111378,0.2290988056460369,0.38173742540494454,0.8096358974358976,0.14824590163934426,0.5635668789808918,0.6522628398791541,0.8346235294117651,0.26043632385120347,0.19461829652996848,0.808058954393771,0.2663715012722646,0.736246799237265,0.5552981530343007,0.3918667992047714,0.866279445111378,0.2290988056460369,0.38173742540494454,0.8096358974358976,0.14824590163934426,0.5635668789808918,0.6522628398791541,0.8346235294117651,0.2317898426514657,0.46394382935692247,0.6054172659703799,0.28100858694953773,0.4364096542091101,0.7198629665682224,0.30594460657119965,0.48089940427172784,0.5199586030331372,0.42983835604756226,0.44013072458999225,0.09940842150885607,0.6341360740145129,0.42775857794155825,0.3639794995796649,0.48327525258477844,0.11929575300511353,9
ITA,Italy,意大利,2022,18.06,9.67,3.74,2.91,0.8171,0.0,0.55,0.4442,0.188,0.1315,1.39,2.86,0.586,0.663,7.72,35720.0,1.8100000000000003,0.6400000000000001,8.26,0.5558000000000001,0.3486621444201312,0.4307381703470031,0.30446310432569973,0.7914071190211347,0.7340719150095344,0.5197493403693931,0.3204393638170974,0.828606509270375,0.26323235613463625,0.4272557544757033,0.8147538461538463,0.15369945355191272,0.5667452229299363,0.6537703927492448,0.8316882352941178,0.3486621444201312,0.4307381703470031,0.7914071190211347,0.30446310432569973,0.7340719150095344,0.5197493403693931,0.3204393638170974,0.828606509270375,0.26323235613463625,0.4272557544757033,0.8147538461538463,0.15369945355191272,0.5667452229299363,0.6537703927492448,0.8316882352941178,0.3794269910200968,0.49087092829239054,0.5607589354956455,0.3195057886647217,0.4430253988104602,0.7198456301084013,0.42059476008777386,0.47368208654623417,0.5250641741392542,0.4714304797043426,0.47317051488660206,0.13507584537281378,0.6341360740145129,0.47103104370964044,0.4456019955427705,0.4986210187183239,0.053019023175553404,9
ITA,Italy,意大利,2023,18.08,9.15,3.44,2.78,0.8154,-0.23,0.36,0.4357,0.049,0.1205,1.38,2.85,0.588,0.664,7.72,36551.0,1.8200000000000003,0.6499999999999999,8.56,0.5643,0.3495356673960612,0.3898107255520505,0.2879567430025444,0.8247107897664072,0.7317611005175703,0.489467018469657,0.3015904572564613,0.8399217020141391,0.1879218241042345,0.380461210571185,0.8198717948717951,0.15915300546448088,0.5699235668789808,0.6552779456193354,0.8316882352941178,0.3495356673960612,0.3898107255520505,0.8247107897664072,0.2879567430025444,0.7317611005175703,0.489467018469657,0.3015904572564613,0.8399217020141391,0.1879218241042345,0.380461210571185,0.8198717948717951,0.15915300546448088,0.5699235668789808,0.6552779456193354,0.8316882352941178,0.3651206644007063,0.4873202570591446,0.5450593745945821,0.2491784533240439,0.44956015935898963,0.7208411221765707,0.4098147955214159,0.4309866473486202,0.5303418810270422,0.4517816566248945,0.4544416619039855,0.12018081108487064,0.6341360740145129,0.4519574886879937,0.42736480596238235,0.48995336155626495,0.0625885555938826,9
JPN,Japan,日本,2000,10.1,4.74,2.32,0.87,0.6475,0.71,0.39,0.4137,-0.048,0.1874,1.52,2.09,0.663,0.823,7.74,21130.0,1.6800000000000002,1.4100000000000001,9.68,0.5863,0.001,0.042714511041009484,0.04544020356234096,0.9490444938820912,0.5035341868700627,0.6132295514511874,0.30456660039761435,0.8692080832332935,0.1353669923995657,0.6650571184995737,0.7482205128205129,0.5736229508196722,0.689111464968153,0.8949788519637462,0.837558823529412,0.001,0.042714511041009484,0.9490444938820912,0.04544020356234096,0.5035341868700627,0.6132295514511874,0.30456660039761435,0.8692080832332935,0.1353669923995657,0.6650571184995737,0.7482205128205129,0.5736229508196722,0.689111464968153,0.8949788519637462,0.837558823529412,0.004489832876588313,0.20766505481597297,0.5203071303609806,0.25588878159158474,0.6740415096034338,0.8715529780872266,0.0208105459539484,0.42053022759723174,0.7374781279864111,0.20198944357400214,0.3956986932210006,0.006931732289499992,0.7057369238131048,0.1948547351949395,0.06659253031791015,0.44452786618505236,0.37793533586714223,18
JPN,Japan,日本,2001,10.2,5.61,2.65,1.35,0.6481,0.55,0.62,0.4609,-0.216,0.1805,1.51,2.09,0.666,0.826,7.74,22136.0,1.6900000000000002,1.4100000000000001,9.35,0.5391,0.005367614879649875,0.11118927444794956,0.10638676844783714,0.9124104560622915,0.5043497684554619,0.5921635883905013,0.3273836978131213,0.806375483526744,0.04434419109663409,0.635704177323103,0.7533384615384616,0.5736229508196722,0.6938789808917198,0.8995015105740181,0.837558823529412,0.005367614879649875,0.11118927444794956,0.9124104560622915,0.10638676844783714,0.5043497684554619,0.5921635883905013,0.3273836978131213,0.806375483526744,0.04434419109663409,0.635704177323103,0.7533384615384616,0.5736229508196722,0.6938789808917198,0.8995015105740181,0.837558823529412,0.018042385895939712,0.31155802014790834,0.5176088558237831,0.12864830494973273,0.6772813732307346,0.8741928810044745,0.056388683410039844,0.3408963954967701,0.7405637988567585,0.25076983466228187,0.3754443028787475,0.015262939801033092,0.7057369238131048,0.24693947230724508,0.12125018322090124,0.4560791296474621,0.33482894642656086,17
JPN,Japan,日本,2002,10.3,4.21,3.08,1.29,0.6488,0.56,0.57,0.4223,-0.058,0.1916,1.5,2.09,0.669,0.829,7.74,23142.0,1.7000000000000002,1.4100000000000001,8.92,0.5777,0.009735229759299826,0.001,0.09876844783715011,0.8646751946607343,0.505301280305094,0.5934802110817943,0.3224234592445328,0.8577597705748966,0.12994896851248644,0.6829241261722079,0.7584564102564103,0.5736229508196722,0.6986464968152868,0.90402416918429,0.837558823529412,0.009735229759299826,0.001,0.8646751946607343,0.09876844783715011,0.505301280305094,0.5934802110817943,0.3224234592445328,0.8577597705748966,0.12994896851248644,0.6829241261722079,0.7584564102564103,0.5736229508196722,0.6986464968152868,0.90402416918429,0.837558823529412,0.00391748843829565,0.29223727835429614,0.5226325726008868,0.25235544754835854,0.6805146075818069,0.8768274798986997,0.0219836033701368,0.42008902593722447,0.7436426623904295,0.2057668871931074,0.3977234901030597,0.007350671858949236,0.7057369238131048,0.19880464292783867,0.06909770118159192,0.44879506702722244,0.3796973658456305,18
JPN,Japan,日本,2003,10.4,5.56,2.84,2.0,0.6494,0.54,0.64,0.4412,-0.077,0.1922,1.5,2.09,0.672,0.832,7.75,24148.0,1.7000000000000002,1.4100000000000001,9.16,0.5588,0.014102844638949702,0.1072539432176656,0.1889185750636132,0.8913181312569524,0.5061168618904931,0.5908469656992085,0.3293677932405567,0.8326001067093504,0.11965472312703582,0.6854765558397272,0.7584564102564103,0.5736229508196722,0.7034140127388536,0.9085468277945619,0.8404941176470591,0.014102844638949702,0.1072539432176656,0.8913181312569524,0.1889185750636132,0.5061168618904931,0.5908469656992085,0.3293677932405567,0.8326001067093504,0.11965472312703582,0.6854765558397272,0.7584564102564103,0.5736229508196722,0.7034140127388536,0.9085468277945619,0.8404941176470591,0.03175041017585009,0.41034930399042474,0.5219772431646312,0.24052207955001972,0.6819044286030513,0.8806883697423652,0.08837126760189504,0.4137162538534261,0.7457754340297504,0.31071110884625236,0.4157305120308641,0.029149986989970886,0.7057369238131048,0.306480019808124,0.16874695570462225,0.5079015025390479,0.3391545468344256,15
JPN,Japan,日本,2004,10.5,4.94,2.57,1.88,0.6501,0.73,1.0,0.4456,-0.058,0.2071,1.5,2.09,0.675,0.835,7.76,25154.0,1.7000000000000002,1.4100000000000001,9.43,0.5544,0.018470459518599578,0.058455835962145146,0.17368193384223915,0.9212914349276975,0.5070683737401254,0.6158627968337731,0.36508151093439367,0.8267428304655197,0.12994896851248644,0.7488618925831201,0.7584564102564103,0.5736229508196722,0.7081815286624205,0.9130694864048338,0.843429411764706,0.018470459518599578,0.058455835962145146,0.9212914349276975,0.17368193384223915,0.5070683737401254,0.6158627968337731,0.36508151093439367,0.8267428304655197,0.12994896851248644,0.7488618925831201,0.7584564102564103,0.5736229508196722,0.7081815286624205,0.9130694864048338,0.843429411764706,0.02928314853301065,0.40001459729681604,0.540707628746195,0.2618330076230877,0.6832876713389184,0.8845487931181831,0.08332992638512757,0.43499179604087457,0.7479024537681664,0.31173546513493844,0.423366432462338,0.028949688825209943,0.7057369238131048,0.3065812556499335,0.16403048673001805,0.5136299115205427,0.34959942479052464,15
JPN,Japan,日本,2005,10.6,5.29,2.19,2.13,0.6508,0.42,0.17,0.4216,-0.179,0.1937,1.49,2.09,0.678,0.838,7.76,26161.0,1.7100000000000002,1.4100000000000001,9.81,0.5784,0.022838074398249454,0.0860031545741325,0.2054249363867684,0.9634760845383761,0.5080198855897576,0.575047493403694,0.2827415506958251,0.8586916099773244,0.06439087947882735,0.6918576300085251,0.763574358974359,0.5736229508196722,0.7129490445859873,0.9175921450151057,0.843429411764706,0.022838074398249454,0.0860031545741325,0.9634760845383761,0.2054249363867684,0.5080198855897576,0.575047493403694,0.2827415506958251,0.8586916099773244,0.06439087947882735,0.6918576300085251,0.763574358974359,0.5736229508196722,0.7129490445859873,0.9175921450151057,0.843429411764706,0.03881516552955985,0.4448842696437677,0.5026954972602125,0.16645671056956757,0.6865086878901521,0.8871750280128541,0.10296738552576092,0.3608310391570391,0.7509710281621619,0.30861598440102317,0.4005139397691925,0.02974617047022947,0.7057369238131048,0.3058762804128903,0.1805851234395045,0.4960829690504645,0.31549784561096,15
JPN,Japan,日本,2006,10.7,5.02,2.82,1.86,0.6514,0.47,0.95,0.4173,0.093,0.1962,1.48,2.09,0.681,0.841,7.76,27167.0,1.7200000000000002,1.4100000000000001,9.18,0.5827,0.027205689277899327,0.06475236593059935,0.17114249363867684,0.8935383759733037,0.5088354671751566,0.5816306068601583,0.3601212723658052,0.8644157663065227,0.2117611292073833,0.7024927536231884,0.7686923076923079,0.5736229508196722,0.7177165605095542,0.9221148036253776,0.843429411764706,0.027205689277899327,0.06475236593059935,0.8935383759733037,0.17114249363867684,0.5088354671751566,0.5816306068601583,0.3601212723658052,0.8644157663065227,0.2117611292073833,0.7024927536231884,0.7686923076923079,0.5736229508196722,0.7177165605095542,0.9221148036253776,0.843429411764706,0.038485585376745304,0.3910529194698906,0.5365272141156907,0.34210898936426504,0.6897232405305889,0.889796090273603,0.09729109044616727,0.4687740632229283,0.7540329627594223,0.33730629835376164,0.4429068412508482,0.03660413030255239,0.7057369238131048,0.3320829168657799,0.18398857829163415,0.5363263596341075,0.3523377813424733,15
JPN,Japan,日本,2007,10.8,5.6,3.15,1.12,0.6521,0.19,0.51,0.4288,0.008,0.1961,1.48,2.09,0.684,0.844,7.77,28173.0,1.7200000000000002,1.4100000000000001,8.85,0.5711999999999999,0.031573304157549276,0.11040220820189271,0.07718320610687023,0.856904338153504,0.5097869790247889,0.5447651715039578,0.31647117296222665,0.8491069761237828,0.16570792616720956,0.7020673486786018,0.7686923076923079,0.5736229508196722,0.7224840764331211,0.9266374622356495,0.846364705882353,0.031573304157549276,0.11040220820189271,0.856904338153504,0.07718320610687023,0.5097869790247889,0.5447651715039578,0.31647117296222665,0.8491069761237828,0.16570792616720956,0.7020673486786018,0.7686923076923079,0.5736229508196722,0.7224840764331211,0.9266374622356495,0.846364705882353,0.05209345042426239,0.2571743069312584,0.5095009241016472,0.2952279558773526,0.6910945270877394,0.8936530258914027,0.0986644968837931,0.4325623610598381,0.7561508949252351,0.3282844438668751,0.42946956196664365,0.03431167619183942,0.7057369238131048,0.32395135617430626,0.183113398365772,0.5250258273680174,0.3419124290022454,16
JPN,Japan,日本,2008,10.9,5.73,2.4,1.73,0.6527,0.25,0.67,0.4192,-0.056,0.1933,1.48,2.09,0.687,0.847,7.78,29179.0,1.7200000000000002,1.4100000000000001,9.6,0.5808,0.035940919037199155,0.12063406940063096,0.1546361323155216,0.9401635150166853,0.5106025606101879,0.552664907651715,0.3323439363817098,0.8618864879285048,0.13103257328990228,0.6901560102301789,0.7686923076923079,0.5736229508196722,0.727251592356688,0.9311601208459214,0.8493000000000003,0.035940919037199155,0.12063406940063096,0.9401635150166853,0.1546361323155216,0.5106025606101879,0.552664907651715,0.3323439363817098,0.8618864879285048,0.13103257328990228,0.6901560102301789,0.7686923076923079,0.5736229508196722,0.727251592356688,0.9311601208459214,0.8493000000000003,0.058336651640584686,0.38129155472727955,0.5194303518410819,0.2546868205221519,0.6924594940137969,0.8975095335261075,0.12361403230286241,0.41944118119075113,0.7582632671532099,0.3472440112816778,0.43233966231312215,0.04175507927674518,0.7057369238131048,0.344030065342683,0.2097488001428292,0.531839838123445,0.32209103798061584,15
JPN,Japan,日本,2009,11.0,6.51,3.06,1.25,0.6534,0.43,0.79,0.3845,-0.087,0.2154,1.47,2.09,0.69,0.85,7.78,30185.0,1.7300000000000002,1.4100000000000001,8.94,0.6154999999999999,0.040308533916849035,0.1820252365930599,0.09368956743002543,0.8668954393770857,0.5115540724598202,0.5763641160949867,0.34424850894632214,0.908079098305989,0.11423669923995657,0.7841705029838022,0.7738102564102566,0.5736229508196722,0.7320191082802547,0.9356827794561934,0.8493000000000003,0.040308533916849035,0.1820252365930599,0.8668954393770857,0.09368956743002543,0.5115540724598202,0.5763641160949867,0.34424850894632214,0.908079098305989,0.11423669923995657,0.7841705029838022,0.7738102564102566,0.5736229508196722,0.7320191082802547,0.9356827794561934,0.8493000000000003,0.07367002940062639,0.2849895765151789,0.5354074997854114,0.24685821734752372,0.6956623088598465,0.9001225288573891,0.12656280640245707,0.42443715203944027,0.7613153372521121,0.35179248621956155,0.43613830391214686,0.04336693487784893,0.7057369238131048,0.34857172159072525,0.21359565959851023,0.5362195475558087,0.32262388795729846,15
JPN,Japan,日本,2010,11.1,5.74,2.33,1.42,0.6541,0.42,0.95,0.4154,0.056,0.1932,1.46,2.09,0.693,0.853,7.78,31191.0,1.7400000000000002,1.4100000000000001,9.67,0.5846,0.04467614879649891,0.12142113564668773,0.11527480916030532,0.9479343715239156,0.5125055843094526,0.575047493403694,0.3601212723658052,0.8669450446845406,0.19171444082518999,0.6897306052855925,0.7789282051282053,0.5736229508196722,0.7367866242038216,0.9402054380664653,0.8493000000000003,0.04467614879649891,0.12142113564668773,0.9479343715239156,0.11527480916030532,0.5125055843094526,0.575047493403694,0.3601212723658052,0.8669450446845406,0.19171444082518999,0.6897306052855925,0.7789282051282053,0.5736229508196722,0.7367866242038216,0.9402054380664653,0.8493000000000003,0.06664432190193881,0.3305645984885758,0.5364707117448504,0.3199371672666888,0.698858815312161,0.9027304770405055,0.12646211143450975,0.45941124417245355,0.7643609256683306,0.3634614208947365,0.4510114087998335,0.04701867815747702,0.7057369238131048,0.3592633770041318,0.21758517319492737,0.5507187756747242,0.3331336024797968,15
JPN,Japan,日本,2011,11.2,5.53,3.63,1.79,0.6547,0.14,0.7,0.4283,0.161,0.201,1.46,2.09,0.696,0.856,7.79,32198.0,1.7400000000000002,1.4100000000000001,8.370000000000001,0.5717,0.04904376367614878,0.10489274447949529,0.16225445292620863,0.803618464961068,0.5133211658948514,0.5381820580474934,0.33532007952286286,0.8497725756969455,0.24860369163952223,0.7229121909633419,0.7789282051282053,0.5736229508196722,0.7415541401273885,0.9447280966767372,0.8522352941176472,0.04904376367614878,0.10489274447949529,0.803618464961068,0.16225445292620863,0.5133211658948514,0.5381820580474934,0.33532007952286286,0.8497725756969455,0.24860369163952223,0.7229121909633419,0.7789282051282053,0.5736229508196722,0.7415541401273885,0.9447280966767372,0.8522352941176472,0.06647348592266371,0.3610964890353514,0.5165049496941208,0.38101209603382674,0.7002123831945104,0.9065836979560391,0.13080922685530003,0.4714479704460602,0.7664646478505326,0.3712894937695442,0.45776135059017387,0.04999430653453777,0.7057369238131048,0.36706950516232195,0.2237108218067973,0.558202669491233,0.3344918476844357,13
JPN,Japan,日本,2012,11.3,6.01,2.67,2.47,0.6554,0.22,0.76,0.395,-0.003,0.2193,1.45,2.09,0.699,0.859,7.8,33204.0,1.7500000000000002,1.4100000000000001,9.33,0.605,0.053411378555798736,0.1426719242902208,0.24859541984732825,0.91019021134594,0.5142726777444838,0.5487150395778364,0.341272365805169,0.8941015072695745,0.15974809989142236,0.8007612958226767,0.784046153846154,0.5736229508196722,0.7463216560509555,0.949250755287009,0.8551705882352943,0.053411378555798736,0.1426719242902208,0.91019021134594,0.24859541984732825,0.5142726777444838,0.5487150395778364,0.341272365805169,0.8941015072695745,0.15974809989142236,0.8007612958226767,0.784046153846154,0.5736229508196722,0.7463216560509555,0.949250755287009,0.8551705882352943,0.0791253565326882,0.4756775354486192,0.5269232934712321,0.3044126180505881,0.7034000913589271,0.9104365264094719,0.1621490709373716,0.4469531201683596,0.7698727695113714,0.38815467068595066,0.45838780020196673,0.05891507105250514,0.7057369238131048,0.38491410513019414,0.25349179550413486,0.5605977534283627,0.30710595792422785,11
JPN,Japan,日本,2013,11.4,6.22,2.82,1.77,0.656,0.27,0.66,0.4428,0.087,0.2163,1.45,2.09,0.702,0.862,7.8,34210.0,1.7500000000000002,1.4100000000000001,9.18,0.5571999999999999,0.05777899343544861,0.15920031545741323,0.1597150127226463,0.8935383759733037,0.515088259329883,0.5552981530343007,0.3313518886679921,0.83047018807523,0.20851031487513572,0.7879991474850808,0.784046153846154,0.5736229508196722,0.7510891719745222,0.9537734138972809,0.8551705882352943,0.05777899343544861,0.15920031545741323,0.8935383759733037,0.1597150127226463,0.515088259329883,0.5552981530343007,0.3313518886679921,0.83047018807523,0.20851031487513572,0.7879991474850808,0.784046153846154,0.5736229508196722,0.7510891719745222,0.9537734138972809,0.8551705882352943,0.08666416413091461,0.3777717473379248,0.5171698810425779,0.35488433173971107,0.7047450880189631,0.9130366899532835,0.15616924890151673,0.4619226997297067,0.771599109684465,0.3891561460259246,0.4630995874676772,0.05872522694836152,0.7057369238131048,0.3857414067864788,0.2491262799417521,0.565987155923074,0.31686087598132195,11
JPN,Japan,日本,2014,11.5,5.79,2.88,2.07,0.6567,0.09,0.82,0.4244,0.038,0.2115,1.44,2.09,0.705,0.865,7.8,35216.0,1.7600000000000002,1.4100000000000001,9.120000000000001,0.5756,0.06214660831509848,0.1253564668769716,0.19780661577608138,0.8868776418242493,0.5160397711795152,0.5315989445910291,0.3472246520874752,0.8549642523676138,0.1819619978284473,0.7675797101449274,0.7891641025641026,0.5736229508196722,0.7558566878980891,0.9582960725075528,0.8551705882352943,0.06214660831509848,0.1253564668769716,0.8868776418242493,0.19780661577608138,0.5160397711795152,0.5315989445910291,0.3472246520874752,0.8549642523676138,0.1819619978284473,0.7675797101449274,0.7891641025641026,0.5736229508196722,0.7558566878980891,0.9582960725075528,0.8551705882352943,0.08228281789891795,0.41884396251674255,0.5208866283836878,0.32362183223894586,0.7079241410880911,0.915631926306138,0.157763450990156,0.4515767669354107,0.7746288973543877,0.38727785437195444,0.46034841127752735,0.058139374255597766,0.7057369238131048,0.38396374572213104,0.2498877303802494,0.5635164977078448,0.3136287673275955,11
JPN,Japan,日本,2015,11.6,5.95,2.3,0.7,0.6574,0.3,0.68,0.3722,0.19,0.2179,1.44,2.09,0.708,0.868,7.81,36222.0,1.7600000000000002,1.4100000000000001,9.7,0.6278,0.06651422319474835,0.13794952681388015,0.02385496183206106,0.9512647385984427,0.5169912830291474,0.5592480211081794,0.3333359840954275,0.9244528478057891,0.2643159609120521,0.7948056265984654,0.7891641025641026,0.5736229508196722,0.760624203821656,0.9628187311178248,0.8581058823529414,0.06651422319474835,0.13794952681388015,0.9512647385984427,0.02385496183206106,0.5169912830291474,0.5592480211081794,0.3333359840954275,0.9244528478057891,0.2643159609120521,0.7948056265984654,0.7891641025641026,0.5736229508196722,0.760624203821656,0.9628187311178248,0.8581058823529414,0.08905058977370821,0.15063991513357736,0.5306932732659416,0.41056167510330877,0.7092607497773206,0.9194816574839039,0.1098899826956238,0.49136478681657325,0.7767189964269388,0.3596898821559559,0.46252860846339805,0.044140363303930896,0.7057369238131048,0.35432756928215436,0.20179895822081464,0.560438433671425,0.35863947545061037,15
JPN,Japan,日本,2016,11.7,5.97,2.49,0.52,0.658,0.19,0.9,0.4149,0.135,0.213,1.43,2.09,0.711,0.871,7.82,37228.0,1.7700000000000002,1.4100000000000001,9.51,0.5851,0.07088183807439824,0.1395236593059937,0.001,0.9301724137931036,0.5178068646145465,0.5447651715039578,0.35516103379721675,0.8676106442577031,0.23451682953311617,0.7739607843137254,0.7942820512820514,0.5736229508196722,0.7653917197452229,0.9673413897280967,0.8610411764705885,0.07088183807439824,0.1395236593059937,0.9301724137931036,0.001,0.5178068646145465,0.5447651715039578,0.35516103379721675,0.8676106442577031,0.23451682953311617,0.7739607843137254,0.7942820512820514,0.5736229508196722,0.7653917197452229,0.9673413897280967,0.8610411764705885,0.0929351760090964,0.030498728068447438,0.5291441227673828,0.37808721413962626,0.7124312862375566,0.9233310289943537,0.05951422280940316,0.4783870128694653,0.7801139422503222,0.29644586319833555,0.4432432546657037,0.02333892669087331,0.7057369238131048,0.2895861928573069,0.13547551670549945,0.5259061435747455,0.39043062686924607,19
JPN,Japan,日本,2017,11.8,5.74,2.73,1.53,0.6587,0.24,1.01,0.4015,-0.049,0.2175,1.43,2.09,0.714,0.874,7.82,38235.0,1.7700000000000002,1.4100000000000001,9.27,0.5985,0.07524945295404818,0.12142113564668773,0.12924173027989821,0.9035294771968855,0.5187583764641787,0.5513482849604222,0.36607355864811136,0.8854487128184608,0.13482519001085777,0.7931040068201193,0.7942820512820514,0.5736229508196722,0.7701592356687897,0.9718640483383686,0.8610411764705885,0.07524945295404818,0.12142113564668773,0.9035294771968855,0.12924173027989821,0.5187583764641787,0.5513482849604222,0.36607355864811136,0.8854487128184608,0.13482519001085777,0.7931040068201193,0.7942820512820514,0.5736229508196722,0.7701592356687897,0.9718640483383686,0.8610411764705885,0.09112126168137863,0.3417216893786774,0.5372430626040502,0.27390167126718984,0.7137596839734983,0.9259187491933214,0.15461116498196734,0.43893273989507225,0.781824572886151,0.3816490986519605,0.4565038173184644,0.05570946577430962,0.7057369238131048,0.3788739169711963,0.2455156316901154,0.5608266727488891,0.3153110410587737,12
JPN,Japan,日本,2018,11.9,6.18,2.54,1.74,0.6593,0.2,0.3,0.3806,0.258,0.2253,1.42,2.09,0.717,0.877,7.82,39241.0,1.7800000000000002,1.4100000000000001,9.46,0.6194,0.07961706783369807,0.1560520504731861,0.15590585241730276,0.9246218020022249,0.5195739580495778,0.5460817941952506,0.29563817097415507,0.9132707749766573,0.30115852334419113,0.8262855924978686,0.7994000000000001,0.5736229508196722,0.7749267515923567,0.9763867069486405,0.8610411764705885,0.07961706783369807,0.1560520504731861,0.9246218020022249,0.15590585241730276,0.5195739580495778,0.5460817941952506,0.29563817097415507,0.9132707749766573,0.30115852334419113,0.8262855924978686,0.7994000000000001,0.5736229508196722,0.7749267515923567,0.9763867069486405,0.8610411764705885,0.10421050472349486,0.3796761122388126,0.5114682456128213,0.45095080602452525,0.7169218378292299,0.9285016569743944,0.17478823992105202,0.4925063375181786,0.784839071329495,0.4150998501855904,0.4848907283824356,0.07084190567166276,0.7057369238131048,0.4114666911626976,0.27222694464226477,0.5891293673646,0.3169024227223352,10
JPN,Japan,日本,2019,12.0,6.22,3.16,2.12,0.66,0.15,0.31,0.3816,0.222,0.227,1.42,2.09,0.72,0.88,7.83,40247.0,1.7800000000000002,1.4100000000000001,8.84,0.6184000000000001,0.08398468271334793,0.15920031545741323,0.20415521628498726,0.8557942157953282,0.5205254698992101,0.5394986807387863,0.2966302186878728,0.9119395758303322,0.28165363735070575,0.8335174765558396,0.7994000000000001,0.5736229508196722,0.7796942675159235,0.9809093655589124,0.8639764705882356,0.08398468271334793,0.15920031545741323,0.8557942157953282,0.20415521628498726,0.5205254698992101,0.5394986807387863,0.2966302186878728,0.9119395758303322,0.28165363735070575,0.8335174765558396,0.7994000000000001,0.5736229508196722,0.7796942675159235,0.9809093655589124,0.8639764705882356,0.10846699814045617,0.4179890587337619,0.510478261866189,0.43470546755129,0.718242195681848,0.9323481098733508,0.18605636771382775,0.4864549285116057,0.7869160954067476,0.4212005533688547,0.4864737103408149,0.0746098738204811,0.7057369238131048,0.41806270536607415,0.28284657170768884,0.5914787777567256,0.3086322060490368,10
JPN,Japan,日本,2020,17.1,7.81,3.35,1.73,0.6474,-2.79,-0.85,0.405,0.115,0.2176,1.42,2.09,0.723,0.883,7.84,39809.0,1.7800000000000002,1.4100000000000001,8.65,0.595,0.30673304157549236,0.2843438485804416,0.1546361323155216,0.834701890989989,0.5033982566058295,0.1524116094986807,0.1815526838966203,0.8807895158063225,0.22368078175895764,0.7935294117647057,0.7994000000000001,0.5736229508196722,0.7844617834394905,0.9854320241691842,0.8669117647058825,0.30673304157549236,0.2843438485804416,0.834701890989989,0.1546361323155216,0.5033982566058295,0.1524116094986807,0.1815526838966203,0.8807895158063225,0.22368078175895764,0.7935294117647057,0.7994000000000001,0.5736229508196722,0.7844617834394905,0.9854320241691842,0.8669117647058825,0.29757323859089596,0.35927019366925506,0.32363323927820264,0.3711952537048197,0.7195569141455875,0.9361942333895202,0.320866811152575,0.33722355969705575,0.7889880664686857,0.42873183542452326,0.4678458871652005,0.08934994383580643,0.7057369238131048,0.4323332012143868,0.35096641699691933,0.5831842111465043,0.232217794149585,9
JPN,Japan,日本,2021,10.2,5.47,3.02,2.52,0.6613,0.33,1.71,0.3977,0.089,0.2224,1.41,2.09,0.726,0.886,7.84,42259.0,1.7900000000000003,1.4100000000000001,8.98,0.6023000000000001,0.005367614879649875,0.10017034700315455,0.25494402035623404,0.8713359288097888,0.5222925633342413,0.5631978891820579,0.43551689860834997,0.8905072695744966,0.20959391965255156,0.8139488491048592,0.8045179487179489,0.5736229508196722,0.7892292993630573,0.9899546827794562,0.8669117647058825,0.005367614879649875,0.10017034700315455,0.8713359288097888,0.25494402035623404,0.5222925633342413,0.5631978891820579,0.43551689860834997,0.8905072695744966,0.20959391965255156,0.8139488491048592,0.8045179487179489,0.5736229508196722,0.7892292993630573,0.9899546827794562,0.8669117647058825,0.017304716159407256,0.47131930235414815,0.5658719331932744,0.3606334886407319,0.7227085800278094,0.9387698805922301,0.06489702353248396,0.4943363238336211,0.7919938122480208,0.3096656115837762,0.4548017802675999,0.026556946782278233,0.7057369238131048,0.3026787829440747,0.1445522437946142,0.5404639315295041,0.39591168773488994,19
JPN,Japan,日本,2022,12.3,6.3,3.03,0.79,0.662,0.45,0.94,0.4243,0.329,0.2145,1.4,2.09,0.729,0.889,7.84,43266.0,1.8000000000000003,1.4100000000000001,8.97,0.5757,0.09708752735229764,0.1654968454258675,0.0352824427480916,0.8702258064516131,0.5232440751838737,0.5789973614775725,0.3591292246520875,0.8550973722822462,0.33962649294245384,0.7803418584825234,0.8096358974358976,0.5736229508196722,0.7939968152866242,0.9944773413897281,0.8669117647058825,0.09708752735229764,0.1654968454258675,0.8702258064516131,0.0352824427480916,0.5232440751838737,0.5789973614775725,0.3591292246520875,0.8550973722822462,0.33962649294245384,0.7803418584825234,0.8096358974358976,0.5736229508196722,0.7939968152866242,0.9944773413897281,0.8669117647058825,0.12017495060931406,0.17522469059479281,0.5388851839637626,0.4737125578278559,0.7258543538005283,0.9413408252829498,0.13974185117598664,0.5184439844139794,0.7949935020815734,0.3977294568971681,0.48779819974285976,0.060122764680699894,0.7057369238131048,0.39262104108769186,0.2390364003189937,0.5904461024013234,0.35140970208232974,13
JPN,Japan,日本,2023,12.4,6.68,2.95,1.48,0.6626,0.01,0.62,0.4118,0.094,0.2354,1.4,2.09,0.732,0.892,7.85,44272.0,1.8000000000000003,1.4100000000000001,9.05,0.5882000000000001,0.1014551422319475,0.19540536277602522,0.12289312977099234,0.8791067853170191,0.5240596567692727,0.521065963060686,0.3273836978131213,0.8717373616113113,0.2123029315960912,0.8692514919011082,0.8096358974358976,0.5736229508196722,0.7987643312101911,0.999,0.8698470588235295,0.1014551422319475,0.19540536277602522,0.8791067853170191,0.12289312977099234,0.5240596567692727,0.521065963060686,0.3273836978131213,0.8717373616113113,0.2123029315960912,0.8692514919011082,0.8096358974358976,0.5736229508196722,0.7987643312101911,0.999,0.8698470588235295,0.13186788170011626,0.3286885824766725,0.51508486516605,0.3731056044013872,0.7271591226406748,0.945184198819211,0.19001910371155947,0.4675894288348833,0.797057963940624,0.4188244481027149,0.48315889182960836,0.0738613511780371,0.7057369238131048,0.4160666894678111,0.28478268473592244,0.5904327589082901,0.3056500741723676,11
KOR,South Korea,韩国,2000,19.15,9.3,4.1,3.67,0.5103,1.55,2.14,0.5993,0.746,0.2097,1.88,2.57,0.528,0.66,7.34,16715.0,1.3200000000000003,0.9300000000000002,7.9,0.40069999999999995,0.396269146608315,0.40161671924290226,0.40096183206106867,0.7514427141268076,0.3170378643421411,0.723825857519789,0.47817495029821083,0.6221375216753368,0.5655580890336591,0.75992242114237,0.5639743589743591,0.3118524590163936,0.47457324840764337,0.6492477341389729,0.7201470588235296,0.396269146608315,0.40161671924290226,0.7514427141268076,0.40096183206106867,0.3170378643421411,0.723825857519789,0.47817495029821083,0.6221375216753368,0.5655580890336591,0.75992242114237,0.5639743589743591,0.3118524590163936,0.47457324840764337,0.6492477341389729,0.7201470588235296,0.39839957771636086,0.548907867811372,0.4942149149117687,0.6364935900624393,0.4483110790194936,0.6767289288069668,0.4528883029158544,0.533186695229535,0.517811648924764,0.503269484081268,0.5044846636439995,0.16291722800590255,0.9383041426818897,0.5014167002473305,0.4771878911926318,0.5204865660378192,0.0432986748451874,6
KOR,South Korea,韩国,2001,19.3,9.95,4.1,3.53,0.5166,1.6,2.39,0.5878,0.613,0.2101,1.86,2.56,0.536,0.67,7.35,17511.0,1.34,0.94,7.9,0.4122,0.40282056892778995,0.452776025236593,0.3831857506361322,0.7514427141268076,0.32560147098883135,0.7304089709762532,0.5029761431411531,0.6374463118580767,0.4934983713355049,0.7616240409207161,0.5742102564102565,0.31730601092896177,0.48728662420382174,0.6643232628398792,0.7230823529411765,0.40282056892778995,0.452776025236593,0.7514427141268076,0.3831857506361322,0.32560147098883135,0.7304089709762532,0.5029761431411531,0.6374463118580767,0.4934983713355049,0.7616240409207161,0.5742102564102565,0.31730601092896177,0.48728662420382174,0.6643232628398792,0.7230823529411765,0.422104859635913,0.5366024044604472,0.5081278528527798,0.5870399966540175,0.4575169781653052,0.6872310628101845,0.4646364291599029,0.5306173037308699,0.5275342523862849,0.5090046378613062,0.5098981259562043,0.16743624064296067,0.9383041426818897,0.5079218489519637,0.4865090429104282,0.5241474264485767,0.03763838353814852,7
KOR,South Korea,韩国,2002,19.45,8.94,4.18,4.01,0.5229,1.55,2.07,0.607,0.546,0.2183,1.84,2.56,0.544,0.68,7.36,18307.0,1.36,0.94,7.82,0.393,0.40937199124726475,0.373282334384858,0.4441323155216284,0.7425617352614016,0.3341650776355217,0.723825857519789,0.47123061630218693,0.6118872882486329,0.45719761129207387,0.7965072463768115,0.5844461538461538,0.31730601092896177,0.5000000000000001,0.6793987915407856,0.7260176470588239,0.40937199124726475,0.373282334384858,0.7425617352614016,0.4441323155216284,0.3341650776355217,0.723825857519789,0.47123061630218693,0.6118872882486329,0.45719761129207387,0.7965072463768115,0.5844461538461538,0.31730601092896177,0.5000000000000001,0.6793987915407856,0.7260176470588239,0.39453528508271435,0.5742783844960602,0.4985853378084697,0.570871371350055,0.46433593287594804,0.6976759185812671,0.4584589950905304,0.5192531396833732,0.5354510776864028,0.5048446299483861,0.5058742777064292,0.16254579754206952,0.9383041426818897,0.5041515608714355,0.48161360881064535,0.5226182430959673,0.04100463428532192,6
KOR,South Korea,韩国,2003,19.6,9.79,4.19,4.3,0.5292,1.51,2.2,0.5547,0.657,0.2263,1.82,2.55,0.552,0.69,7.37,19103.0,1.3800000000000001,0.9500000000000002,7.81,0.44530000000000003,0.4159234135667397,0.4401829652996845,0.48095419847328236,0.7414516129032258,0.342728684282212,0.7185593667546174,0.484127236580517,0.6815090036014406,0.5173376764386537,0.8305396419437339,0.5946820512820513,0.3227595628415302,0.5127133757961785,0.6944743202416918,0.7289529411764709,0.4159234135667397,0.4401829652996845,0.7414516129032258,0.48095419847328236,0.342728684282212,0.7185593667546174,0.484127236580517,0.6815090036014406,0.5173376764386537,0.8305396419437339,0.5946820512820513,0.3227595628415302,0.5127133757961785,0.6944743202416918,0.7289529411764709,0.4254625257609305,0.5971635171295995,0.5158637353368563,0.6251850891567416,0.4735218919271826,0.7080656265832199,0.48725252153724885,0.546483535956473,0.5451258408202937,0.5276015860153718,0.5283069230898519,0.18302303274361262,0.9383041426818897,0.526649645863179,0.5071900514043816,0.5413212624669403,0.034131211062558786,5
KOR,South Korea,韩国,2004,19.75,9.62,4.41,4.51,0.5355,1.52,2.21,0.6366,0.664,0.2305,1.8,2.54,0.56,0.7,7.38,19899.0,1.4000000000000001,0.96,7.59,0.36339999999999995,0.42247483588621443,0.4268028391167192,0.5076183206106869,0.7170289210233594,0.35129229092890224,0.7198759894459102,0.4851192842942346,0.572483793517407,0.5211302931596091,0.8484066496163682,0.6049179487179488,0.32821311475409837,0.5254267515923567,0.7095498489425982,0.7318882352941178,0.42247483588621443,0.4268028391167192,0.7170289210233594,0.5076183206106869,0.35129229092890224,0.7198759894459102,0.4851192842942346,0.572483793517407,0.5211302931596091,0.8484066496163682,0.6049179487179488,0.32821311475409837,0.5254267515923567,0.7095498489425982,0.7318882352941178,0.4242007455179518,0.6033050776507443,0.5023770391276828,0.6332998965636782,0.4827019149266261,0.7184022000006512,0.48837975051111027,0.538522275877784,0.5547790376570618,0.5276485833574482,0.5283565468015652,0.18198142816271928,0.9383041426818897,0.527132124592881,0.5081268038573938,0.5431181224633914,0.03499131860599758,5
KOR,South Korea,韩国,2005,19.9,9.99,4.27,4.14,0.5418,1.56,1.99,0.6306,0.7,0.2161,1.78,2.53,0.568,0.71,7.39,20695.0,1.4200000000000002,0.9700000000000002,7.73,0.36939999999999995,0.4290262582056892,0.45592429022082026,0.4606386768447836,0.7325706340378199,0.35985589757559244,0.7251424802110819,0.4632942345924454,0.5804709883953582,0.5406351791530944,0.7871483375959079,0.6151538461538462,0.33366666666666683,0.538140127388535,0.7246253776435045,0.7348235294117649,0.4290262582056892,0.45592429022082026,0.7325706340378199,0.4606386768447836,0.35985589757559244,0.7251424802110819,0.4632942345924454,0.5804709883953582,0.5406351791530944,0.7871483375959079,0.6151538461538462,0.33366666666666683,0.538140127388535,0.7246253776435045,0.7348235294117649,0.4395896073948858,0.580904783556243,0.5025331920881972,0.6282973299841146,0.4918763679033296,0.7286875433826606,0.49143991927798686,0.5373594498221573,0.5644114860571063,0.5309160303632148,0.5316992015293909,0.18395235269649787,0.9383041426818897,0.5305736208204189,0.511252624646248,0.5486398267805707,0.03738720213432267,6
KOR,South Korea,韩国,2006,20.05,10.01,4.18,4.92,0.5481,1.56,2.0,0.5912,0.759,0.2243,1.76,2.52,0.576,0.72,7.4,21491.0,1.4400000000000002,0.98,7.82,0.40880000000000005,0.43557768052516416,0.4574984227129337,0.559676844783715,0.7425617352614016,0.3684195042222828,0.7251424802110819,0.4642862823061631,0.632920234760571,0.572601520086862,0.8220315430520033,0.6253897435897438,0.339120218579235,0.5508535031847134,0.7397009063444108,0.737758823529412,0.43557768052516416,0.4574984227129337,0.7425617352614016,0.559676844783715,0.3684195042222828,0.7251424802110819,0.4642862823061631,0.632920234760571,0.572601520086862,0.8220315430520033,0.6253897435897438,0.339120218579235,0.5508535031847134,0.7397009063444108,0.737758823529412,0.444217037237523,0.6446662772692717,0.515198844403754,0.6617087705933306,0.5010455871889771,0.7389234604881547,0.5155741183669329,0.5553700858759333,0.5740239547239984,0.5485286685316005,0.5490274562776527,0.2007989147794073,0.9383041426818897,0.5481778497658445,0.5322140651768722,0.5624271742627428,0.030213109085870604,5
KOR,South Korea,韩国,2007,20.2,9.97,3.29,4.31,0.5544,1.87,2.04,0.5413,0.801,0.2233,1.74,2.52,0.584,0.73,7.41,22287.0,1.4600000000000002,0.98,8.71,0.4587,0.44212910284463885,0.4543501577287067,0.4822239185750635,0.8413626251390436,0.37698311086897307,0.7659577836411611,0.46825447316103386,0.6993470721621983,0.595357220412595,0.8177774936061379,0.6356256410256411,0.339120218579235,0.5635668789808918,0.7547764350453171,0.7406941176470591,0.44212910284463885,0.4543501577287067,0.8413626251390436,0.4822239185750635,0.37698311086897307,0.7659577836411611,0.46825447316103386,0.6993470721621983,0.595357220412595,0.8177774936061379,0.6356256410256411,0.339120218579235,0.5635668789808918,0.7547764350453171,0.7406941176470591,0.4469775750602897,0.6369656050660443,0.5376588670152885,0.675959438659442,0.5077738214262041,0.749111661421648,0.5150125755935784,0.5758786259688029,0.5818043910229865,0.5586127351436224,0.5593965403724906,0.20912822780731882,0.9383041426818897,0.5578161469994465,0.5366367063469842,0.5739874929139951,0.03735078656701085,5
KOR,South Korea,韩国,2008,20.35,10.35,4.77,4.14,0.5607,1.12,2.19,0.5489,0.645,0.2357,1.72,2.51,0.592,0.74,7.42,23083.0,1.4800000000000002,0.9900000000000002,7.23,0.45109999999999995,0.44868052516411383,0.48425867507886433,0.4606386768447836,0.6770645161290323,0.3855467175156633,0.6672110817941953,0.48313518886679924,0.6892299586501267,0.5108360477741585,0.8705277067348678,0.6458615384615386,0.34457377049180343,0.57628025477707,0.7698519637462236,0.7436294117647061,0.44868052516411383,0.48425867507886433,0.6770645161290323,0.4606386768447836,0.3855467175156633,0.6672110817941953,0.48313518886679924,0.6892299586501267,0.5108360477741585,0.8705277067348678,0.6458615384615386,0.34457377049180343,0.57628025477707,0.7698519637462236,0.7436294117647061,0.4625868634490327,0.5584640568991268,0.5255074927092954,0.6322399884444616,0.5169285935169,0.7592537691363479,0.4987857851412469,0.5554817910253903,0.5913781793038636,0.5480267278719768,0.5492419057436893,0.1966932623060886,0.9383041426818897,0.5476045736563884,0.5233970859359774,0.5707590222161794,0.04736193628020191,5
KOR,South Korea,韩国,2009,20.5,10.95,3.74,3.99,0.567,1.14,2.31,0.5832,0.743,0.2344,1.7,2.5,0.6,0.75,7.43,23878.0,1.5000000000000002,1.0,8.26,0.41679999999999995,0.45523194748358864,0.5314826498422712,0.4415928753180661,0.7914071190211347,0.39411032416235353,0.669844327176781,0.49503976143141165,0.6435698279311725,0.5639326818675352,0.8649974424552428,0.656097435897436,0.3500273224043716,0.5889936305732484,0.7849274924471299,0.746564705882353,0.45523194748358864,0.5314826498422712,0.7914071190211347,0.4415928753180661,0.39411032416235353,0.669844327176781,0.49503976143141165,0.6435698279311725,0.5639326818675352,0.8649974424552428,0.656097435897436,0.3500273224043716,0.5889936305732484,0.7849274924471299,0.746564705882353,0.48432320348339103,0.591168119265349,0.5254821524811623,0.6691789757852449,0.5260791616359582,0.7693513253716845,0.5245242455924032,0.5650062676511334,0.6009341180996032,0.5628582487331979,0.5636400161680553,0.21182668388148768,0.9383041426818897,0.5625557067707805,0.5435713220019706,0.5824104106225034,0.03883908862053287,5
KOR,South Korea,韩国,2010,20.65,10.49,4.07,4.16,0.5733,1.15,1.94,0.5679,0.686,0.2346,1.68,2.49,0.608,0.76,7.44,24674.0,1.5200000000000002,1.0099999999999998,7.93,0.43210000000000004,0.4617833698030634,0.4952776025236593,0.463178117048346,0.7547730812013349,0.40267393080904396,0.6711609498680738,0.4583339960238569,0.6639371748699481,0.5330499457111835,0.865848252344416,0.6663333333333334,0.35548087431693987,0.6017070063694268,0.8000030211480362,0.7495000000000003,0.4617833698030634,0.4952776025236593,0.7547730812013349,0.463178117048346,0.40267393080904396,0.6711609498680738,0.4583339960238569,0.6639371748699481,0.5330499457111835,0.865848252344416,0.6663333333333334,0.35548087431693987,0.6017070063694268,0.8000030211480362,0.7495000000000003,0.4749003051786256,0.5912650628521972,0.5222923193988768,0.6471984313014623,0.5352257608531928,0.7794057960841763,0.5184111769129189,0.5569943429368973,0.6104728109369633,0.5603282496191895,0.5614629335297235,0.20780600417791142,0.9383041426818897,0.5598756394516036,0.5386711283379875,0.5854739707784157,0.046802842440428205,5
KOR,South Korea,韩国,2011,20.8,10.57,4.31,4.35,0.5796,1.09,2.26,0.6056,0.964,0.2269,1.66,2.48,0.616,0.77,7.45,25470.0,1.5400000000000003,1.02,7.69,0.3944,0.4683347921225383,0.5015741324921136,0.4873027989821882,0.7281301446051169,0.41123753745573416,0.6632612137203165,0.4900795228628231,0.6137509670534881,0.6836710097719869,0.8330920716112531,0.6765692307692309,0.3609344262295083,0.614420382165605,0.8150785498489426,0.7524352941176473,0.4683347921225383,0.5015741324921136,0.7281301446051169,0.4873027989821882,0.41123753745573416,0.6632612137203165,0.4900795228628231,0.6137509670534881,0.6836710097719869,0.8330920716112531,0.6765692307692309,0.3609344262295083,0.614420382165605,0.8150785498489426,0.7524352941176473,0.4813576803582843,0.5956675729711824,0.5245828066144526,0.7399212485903218,0.5443686089359049,0.7894185764234131,0.5241822694893822,0.5816014577981401,0.6199948292765849,0.5746604556419588,0.5758937127490462,0.22091596361711333,0.9383041426818897,0.5742722308408346,0.5494713712934678,0.5983305300026677,0.04885915870919988,5
KOR,South Korea,韩国,2012,20.95,10.48,3.35,4.58,0.5859,0.88,2.23,0.5385,0.794,0.2383,1.64,2.48,0.624,0.78,7.46,26266.0,1.5600000000000003,1.02,8.65,0.4615,0.47488621444201307,0.49449053627760253,0.5165063613231552,0.834701890989989,0.4198011441024244,0.6356121372031663,0.4871033797216701,0.7030744297719088,0.5915646036916395,0.8815882352941177,0.6868051282051283,0.3609344262295083,0.6271337579617834,0.830154078549849,0.7553705882352943,0.47488621444201307,0.49449053627760253,0.834701890989989,0.5165063613231552,0.4198011441024244,0.6356121372031663,0.4871033797216701,0.7030744297719088,0.5915646036916395,0.8815882352941177,0.6868051282051283,0.3609344262295083,0.6271337579617834,0.830154078549849,0.7553705882352943,0.4826329086763906,0.6566040180388757,0.5358172327823835,0.69391715207739,0.5510232927337091,0.7993909952987964,0.5458729490123144,0.5790338601767954,0.6276625409376405,0.5828098987210181,0.5836741910557046,0.23032157196135286,0.9383041426818897,0.5824000618024927,0.5637190352967494,0.6052643279913111,0.04154529269456175,5
KOR,South Korea,韩国,2013,21.1,11.52,3.67,4.23,0.5922,1.2,2.08,0.5731,0.891,0.2354,1.62,2.47,0.632,0.79,7.47,27062.0,1.58,1.0299999999999998,8.33,0.42689999999999995,0.48143763676148804,0.5763454258675078,0.47206615776081423,0.799177975528365,0.4283647507491147,0.6777440633245382,0.4722226640159046,0.657014939309057,0.6441194353963083,0.8692514919011082,0.6970410256410258,0.36638797814207646,0.6398471337579619,0.8452296072507554,0.7583058823529414,0.48143763676148804,0.5763454258675078,0.799177975528365,0.47206615776081423,0.4283647507491147,0.6777440633245382,0.4722226640159046,0.657014939309057,0.6441194353963083,0.8692514919011082,0.6970410256410258,0.36638797814207646,0.6398471337579619,0.8452296072507554,0.7583058823529414,0.5173651409414629,0.6142189155950354,0.5362438249126193,0.7261695267145342,0.5601554544781145,0.8093243195773601,0.5541247812184745,0.5873067860004316,0.6371526251433163,0.5914272386796591,0.59230593630871,0.23879507735401245,0.9383041426818897,0.5910071571614821,0.5721209460618144,0.6143754414093413,0.0422544953475269,5
KOR,South Korea,韩国,2014,21.25,11.33,4.14,3.26,0.5985,1.11,1.52,0.568,0.888,0.2376,1.6,2.46,0.64,0.8,7.48,27858.0,1.6,1.04,7.86,0.43200000000000005,0.48798905908096274,0.5613911671924291,0.3489033078880406,0.7470022246941047,0.436928357395805,0.6658944591029023,0.4166679920477137,0.6638040549553156,0.6424940282301845,0.8786104006820119,0.7072769230769231,0.3718415300546449,0.6525605095541402,0.8603051359516617,0.7612411764705885,0.48798905908096274,0.5613911671924291,0.7470022246941047,0.3489033078880406,0.436928357395805,0.6658944591029023,0.4166679920477137,0.6638040549553156,0.6424940282301845,0.8786104006820119,0.7072769230769231,0.3718415300546449,0.6525605095541402,0.8603051359516617,0.7612411764705885,0.5161218925817993,0.510520858727142,0.5215908150116769,0.7281820903224697,0.5692845530500958,0.819219757948386,0.5138741425302117,0.5765048330667302,0.64662762763817,0.5764670482599793,0.5787524642772066,0.21889831121621625,0.9383041426818897,0.5760170912057594,0.5444555177849585,0.6116979228714604,0.06724240508650192,5
KOR,South Korea,韩国,2015,21.4,10.97,3.29,3.1,0.6048,1.16,2.06,0.577,0.981,0.2355,1.58,2.45,0.648,0.81,7.49,28654.0,1.62,1.0499999999999998,8.71,0.42300000000000004,0.49454048140043755,0.5330567823343849,0.32858778625954194,0.8413626251390436,0.44549196404249525,0.6724775725593667,0.4702385685884693,0.6518232626383889,0.6928816503800217,0.8696768968456946,0.7175128205128205,0.37729508196721306,0.6652738853503185,0.875380664652568,0.7641764705882356,0.49454048140043755,0.5330567823343849,0.8413626251390436,0.32858778625954194,0.44549196404249525,0.6724775725593667,0.4702385685884693,0.6518232626383889,0.6928816503800217,0.8696768968456946,0.7175128205128205,0.37729508196721306,0.6652738853503185,0.875380664652568,0.7641764705882356,0.5096012654038036,0.5257960464248045,0.5401034437886941,0.7588197210070728,0.5784107451253074,0.8290784644865117,0.5160184443330155,0.5981022625175069,0.6560880098322331,0.588299360028929,0.5908728412565774,0.22965179365489014,0.9383041426818897,0.5877289883538535,0.5517947584126057,0.6233880925553852,0.07159333414277946,5
KOR,South Korea,韩国,2016,21.55,11.56,4.03,3.42,0.6111,1.08,1.94,0.5462,0.938,0.2548,1.56,2.44,0.656,0.82,7.5,29450.0,1.6400000000000001,1.06,7.97,0.4538,0.5010919037199124,0.5794936908517351,0.36921882951653934,0.7592135706340378,0.4540555706891855,0.6619445910290237,0.4583339960238569,0.6928241963452048,0.6695841476655808,0.9517800511508951,0.727748717948718,0.38274863387978153,0.6779872611464969,0.8904561933534743,0.7671117647058825,0.5010919037199124,0.5794936908517351,0.7592135706340378,0.36921882951653934,0.4540555706891855,0.6619445910290237,0.4583339960238569,0.6928241963452048,0.6695841476655808,0.9517800511508951,0.727748717948718,0.38274863387978153,0.6779872611464969,0.8904561933534743,0.7671117647058825,0.5310921916452417,0.5294487188600723,0.5441996261606071,0.7707219665798901,0.5875341768245315,0.8389015419415262,0.5304341912317615,0.604087832811995,0.6655342111727706,0.5981093670731393,0.6004256538461576,0.2401176888260141,0.9383041426818897,0.5975944310618937,0.5637571143192495,0.6325715649652948,0.0688144506460453,5
KOR,South Korea,韩国,2017,21.7,10.78,3.53,4.09,0.6174,1.22,2.09,0.5718,0.963,0.2365,1.54,2.44,0.664,0.83,7.51,30246.0,1.6600000000000001,1.06,8.47,0.4282,0.5076433260393873,0.518102523659306,0.4542900763358778,0.8147196885428255,0.46261917733587576,0.6803773087071241,0.4732147117296223,0.6587454981992797,0.6831292073832789,0.87393094629156,0.7379846153846155,0.38274863387978153,0.6907006369426753,0.9055317220543806,0.7700470588235295,0.5076433260393873,0.518102523659306,0.8147196885428255,0.4542900763358778,0.46261917733587576,0.6803773087071241,0.4732147117296223,0.6587454981992797,0.6831292073832789,0.87393094629156,0.7379846153846155,0.38274863387978153,0.6907006369426753,0.9055317220543806,0.7700470588235295,0.5118014260428871,0.6083741196833268,0.5498733051533993,0.7538632279388624,0.5941279381608986,0.848690044779988,0.5484400822681975,0.604465632139406,0.6731070999605618,0.6063350207976561,0.6082504075243902,0.24984170237777334,0.9383041426818897,0.6058554275634731,0.5765863516681123,0.639838254185715,0.06325190251760271,5
KOR,South Korea,韩国,2018,21.85,11.07,3.77,3.37,0.6237,1.21,2.07,0.5286,0.882,0.2477,1.52,2.43,0.672,0.84,7.52,31042.0,1.6800000000000002,1.0699999999999998,8.23,0.47140000000000004,0.5141947483588621,0.5409274447949528,0.36287022900763355,0.7880767519466075,0.47118278398256613,0.6790606860158312,0.47123061630218693,0.7162533013205283,0.6392432138979369,0.9215763000852514,0.7482205128205129,0.3882021857923497,0.7034140127388536,0.920607250755287,0.7729823529411766,0.5141947483588621,0.5409274447949528,0.7880767519466075,0.36287022900763355,0.47118278398256613,0.6790606860158312,0.47123061630218693,0.7162533013205283,0.6392432138979369,0.9215763000852514,0.7482205128205129,0.3882021857923497,0.7034140127388536,0.920607250755287,0.7729823529411766,0.5247255225150407,0.5347612471509668,0.5613783675330957,0.7399667320194491,0.6032433482250651,0.8584449820011096,0.528717011641874,0.6098775257904351,0.6825264957060708,0.6043658158181195,0.6073240625205575,0.24475074591824156,0.9383041426818897,0.6037276586942071,0.5658426336152246,0.644169148978167,0.07832651536294244,5
KOR,South Korea,韩国,2019,22.0,11.29,4.0,3.9,0.63,1.21,2.04,0.5543,0.669,0.253,1.5,2.42,0.68,0.85,7.53,31838.0,1.7000000000000002,1.08,8.0,0.4457,0.520746170678337,0.5582429022082018,0.43016539440203555,0.7625439377085651,0.4797463906292564,0.6790606860158312,0.46825447316103386,0.6820414832599706,0.5238393051031488,0.9441227621483375,0.7584564102564103,0.39365573770491813,0.7161273885350319,0.9356827794561934,0.7759176470588238,0.520746170678337,0.5582429022082018,0.7625439377085651,0.43016539440203555,0.4797463906292564,0.6790606860158312,0.46825447316103386,0.6820414832599706,0.5238393051031488,0.9441227621483375,0.7584564102564103,0.39365573770491813,0.7161273885350319,0.9356827794561934,0.7759176470588238,0.5354327543159685,0.5727303149941394,0.5580373960471307,0.6630255069840614,0.6123564707520283,0.8681673197470011,0.5500510898132259,0.5876562823503053,0.6919329371159443,0.605047489733878,0.6076577210188733,0.2471134605512391,0.9383041426818897,0.6045323848387771,0.5751199668293064,0.6479345527431529,0.07281458591384649,5
KOR,South Korea,韩国,2020,27.15,14.04,4.28,3.59,0.6236,-1.82,0.32,0.536,0.777,0.2445,1.48,2.41,0.688,0.86,7.54,31492.0,1.7200000000000002,1.0899999999999999,7.72,0.46399999999999997,0.7456783369803062,0.7746861198738169,0.39080407124681926,0.7314605116796441,0.47104685371833294,0.2801240105540897,0.29762226640159045,0.7064024276377218,0.5823539630836047,0.9079633418584824,0.7686923076923079,0.3991092896174863,0.7288407643312101,0.9507583081570996,0.7788529411764709,0.7456783369803062,0.7746861198738169,0.7314605116796441,0.39080407124681926,0.47104685371833294,0.2801240105540897,0.29762226640159045,0.7064024276377218,0.5823539630836047,0.9079633418584824,0.7686923076923079,0.3991092896174863,0.7288407643312101,0.9507583081570996,0.7788529411764709,0.7571487779645762,0.5346566617191696,0.39992965415933734,0.6955679250837105,0.6214674135161986,0.8778579837252786,0.6587774554435256,0.47216130165887804,0.70132678713432,0.5875352156129655,0.5968957934369049,0.23951307979885927,0.9383041426818897,0.6048074319885522,0.5327559495924459,0.6609968810539897,0.1282409314615438,4
KOR,South Korea,韩国,2021,20.3,9.57,4.29,4.24,0.6426,1.41,3.32,0.551,0.725,0.247,1.46,2.4,0.696,0.87,7.55,33430.0,1.7400000000000002,1.1,7.71,0.44899999999999995,0.4464967177242889,0.42286750788643535,0.4733358778625954,0.7303503893214683,0.49687360392263685,0.7053931398416886,0.5952365805168988,0.6864344404428437,0.5541802388707925,0.9185984654731457,0.7789282051282053,0.4045628415300548,0.7415541401273885,0.965833836858006,0.7817882352941179,0.4464967177242889,0.42286750788643535,0.7303503893214683,0.4733358778625954,0.49687360392263685,0.7053931398416886,0.5952365805168988,0.6864344404428437,0.5541802388707925,0.9185984654731457,0.7789282051282053,0.4045628415300548,0.7415541401273885,0.965833836858006,0.7817882352941179,0.4368905881769557,0.5879634705292205,0.6053043597689071,0.6783298169978161,0.6305762775998142,0.8875178614602167,0.4919984688890566,0.6263454597324909,0.7107083930487724,0.605093004543259,0.611350242474345,0.23901575525858143,0.9383041426818897,0.6039080099647669,0.5470066458401474,0.6598033914755328,0.11279674563538544,5
KOR,South Korea,韩国,2022,22.45,10.62,3.56,3.66,0.6489,1.37,1.99,0.5338,0.928,0.2659,1.44,2.4,0.704,0.88,7.56,34226.0,1.7600000000000002,1.1,8.44,0.46619999999999995,0.5404004376367614,0.5055094637223975,0.3996921119592875,0.8113893214682981,0.5054372105693272,0.7001266490765172,0.4632942345924454,0.7093310657596371,0.6641661237785016,0.999,0.7891641025641026,0.4045628415300548,0.7542675159235668,0.9809093655589124,0.7847235294117648,0.5404004376367614,0.5055094637223975,0.8113893214682981,0.3996921119592875,0.5054372105693272,0.7001266490765172,0.4632942345924454,0.7093310657596371,0.6641661237785016,0.999,0.7891641025641026,0.4045628415300548,0.7542675159235668,0.9809093655589124,0.7847235294117648,0.5261640011878146,0.5694786313101461,0.5741539218954954,0.7819738454098114,0.6371186928858501,0.8971478043869991,0.5430798031264871,0.6299085500225082,0.7182003712590418,0.6266770414624885,0.630347472324662,0.26688306320538696,0.9383041426818897,0.6259853551151855,0.5837780955191221,0.6726885974497567,0.08891050193063466,5
KOR,South Korea,韩国,2023,22.6,11.86,3.66,4.63,0.6552,1.47,2.83,0.5296,0.916,0.2631,1.42,2.39,0.712,0.89,7.57,35022.0,1.7800000000000002,1.1099999999999999,8.34,0.47040000000000004,0.5469518599562364,0.6031056782334385,0.5228549618320609,0.8002880978865407,0.5140008172160175,0.7132928759894459,0.5466262425447317,0.7149221021742032,0.6576644951140065,0.987088661551577,0.7994000000000001,0.410016393442623,0.7669808917197452,0.9959848942598187,0.7876588235294121,0.5469518599562364,0.6031056782334385,0.8002880978865407,0.5228549618320609,0.5140008172160175,0.7132928759894459,0.5466262425447317,0.7149221021742032,0.6576644951140065,0.987088661551577,0.7994000000000001,0.410016393442623,0.7669808917197452,0.9959848942598187,0.7876588235294121,0.5687570972621988,0.6468652122931947,0.6051743029174679,0.7736510213917538,0.6462214764297567,0.906748629802184,0.5987997574995104,0.6514481663478608,0.7275591710654261,0.6565940259730662,0.6584869451086253,0.306565928381301,0.9383041426818897,0.6559403822336134,0.626567313445936,0.6919653513142525,0.06539803786831655,4
MEX,Mexico,墨西哥,2000,19.05,9.72,5.32,2.28,0.5739,-0.1,0.18,0.7561,0.205,0.0777,1.95,2.62,0.455,0.396,7.14,5222.0,1.2500000000000002,0.8799999999999999,6.68,0.2439,0.3919015317286652,0.4346735015772871,0.22447073791348596,0.616007786429366,0.4034895123944429,0.5065831134564643,0.2837335984095428,0.41340549553154604,0.27244299674267103,0.19838789428815,0.5281487179487181,0.2845846994535519,0.35856369426751594,0.2512537764350453,0.6614411764705883,0.3919015317286652,0.4346735015772871,0.616007786429366,0.22447073791348596,0.4034895123944429,0.5065831134564643,0.2837335984095428,0.41340549553154604,0.27244299674267103,0.19838789428815,0.5281487179487181,0.2845846994535519,0.35856369426751594,0.2512537764350453,0.6614411764705883,0.40848060699334665,0.3718544370856059,0.39302058077715935,0.23997801478698866,0.3906032478513047,0.37005310263136193,0.39341603119734125,0.33895507600814456,0.3832840262812411,0.36776355483258694,0.36859204764683257,0.08248224358826975,0.5869749253314607,0.3719308419942628,0.35472095144998994,0.38459715165613195,0.029876200206142012,9
MEX,Mexico,墨西哥,2001,19.1,10.0,5.4,3.3,0.5745,-0.02,0.45,0.7387,0.152,0.0828,1.94,2.62,0.46,0.402,7.14,5470.0,1.2600000000000002,0.8799999999999999,6.6,0.2613,0.3940853391684902,0.45671135646687694,0.3539821882951653,0.60712680756396,0.40430509397984205,0.5171160949868073,0.31051888667992056,0.4365683606776044,0.2437274701411509,0.22008354646206305,0.5332666666666668,0.2845846994535519,0.3665095541401274,0.2602990936555891,0.6614411764705883,0.3940853391684902,0.45671135646687694,0.60712680756396,0.3539821882951653,0.40430509397984205,0.5171160949868073,0.31051888667992056,0.4365683606776044,0.2437274701411509,0.22008354646206305,0.5332666666666668,0.2845846994535519,0.3665095541401274,0.2602990936555891,0.6614411764705883,0.41803331241753294,0.4635861040994955,0.40873538256441866,0.23397945155002242,0.3946997299040453,0.37798980339117916,0.4356911101548597,0.3457505500618056,0.38876885773891623,0.38385411619949306,0.38563821039285506,0.09349399787648326,0.5869749253314607,0.38822257885064204,0.36560437965122744,0.41152123689819897,0.04591685724697153,9
MEX,Mexico,墨西哥,2002,19.15,9.96,5.52,2.32,0.5751,-0.04,0.24,0.7764,0.235,0.0777,1.94,2.62,0.465,0.408,7.14,5719.0,1.2600000000000002,0.8799999999999999,6.48,0.22360000000000002,0.396269146608315,0.4535630914826499,0.22954961832061063,0.593805339265851,0.40512067556524106,0.5144828496042216,0.2896858846918489,0.3863821528611445,0.28869706840390874,0.19838789428815,0.5332666666666668,0.2845846994535519,0.3744554140127389,0.26934441087613287,0.6614411764705883,0.396269146608315,0.4535630914826499,0.593805339265851,0.22954961832061063,0.40512067556524106,0.5144828496042216,0.2896858846918489,0.3863821528611445,0.28869706840390874,0.19838789428815,0.5332666666666668,0.2845846994535519,0.3744554140127389,0.26934441087613287,0.6614411764705883,0.41826279810419603,0.3691988474863062,0.39174484757116074,0.24846858767639893,0.3972475920443967,0.3858169218229748,0.39789976050377984,0.34173050833371865,0.3932088398743099,0.3730719405942765,0.37402478344691437,0.08462486650236803,0.5869749253314607,0.37763967993858977,0.35885292312298644,0.3911722182770534,0.03231929515406695,11
MEX,Mexico,墨西哥,2003,19.2,9.9,6.48,2.17,0.5756,0.07,0.66,0.758,-0.037,0.0909,1.93,2.62,0.47,0.414,7.13,5968.0,1.2700000000000002,0.8799999999999999,5.52,0.242,0.39845295404814,0.4488406940063092,0.2105038167938931,0.48723359288097884,0.405800326886407,0.5289656992084433,0.3313518886679921,0.4108762171535282,0.14132681867535288,0.254541346973572,0.5383846153846155,0.2845846994535519,0.3824012738853502,0.2783897280966767,0.6585058823529414,0.39845295404814,0.4488406940063092,0.48723359288097884,0.2105038167938931,0.405800326886407,0.5289656992084433,0.3313518886679921,0.4108762171535282,0.14132681867535288,0.254541346973572,0.5383846153846155,0.2845846994535519,0.3824012738853502,0.2783897280966767,0.6585058823529414,0.4178910988048711,0.3202569764605416,0.4132046106525769,0.178829056383125,0.4012881355583879,0.3928400771129798,0.3756966408992228,0.3214008616068491,0.3983108469317702,0.3592002649328564,0.36076259099203756,0.07538867567186767,0.5869749253314607,0.3644542275255717,0.3416812063506315,0.3825829146976915,0.04090170834706003,12
MEX,Mexico,墨西哥,2004,19.25,9.25,5.04,2.98,0.5762,0.26,0.5,0.7569,0.133,0.0635,1.92,2.62,0.475,0.42,7.12,6216.0,1.2800000000000002,0.8799999999999999,6.96,0.24309999999999998,0.400636761487965,0.3976813880126183,0.3133511450381679,0.647091212458287,0.4066159084718062,0.553981530343008,0.31547912524850896,0.4123405362144858,0.23343322475570033,0.13798039215686272,0.5435025641025641,0.2845846994535519,0.39034713375796176,0.28743504531722047,0.6555705882352943,0.400636761487965,0.3976813880126183,0.647091212458287,0.3133511450381679,0.4066159084718062,0.553981530343008,0.31547912524850896,0.4123405362144858,0.23343322475570033,0.13798039215686272,0.5435025641025641,0.2845846994535519,0.39034713375796176,0.28743504531722047,0.6555705882352943,0.3994519856507137,0.4502963161829559,0.41344999829668844,0.18915792954866142,0.4053026108761361,0.3997344839706742,0.41906183295262867,0.32699676912532105,0.40334499868428547,0.3751490232157544,0.3775207571412027,0.08582434234466696,0.5869749253314607,0.3824026154505561,0.35303095514715516,0.40435771329293013,0.051326758145774976,10
MEX,Mexico,墨西哥,2005,19.3,9.63,5.74,3.25,0.5768,0.33,0.56,0.7268,0.272,0.0762,1.91,2.62,0.48,0.426,7.12,6465.0,1.2900000000000003,0.8799999999999999,6.26,0.2732,0.40282056892778995,0.4275899053627761,0.3476335877862595,0.5693826473859844,0.40743149005720514,0.5631978891820579,0.32143141153081517,0.4524096305188743,0.3087437567861021,0.19200682011935208,0.5486205128205129,0.2845846994535519,0.3982929936305732,0.29648036253776433,0.6555705882352943,0.40282056892778995,0.4275899053627761,0.5693826473859844,0.3476335877862595,0.40743149005720514,0.5631978891820579,0.32143141153081517,0.4524096305188743,0.3087437567861021,0.19200682011935208,0.5486205128205129,0.2845846994535519,0.3982929936305732,0.29648036253776433,0.6555705882352943,0.4125513005974776,0.4449005872484644,0.4251675195254128,0.25532043323605363,0.4092918348339444,0.40723523221156804,0.4251987390777298,0.36485283684786163,0.4085708451662145,0.3951890415322081,0.39607201001232795,0.09748154085617859,0.5869749253314607,0.3993258254680565,0.3814170710366647,0.4135668548495183,0.03214978381285355,9
MEX,Mexico,墨西哥,2006,19.35,10.57,6.01,3.69,0.5774,0.03,0.41,0.7161,0.161,0.0796,1.9,2.62,0.485,0.432,7.12,6714.0,1.3000000000000003,0.8799999999999999,5.99,0.28390000000000004,0.40500437636761494,0.5015741324921136,0.40350127226463095,0.5394093437152392,0.40824707164260426,0.5236992084432718,0.30655069582504973,0.466653461384554,0.24860369163952223,0.2064705882352941,0.5537384615384617,0.2845846994535519,0.4062388535031847,0.30552567975830813,0.6555705882352943,0.40500437636761494,0.5015741324921136,0.5394093437152392,0.40350127226463095,0.40824707164260426,0.5236992084432718,0.30655069582504973,0.466653461384554,0.24860369163952223,0.2064705882352941,0.5537384615384617,0.2845846994535519,0.4062388535031847,0.30552567975830813,0.6555705882352943,0.44117397153669835,0.4665322673304909,0.4154051512370709,0.2308063866791609,0.41325658001924437,0.41464498377202486,0.45114755065553,0.34826085429070075,0.4137419917159426,0.39634768491075567,0.3987712044277221,0.09904884992348391,0.5869749253314607,0.40287279482446536,0.3738766860076485,0.4280793784756141,0.05420269246796561,10
MEX,Mexico,墨西哥,2007,19.4,9.33,5.08,2.99,0.578,0.36,0.33,0.7704,0.371,0.0806,1.9,2.62,0.49,0.438,7.11,6962.0,1.3000000000000003,0.8799999999999999,6.92,0.22960000000000003,0.4071881838074397,0.4039779179810726,0.3146208651399491,0.642650723025584,0.4090626532280032,0.5671477572559367,0.2986143141153082,0.39436934773909577,0.36238219326818677,0.2107246376811594,0.5537384615384617,0.2845846994535519,0.4141847133757962,0.31457099697885194,0.6526352941176474,0.4071881838074397,0.4039779179810726,0.642650723025584,0.3146208651399491,0.4090626532280032,0.5671477572559367,0.2986143141153082,0.39436934773909577,0.36238219326818677,0.2107246376811594,0.5537384615384617,0.2845846994535519,0.4141847133757962,0.31457099697885194,0.6526352941176474,0.40590102747764406,0.44965689860283814,0.4073045765473824,0.2917334552864723,0.4156650979527448,0.42121073377809787,0.4228677789550113,0.368501596458696,0.41759771561404174,0.3987168248314397,0.3995402869541943,0.09847524436324519,0.5869749253314607,0.4031170038784079,0.3850162666553248,0.41603534892413957,0.03101908226881478,9
MEX,Mexico,墨西哥,2008,19.45,8.87,5.26,3.33,0.5786,0.06,-0.08,0.7761,0.235,0.1033,1.89,2.62,0.495,0.444,7.1,7211.0,1.3100000000000003,0.8799999999999999,6.74,0.2239,0.40937199124726475,0.3677728706624605,0.3577913486005089,0.6226685205784206,0.40987823481340235,0.5276490765171504,0.2579403578528827,0.38678151260504207,0.28869706840390874,0.3072915601023018,0.5588564102564104,0.2845846994535519,0.42213057324840764,0.32361631419939574,0.6497000000000002,0.40937199124726475,0.3677728706624605,0.6226685205784206,0.3577913486005089,0.40987823481340235,0.5276490765171504,0.2579403578528827,0.38678151260504207,0.28869706840390874,0.3072915601023018,0.5588564102564104,0.2845846994535519,0.42213057324840764,0.32361631419939574,0.6497000000000002,0.3921956307652456,0.47200149333326985,0.3843755183225933,0.2959958875800371,0.41958272676061253,0.42766468673700786,0.4223563224669993,0.3553977764409915,0.42239389008443096,0.3941893355990084,0.39558417434182563,0.09514700591429587,0.5869749253314607,0.3998178032165174,0.37643996679210395,0.4167517818968649,0.04031181510476095,9
MEX,Mexico,墨西哥,2009,19.5,9.64,6.06,2.45,0.5791,0.26,0.4,0.7314,0.243,0.0826,1.88,2.62,0.5,0.45,7.1,7460.0,1.3200000000000003,0.8799999999999999,5.94,0.26859999999999995,0.41155579868708975,0.42837697160883287,0.24605597964376588,0.5338587319243605,0.4105578861345682,0.553981530343008,0.30555864811133204,0.4462861144457783,0.29303148751357216,0.21923273657289002,0.5639743589743591,0.2845846994535519,0.4300764331210191,0.3326616314199396,0.6497000000000002,0.41155579868708975,0.42837697160883287,0.5338587319243605,0.24605597964376588,0.4105578861345682,0.553981530343008,0.30555864811133204,0.4462861144457783,0.29303148751357216,0.21923273657289002,0.5639743589743591,0.2845846994535519,0.4300764331210191,0.3326616314199396,0.6497000000000002,0.41820351774859416,0.3624350055872461,0.41790970898098945,0.2609220222444883,0.42347804677720197,0.43479723590583436,0.39493412722523935,0.3628364785942127,0.4274058448569016,0.3909254219240303,0.3918365830623274,0.09112109919170172,0.5869749253314607,0.3938684192874877,0.37748859382464695,0.4106637622269575,0.03317516840231055,10
MEX,Mexico,墨西哥,2010,19.55,8.95,5.28,3.91,0.5797,0.09,0.13,0.7244,0.236,0.068,1.87,2.62,0.505,0.456,7.1,7708.0,1.33,0.8799999999999999,6.72,0.27559999999999996,0.4137396061269147,0.37406940063091476,0.4314351145038167,0.620448275862069,0.4113734677199673,0.5315989445910291,0.27877335984095425,0.45560450847005474,0.28923887079261673,0.15712361466325658,0.5690923076923077,0.2845846994535519,0.4380222929936306,0.3417069486404834,0.6497000000000002,0.4137396061269147,0.37406940063091476,0.620448275862069,0.4314351145038167,0.4113734677199673,0.5315989445910291,0.27877335984095425,0.45560450847005474,0.28923887079261673,0.15712361466325658,0.5690923076923077,0.2845846994535519,0.4380222929936306,0.3417069486404834,0.6497000000000002,0.39739018051646596,0.5173810713006878,0.4061601686636084,0.22659513381539198,0.4273516789050463,0.44185261833994305,0.4416258569931887,0.3409284980666076,0.4323720589666419,0.39567531459651345,0.39857077401459223,0.09604500927230052,0.5869749253314607,0.4039550309404114,0.37042209233278695,0.4287988753624982,0.05837678302971128,10
MEX,Mexico,墨西哥,2011,19.6,10.24,6.07,2.48,0.5803,0.26,0.38,0.7234,0.203,0.0666,1.86,2.62,0.51,0.462,7.09,7957.0,1.34,0.8799999999999999,5.93,0.27659999999999996,0.4159234135667397,0.47560094637223976,0.24986513994910936,0.5327486095661847,0.4121890493053665,0.553981530343008,0.30357455268389666,0.4569357076163799,0.27135939196525516,0.1511679454390452,0.5742102564102565,0.2845846994535519,0.4459681528662421,0.3507522658610272,0.6467647058823531,0.4159234135667397,0.47560094637223976,0.5327486095661847,0.24986513994910936,0.4121890493053665,0.553981530343008,0.30357455268389666,0.4569357076163799,0.27135939196525516,0.1511679454390452,0.5742102564102565,0.2845846994535519,0.4459681528662421,0.3507522658610272,0.6467647058823531,0.43883888741116717,0.3648497031476772,0.4197011090036206,0.21473893687221743,0.43120421372491224,0.4480214590699307,0.4075948256630428,0.3432664205170157,0.43701720297914,0.3885712702750884,0.39069017679946116,0.08951705488588459,0.5869749253314607,0.39483101841986534,0.36744825232845413,0.41710454903676303,0.0496562967083089,10
MEX,Mexico,墨西哥,2012,19.65,10.68,6.04,3.26,0.5809,0.26,0.6,0.732,0.322,0.076,1.86,2.62,0.515,0.468,7.08,8205.0,1.34,0.8799999999999999,5.96,0.268,0.41810722100656444,0.5102318611987382,0.3489033078880406,0.5360789766407119,0.41300463089076545,0.553981530343008,0.32539960238568594,0.4454873949579833,0.33583387622149835,0.19115601023017897,0.5742102564102565,0.2845846994535519,0.45391401273885357,0.359797583081571,0.6438294117647061,0.41810722100656444,0.5102318611987382,0.5360789766407119,0.3489033078880406,0.41300463089076545,0.553981530343008,0.32539960238568594,0.4454873949579833,0.33583387622149835,0.19115601023017897,0.5742102564102565,0.2845846994535519,0.45391401273885357,0.359797583081571,0.6438294117647061,0.452772071941764,0.4324808992766965,0.4251396751168751,0.26805868592385296,0.433494826931564,0.4540913927688005,0.444543793249767,0.3702040032187585,0.44059512950833507,0.41206214333066493,0.41362327811493405,0.10553506339583765,0.5869749253314607,0.41817056949423187,0.3929469505767108,0.4365114699494129,0.043564519372702115,9
MEX,Mexico,墨西哥,2013,19.7,10.17,6.31,3.76,0.5815,0.01,0.2,0.726,0.195,0.0908,1.85,2.62,0.52,0.474,7.08,8454.0,1.35,0.8799999999999999,5.69,0.274,0.4202910284463895,0.4700914826498423,0.41238931297709913,0.5061056729699668,0.4138202124761646,0.521065963060686,0.28571769383697815,0.45347458983593447,0.26702497285559174,0.25411594202898546,0.5793282051282052,0.2845846994535519,0.46185987261146505,0.36884290030211475,0.6438294117647061,0.4202910284463895,0.4700914826498423,0.5061056729699668,0.41238931297709913,0.4138202124761646,0.521065963060686,0.28571769383697815,0.45347458983593447,0.26702497285559174,0.25411594202898546,0.5793282051282052,0.2845846994535519,0.46185987261146505,0.36884290030211475,0.6438294117647061,0.4395446767720374,0.45685070949917217,0.40696921781312173,0.2617844780075633,0.4373069733137556,0.46090687051333973,0.4463869980195692,0.35651373060560343,0.4454262171841769,0.40773378411163547,0.41014945680336523,0.10237088500845191,0.5869749253314607,0.4152453483187234,0.38414732473427304,0.43830538641097905,0.054158061676706004,10
MEX,Mexico,墨西哥,2014,19.75,10.36,5.38,3.56,0.5821,0.14,0.08,0.699,0.16,0.1009,1.84,2.62,0.525,0.48,7.08,8703.0,1.36,0.8799999999999999,6.62,0.30100000000000005,0.42247483588621443,0.4850457413249211,0.3869949109414758,0.6093470522803115,0.41463579406156353,0.5381820580474934,0.27381312127236584,0.4894169667867148,0.2480618892508143,0.297081841432225,0.5844461538461538,0.2845846994535519,0.4698057324840765,0.37788821752265855,0.6438294117647061,0.42247483588621443,0.4850457413249211,0.6093470522803115,0.3869949109414758,0.41463579406156353,0.5381820580474934,0.27381312127236584,0.4894169667867148,0.2480618892508143,0.297081841432225,0.5844461538461538,0.2845846994535519,0.4698057324840765,0.37788821752265855,0.6438294117647061,0.4464713401197449,0.48560705125612613,0.4124123946823602,0.2666161612009408,0.4410996970534523,0.46765581139521534,0.46173218201012667,0.3618246391993194,0.4502182661521369,0.41566478426724984,0.4183149901284069,0.1077997478701274,0.5869749253314607,0.42381169290808257,0.3908506477813537,0.4479511429812972,0.05710049519994348,10
MEX,Mexico,墨西哥,2015,19.8,9.55,5.51,2.68,0.5827,0.04,0.75,0.6888,0.276,0.0691,1.83,2.62,0.53,0.486,7.07,8951.0,1.37,0.8799999999999999,6.49,0.31120000000000003,0.4246586433260394,0.4212933753943218,0.2752595419847328,0.5949154616240269,0.4154513756469627,0.5250158311345646,0.3402803180914513,0.5029951980792318,0.3109109663409338,0.1618030690537084,0.5895641025641026,0.2845846994535519,0.47775159235668796,0.3869335347432024,0.6408941176470591,0.4246586433260394,0.4212933753943218,0.5949154616240269,0.2752595419847328,0.4154513756469627,0.5250158311345646,0.3402803180914513,0.5029951980792318,0.3109109663409338,0.1618030690537084,0.5895641025641026,0.2845846994535519,0.47775159235668796,0.3869335347432024,0.6408941176470591,0.4233093223321735,0.4046679595498827,0.435382667154142,0.23942876552548462,0.44487348282552563,0.4734742193425529,0.41575188553210296,0.3638837760519158,0.4546816797707975,0.40489981850656714,0.4066835800116365,0.09789916033978471,0.5869749253314607,0.4097531922635219,0.3854421357017367,0.43237079357576713,0.046928657874030444,10
MEX,Mexico,墨西哥,2016,19.85,10.36,5.21,2.55,0.5832,0.36,0.3,0.7104,0.299,0.0922,1.82,2.62,0.535,0.492,7.06,9200.0,1.3800000000000001,0.8799999999999999,6.79,0.28959999999999997,0.4268424507658644,0.4850457413249211,0.25875318066157754,0.6282191323692993,0.41613102696812865,0.5671477572559367,0.29563817097415507,0.47424129651860747,0.32337242128121607,0.2600716112531969,0.5946820512820513,0.2845846994535519,0.48569745222929944,0.3959788519637462,0.6379588235294118,0.4268424507658644,0.4850457413249211,0.6282191323692993,0.25875318066157754,0.41613102696812865,0.5671477572559367,0.29563817097415507,0.47424129651860747,0.32337242128121607,0.2600716112531969,0.5946820512820513,0.2845846994535519,0.48569745222929944,0.3959788519637462,0.6379588235294118,0.44923505826789606,0.4031794868951207,0.4237240208418907,0.29638687410507597,0.4486287938149085,0.479203801581721,0.43021302602798306,0.3806412485797613,0.4591015221990332,0.4177188043895899,0.4190508639000094,0.10627359669812121,0.5869749253314607,0.4224246157557605,0.4003139098583171,0.441456272476157,0.04114236261783988,10
MEX,Mexico,墨西哥,2017,19.9,9.92,5.6,2.89,0.5838,0.05,0.15,0.719,0.385,0.0789,1.82,2.62,0.54,0.498,7.06,9449.0,1.3800000000000001,0.8799999999999999,6.4,0.281,0.4290262582056892,0.45041482649842274,0.30192366412213734,0.584924360400445,0.41694660855352766,0.5263324538258575,0.2807574552683897,0.46279298386021084,0.3699674267100977,0.20349275362318836,0.5946820512820513,0.2845846994535519,0.49364331210191087,0.4050241691842901,0.6379588235294118,0.4290262582056892,0.45041482649842274,0.584924360400445,0.30192366412213734,0.41694660855352766,0.5263324538258575,0.2807574552683897,0.46279298386021084,0.3699674267100977,0.20349275362318836,0.5946820512820513,0.2845846994535519,0.49364331210191087,0.4050241691842901,0.6379588235294118,0.4374570252246149,0.4202410095723643,0.40878913904281305,0.29128469950466385,0.4508181304167902,0.4857419626880279,0.4304875636746551,0.36927069680203095,0.4627461999168977,0.413741399905887,0.41567840779827825,0.103409367141688,0.5869749253314607,0.4197223499823345,0.3928482793353834,0.44209206399771594,0.049243784662332535,10
MEX,Mexico,墨西哥,2018,19.95,10.12,5.3,2.63,0.5844,-0.08,0.54,0.6855,0.133,0.1024,1.81,2.62,0.545,0.504,7.06,9697.0,1.3900000000000001,0.8799999999999999,6.7,0.3145,0.4312100656455142,0.4661561514195583,0.2689109414758269,0.6182280311457174,0.4177621901389268,0.5092163588390501,0.31944731610337973,0.5073881552621049,0.23343322475570033,0.30346291560102295,0.5998000000000001,0.2845846994535519,0.5015891719745224,0.4140694864048338,0.6379588235294118,0.4312100656455142,0.4661561514195583,0.6182280311457174,0.2689109414758269,0.4177621901389268,0.5092163588390501,0.31944731610337973,0.5073881552621049,0.23343322475570033,0.30346291560102295,0.5998000000000001,0.2845846994535519,0.5015891719745224,0.4140694864048338,0.6379588235294118,0.44486260618422174,0.4077355538852869,0.4267486952946875,0.25926258818169406,0.45453831156992397,0.4922219719825409,0.4296224567329882,0.36748743723674226,0.4673875825256943,0.4139293696183849,0.4160979866723016,0.10301420881369434,0.5869749253314607,0.4198702970217709,0.3919416818513019,0.4443401692536039,0.05239848740230202,11
MEX,Mexico,墨西哥,2019,20.0,10.06,6.1,2.54,0.585,-0.13,0.55,0.7022,0.31,0.0876,1.8,2.62,0.55,0.51,7.05,9946.0,1.4000000000000001,0.8799999999999999,5.9,0.29779999999999995,0.43339387308533917,0.46143375394321773,0.25748346055979643,0.5294182424916574,0.4185777717243258,0.5026332453825858,0.3204393638170974,0.48515712951847406,0.32933224755700324,0.2405029838022165,0.6049179487179488,0.2845846994535519,0.5095350318471339,0.4231148036253777,0.6350235294117649,0.43339387308533917,0.46143375394321773,0.5294182424916574,0.25748346055979643,0.4185777717243258,0.5026332453825858,0.3204393638170974,0.48515712951847406,0.32933224755700324,0.2405029838022165,0.6049179487179488,0.2845846994535519,0.5095350318471339,0.4231148036253777,0.6350235294117649,0.4443993391520265,0.36921056480040954,0.42214203550906393,0.2904214854031638,0.45824134057818033,0.49772660897280563,0.4126422477938602,0.3773372175257647,0.47169152598748953,0.41443973416997587,0.4162350191447108,0.10188079191062428,0.5869749253314607,0.4178567187286335,0.39582181198442684,0.44416833981556647,0.04834652783113963,11
MEX,Mexico,墨西哥,2020,25.05,11.89,5.5,3.09,0.5739,-2.86,-1.51,0.7096,0.226,0.0898,1.79,2.62,0.555,0.516,7.04,9838.0,1.4100000000000001,0.8799999999999999,6.5,0.2904,0.6539584245076586,0.6054668769716088,0.32731806615776077,0.5960255839822025,0.4034895123944429,0.14319525065963062,0.11607753479125249,0.4753062558356677,0.2838208469055375,0.2498618925831202,0.6100358974358975,0.2845846994535519,0.5174808917197453,0.4321601208459215,0.6320882352941178,0.6539584245076586,0.6054668769716088,0.5960255839822025,0.32731806615776077,0.4034895123944429,0.14319525065963062,0.11607753479125249,0.4753062558356677,0.2838208469055375,0.2498618925831202,0.6100358974358975,0.2845846994535519,0.5174808917197453,0.4321601208459215,0.6320882352941178,0.6341123900939294,0.44168987030449836,0.23567503426258643,0.269715922232936,0.46192760438535685,0.5031504851929376,0.5487148568024236,0.2454095622358205,0.475956551241712,0.38109285004479526,0.4055652473075688,0.08835697755853852,0.5869749253314607,0.4050156498536138,0.3136416065523364,0.4853197824132323,0.1716781758608959,12
MEX,Mexico,墨西哥,2021,18.1,8.24,6.25,2.42,0.5862,0.1,1.32,0.7099,0.222,0.0876,1.78,2.62,0.56,0.522,7.04,10443.0,1.4200000000000002,0.8799999999999999,5.75,0.2901,0.3504091903719913,0.3181876971608833,0.24224681933842232,0.5127664071190212,0.420208934895124,0.5329155672823218,0.3968270377733599,0.4749068960917701,0.28165363735070575,0.2405029838022165,0.6151538461538462,0.2845846994535519,0.5254267515923567,0.4412054380664653,0.6320882352941178,0.3504091903719913,0.3181876971608833,0.5127664071190212,0.24224681933842232,0.420208934895124,0.5329155672823218,0.3968270377733599,0.4749068960917701,0.28165363735070575,0.2405029838022165,0.6151538461538462,0.2845846994535519,0.5254267515923567,0.4412054380664653,0.6320882352941178,0.3371464928182781,0.3524429474229459,0.4504807065038727,0.26440971378241623,0.4655974742627797,0.5094429972611851,0.34318375163141973,0.38393398677786933,0.4804966444520669,0.397070613115316,0.40067771353619375,0.08671248107492625,0.5869749253314607,0.3965441064222976,0.3679738186051649,0.43760298843215145,0.06962916982698653,10
MEX,Mexico,墨西哥,2022,20.15,10.61,4.89,2.24,0.5868,0.08,0.28,0.7086,0.321,0.0921,1.78,2.62,0.565,0.528,7.04,10692.0,1.4200000000000002,0.8799999999999999,7.11,0.2914,0.4399452954048139,0.5047223974763406,0.2193918575063613,0.6637430478309233,0.4210245164805231,0.5302823218997361,0.29365407554671974,0.4766374549819929,0.3352920738327904,0.2596462063086104,0.6151538461538462,0.2845846994535519,0.5333726114649681,0.4502507552870091,0.6320882352941178,0.4399452954048139,0.5047223974763406,0.6637430478309233,0.2193918575063613,0.4210245164805231,0.5302823218997361,0.29365407554671974,0.4766374549819929,0.3352920738327904,0.2596462063086104,0.6151538461538462,0.2845846994535519,0.5333726114649681,0.4502507552870091,0.6320882352941178,0.4647937051920473,0.38160165116330386,0.41784541842637307,0.30269605772957936,0.467698712988692,0.5156841139770998,0.4295366648103918,0.37932632251521214,0.4839631860498284,0.423593183326827,0.42578048426415094,0.10747401510879835,0.5869749253314607,0.4282929151562664,0.40214283819830154,0.4559003722374443,0.05375753403914274,10
MEX,Mexico,墨西哥,2023,20.2,9.14,6.58,2.81,0.5873,0.36,0.43,0.7051,0.347,0.0968,1.77,2.62,0.57,0.534,7.03,10941.0,1.4300000000000002,0.8799999999999999,5.42,0.29490000000000005,0.44212910284463885,0.38902365930599375,0.291765903307888,0.47613236929922137,0.421704167801689,0.5671477572559367,0.3085347912524851,0.4812966519941311,0.3493789359391965,0.27964023870417726,0.6202717948717948,0.2845846994535519,0.5413184713375796,0.45929607250755294,0.6291529411764709,0.44212910284463885,0.38902365930599375,0.47613236929922137,0.291765903307888,0.421704167801689,0.5671477572559367,0.3085347912524851,0.4812966519941311,0.3493789359391965,0.27964023870417726,0.6202717948717948,0.2845846994535519,0.5413184713375796,0.45929607250755294,0.6291529411764709,0.4200682598104201,0.3727186483431064,0.43125587718620867,0.31960818758969156,0.47133764911539305,0.520904526718618,0.400446377746794,0.39418481270482464,0.4881252025264764,0.4222820637506796,0.424245399163911,0.10440671454688348,0.5869749253314607,0.42360574999485645,0.4032975839432947,0.45455722479798827,0.05125964085469359,10
RUS,Russia,俄罗斯,2000,17.95,9.39,6.7,2.39,0.516,0.65,1.11,0.7965,-0.032,0.1012,2.11,1.9,0.455,0.473,6.01,6036.0,1.0900000000000003,1.6,5.3,0.20350000000000001,0.3438577680525164,0.4087003154574133,0.23843765903307887,0.46281090100111233,0.32478588940343234,0.60532981530343,0.37599403578528834,0.3596250500200081,0.14403583061889252,0.29835805626598455,0.4462615384615386,0.67724043715847,0.35856369426751594,0.3673353474320241,0.3297529411764707,0.3438577680525164,0.4087003154574133,0.46281090100111233,0.23843765903307887,0.32478588940343234,0.60532981530343,0.37599403578528834,0.3596250500200081,0.14403583061889252,0.29835805626598455,0.4462615384615386,0.67724043715847,0.35856369426751594,0.3673353474320241,0.3297529411764707,0.36845910521315617,0.332192034536795,0.4017375144175634,0.19274247547832293,0.4736183733275787,0.35181398873231223,0.35349987264240174,0.322294505368989,0.4268134910893055,0.3604868115742361,0.36301181126710774,0.07242057184953335,0.5583924517777885,0.3637691699567207,0.34042096063270344,0.39388937537589636,0.053468414743192916,11
RUS,Russia,俄罗斯,2001,17.9,7.72,7.12,2.03,0.5165,0.52,1.12,0.7956,0.041,0.0961,2.12,1.9,0.46,0.476,5.98,6323.0,1.08,1.6,4.88,0.20440000000000003,0.3416739606126914,0.2772602523659306,0.19272773536895668,0.41618576195773077,0.3254655407245982,0.5882137203166227,0.376986083499006,0.3608231292517008,0.1835874049945711,0.27666240409207155,0.44114358974358975,0.67724043715847,0.3665095541401274,0.371858006042296,0.32094705882352964,0.3416739606126914,0.2772602523659306,0.41618576195773077,0.19272773536895668,0.3254655407245982,0.5882137203166227,0.376986083499006,0.3608231292517008,0.1835874049945711,0.27666240409207155,0.44114358974358975,0.67724043715847,0.3665095541401274,0.371858006042296,0.32094705882352964,0.3142839297529771,0.2832146525074526,0.39964602252289055,0.2163145779076466,0.47454832371989025,0.35059009475793335,0.30146687028290114,0.33242875496455254,0.4268371023767129,0.34796051087588664,0.3514626937837052,0.0637036739822751,0.5583924517777885,0.3476043144437359,0.322258626783927,0.3861074938372373,0.06384886705331028,14
RUS,Russia,俄罗斯,2002,17.85,8.74,7.53,3.24,0.5171,0.31,1.0,0.7756,0.197,0.1019,2.13,1.9,0.465,0.479,5.95,6611.0,1.0700000000000003,1.6,4.47,0.22440000000000004,0.33949015317286657,0.35754100946372247,0.34636386768447835,0.370670745272525,0.32628112230999734,0.5605646437994722,0.36508151093439367,0.38744711217820477,0.2681085776330076,0.3013358908780903,0.4360256410256411,0.67724043715847,0.3744554140127389,0.3763806646525679,0.3121411764705884,0.33949015317286657,0.35754100946372247,0.370670745272525,0.34636386768447835,0.32628112230999734,0.5605646437994722,0.36508151093439367,0.38744711217820477,0.2681085776330076,0.3013358908780903,0.4360256410256411,0.67724043715847,0.3744554140127389,0.3763806646525679,0.3121411764705884,0.3465984802512848,0.35831125152593224,0.39762525008985466,0.280935595899556,0.4753874477876675,0.3492342330703758,0.35123692861969724,0.358272768479932,0.42674839318023805,0.37533333651532663,0.37670470393195343,0.07998633293204942,0.5583924517777885,0.3757510103627954,0.3596644870799524,0.400449493036531,0.04078500595657858,10
RUS,Russia,俄罗斯,2003,17.8,8.81,7.31,2.87,0.5176,0.27,1.08,0.7982,0.119,0.0914,2.14,1.9,0.47,0.482,5.92,6898.0,1.06,1.6,4.69,0.20179999999999998,0.3373063457330416,0.36305047318611994,0.29938422391857505,0.3950934371523916,0.3269607736311631,0.5552981530343007,0.3730178926441352,0.35736201147125524,0.22584799131378935,0.25666837169650464,0.43090769230769227,0.67724043715847,0.3824012738853502,0.3809033232628399,0.3033352941176472,0.3373063457330416,0.36305047318611994,0.3950934371523916,0.29938422391857505,0.3269607736311631,0.5552981530343007,0.3730178926441352,0.35736201147125524,0.22584799131378935,0.25666837169650464,0.43090769230769227,0.67724043715847,0.3824012738853502,0.3809033232628399,0.3033352941176472,0.34737735963594785,0.34392548910656656,0.3926759885950038,0.23770519955083314,0.4761374725634895,0.347742710576202,0.34599247334134225,0.33778133399637206,0.4265464656421062,0.3648918457931517,0.36687421529358333,0.07427597742543815,0.5583924517777885,0.3662832506189925,0.34740610617787177,0.3951000679961246,0.04769396181825286,10
RUS,Russia,俄罗斯,2004,17.75,8.42,7.05,1.94,0.5181,0.34,1.19,0.7542,0.058,0.1011,2.15,1.9,0.475,0.485,5.89,7186.0,1.0500000000000003,1.6,4.95,0.24580000000000002,0.33512253829321664,0.33235488958990533,0.1813002544529262,0.42395661846496113,0.3276404249523291,0.564514511873351,0.3839304174950298,0.41593477390956396,0.19279804560260583,0.2979326513213981,0.4257897435897437,0.67724043715847,0.39034713375796176,0.3854259818731118,0.29452941176470593,0.33512253829321664,0.33235488958990533,0.42395661846496113,0.1813002544529262,0.3276404249523291,0.564514511873351,0.3839304174950298,0.41593477390956396,0.19279804560260583,0.2979326513213981,0.4257897435897437,0.67724043715847,0.39034713375796176,0.3854259818731118,0.29452941176470593,0.33401272383148917,0.27724257033273153,0.40964362279157107,0.22946096562221627,0.4767999939570597,0.34611152466381295,0.31002861007785476,0.34426825946240946,0.4262301608521376,0.35569075632956837,0.3585849350639615,0.06781996154713768,0.5583924517777885,0.35524504748415353,0.33103668887972404,0.390041838740012,0.059005149860287986,13
RUS,Russia,俄罗斯,2005,17.7,9.35,7.9,2.64,0.5186,0.53,0.79,0.762,0.113,0.0913,2.16,1.9,0.48,0.488,5.86,7473.0,1.04,1.6,4.1,0.238,0.33293873085339165,0.4055520504731861,0.2701806615776081,0.3295962180200222,0.3283200762734949,0.5895303430079155,0.34424850894632214,0.40555142056822735,0.2225971769815418,0.2562429667519181,0.42067179487179485,0.67724043715847,0.3982929936305732,0.3899486404833837,0.28572352941176493,0.33293873085339165,0.4055520504731861,0.3295962180200222,0.2701806615776081,0.3283200762734949,0.5895303430079155,0.34424850894632214,0.40555142056822735,0.2225971769815418,0.2562429667519181,0.42067179487179485,0.67724043715847,0.3982929936305732,0.3899486404833837,0.28572352941176493,0.3602775762858861,0.2984133446046392,0.40118341890006953,0.23549005596048883,0.47737648487497414,0.3443363319182539,0.3341255106885319,0.34192578641635135,0.42579804347239203,0.3626659069766623,0.3647473808148177,0.07257399695776433,0.5583924517777885,0.36318719032581126,0.3438625173499519,0.3932654860451444,0.049402968695192506,14
RUS,Russia,俄罗斯,2006,17.65,8.83,6.92,2.16,0.5192,0.31,0.92,0.7188,0.206,0.0952,2.17,1.9,0.485,0.491,5.83,7760.0,1.0300000000000002,1.6,5.08,0.2812,0.3307549234135667,0.36462460567823346,0.20923409669211193,0.4383882091212458,0.32913565785889404,0.5605646437994722,0.3571451292246521,0.46305922368947583,0.27298479913137896,0.27283375959079287,0.4155538461538462,0.67724043715847,0.4062388535031847,0.3944712990936556,0.2769176470588237,0.3307549234135667,0.36462460567823346,0.4383882091212458,0.20923409669211193,0.32913565785889404,0.5605646437994722,0.3571451292246521,0.46305922368947583,0.27298479913137896,0.27283375959079287,0.4155538461538462,0.67724043715847,0.4062388535031847,0.3944712990936556,0.2769176470588237,0.343907921604843,0.30286261066027376,0.4108728049703691,0.2729243732839587,0.477868302506766,0.34241241233671393,0.3268613517045514,0.3634192053061501,0.4252483826610955,0.36903284607355624,0.3710006024321541,0.075432653234861,0.5583924517777885,0.3685583731867303,0.34691719490932765,0.3967233388228124,0.04980614391348476,12
RUS,Russia,俄罗斯,2007,17.6,8.98,6.22,1.51,0.5197,0.5,0.99,0.7489,0.048,0.1031,2.18,1.9,0.49,0.494,5.8,8048.0,1.02,1.6,5.78,0.2511,0.32857111597374183,0.37643059936908524,0.12670229007633588,0.5160967741935485,0.32981530918006,0.5855804749340369,0.364089463220676,0.4229901293850874,0.18738002171552656,0.3064407502131287,0.4104358974358974,0.67724043715847,0.4141847133757962,0.3989939577039275,0.26811176470588244,0.32857111597374183,0.37643059936908524,0.5160967741935485,0.12670229007633588,0.32981530918006,0.5855804749340369,0.364089463220676,0.4229901293850874,0.18738002171552656,0.3064407502131287,0.4104358974358974,0.67724043715847,0.4141847133757962,0.3989939577039275,0.26811176470588244,0.3469377817569061,0.2557159423879008,0.4101530678700805,0.2281248402742692,0.47827669486339813,0.3403346282475331,0.3070818018690412,0.3439647584147381,0.4245791287534668,0.35413544411994663,0.3570841825526476,0.06704577787513533,0.5583924517777885,0.35363896118802396,0.32887580442474423,0.3883509841741801,0.05947517974943589,14
RUS,Russia,俄罗斯,2008,17.55,8.0,6.99,1.7,0.5202,0.52,1.06,0.7366,0.1,0.1023,2.19,1.9,0.495,0.497,5.77,8335.0,1.0100000000000002,1.6,5.01,0.26339999999999997,0.32638730853391684,0.29929810725552053,0.1508269720101781,0.43061735261401557,0.33049496050122584,0.5882137203166227,0.3710337972166999,0.4393638788848873,0.21555374592833879,0.30303751065643647,0.4053179487179488,0.67724043715847,0.42213057324840764,0.40351661631419944,0.2593058823529412,0.32638730853391684,0.29929810725552053,0.43061735261401557,0.1508269720101781,0.33049496050122584,0.5882137203166227,0.3710337972166999,0.4393638788848873,0.21555374592833879,0.30303751065643647,0.4053179487179488,0.67724043715847,0.42213057324840764,0.40351661631419944,0.2593058823529412,0.31526920089488697,0.25485037058990345,0.41595991210796623,0.24701987670054784,0.4786028066429699,0.33809737696159115,0.28954964403493527,0.3557587615664191,0.4237878850117154,0.3524712621056405,0.3563047633405628,0.06535276679727316,0.5583924517777885,0.35195302474097584,0.3198253462625733,0.38799688174991986,0.06817153548734656,14
RUS,Russia,俄罗斯,2009,17.5,7.85,7.0,2.01,0.5207,0.27,1.24,0.724,0.073,0.0973,2.2,1.9,0.5,0.5,5.74,8623.0,1.0,1.6,5.0,0.276,0.3242035010940919,0.28749211356466875,0.19018829516539434,0.4295072302558398,0.33117461182239183,0.5552981530343007,0.3888906560636184,0.4561369881285849,0.20092508143322474,0.28176726342710995,0.40019999999999994,0.67724043715847,0.4300764331210191,0.4080392749244713,0.2505000000000002,0.3242035010940919,0.28749211356466875,0.4295072302558398,0.19018829516539434,0.33117461182239183,0.5552981530343007,0.3888906560636184,0.4561369881285849,0.20092508143322474,0.28176726342710995,0.40019999999999994,0.67724043715847,0.4300764331210191,0.4080392749244713,0.2505000000000002,0.30898755980808285,0.28580981068460304,0.4182390729335362,0.2300258824330927,0.47884768448858017,0.335694535965882,0.29949905034278923,0.34956684424352746,0.42287187357482064,0.35334045865229957,0.356538014872694,0.0663832799175109,0.5583924517777885,0.35282798091295253,0.3249880233238294,0.3874015359794902,0.06241351265566075,14
RUS,Russia,俄罗斯,2010,17.45,8.03,6.23,1.94,0.5213,0.63,1.35,0.7536,0.126,0.1091,2.21,1.9,0.505,0.503,5.71,8910.0,0.9900000000000002,1.6,5.77,0.24639999999999995,0.3220196936542669,0.3016593059936908,0.1813002544529262,0.5149866518353726,0.3319901934077908,0.6026965699208443,0.3998031809145129,0.416733493397359,0.22964060803474484,0.3319650468883205,0.3950820512820513,0.67724043715847,0.4380222929936306,0.4125619335347432,0.24169411764705895,0.3220196936542669,0.3016593059936908,0.5149866518353726,0.1813002544529262,0.3319901934077908,0.6026965699208443,0.3998031809145129,0.416733493397359,0.22964060803474484,0.3319650468883205,0.3950820512820513,0.67724043715847,0.4380222929936306,0.4125619335347432,0.24169411764705895,0.31371562551741333,0.3055604866759012,0.42246963468476867,0.2661130400244538,0.47901228169481463,0.33311939919108285,0.3104277717548488,0.3677703358034595,0.421827894508691,0.36421634966109945,0.3667848342004457,0.07234073233442355,0.5583924517777885,0.3637649040403389,0.3366323024682125,0.3933092656995033,0.05667696323129079,14
RUS,Russia,俄罗斯,2011,17.4,9.09,7.01,2.28,0.5218,0.05,0.94,0.7237,0.171,0.1029,2.22,1.9,0.51,0.506,5.68,9198.0,0.98,1.6,4.99,0.2763,0.319835886214442,0.38508832807570975,0.22447073791348596,0.4283971078976641,0.3326698447289568,0.5263324538258575,0.3591292246520875,0.45653634787248243,0.25402171552660147,0.3055899403239556,0.3899641025641025,0.67724043715847,0.4459681528662421,0.41708459214501514,0.23288823529411767,0.319835886214442,0.38508832807570975,0.4283971078976641,0.22447073791348596,0.3326698447289568,0.5263324538258575,0.3591292246520875,0.45653634787248243,0.25402171552660147,0.3055899403239556,0.3899641025641025,0.67724043715847,0.4459681528662421,0.41708459214501514,0.23288823529411767,0.3444930437058853,0.3101009753770405,0.4051602468625345,0.27351309775298116,0.47909746241196277,0.3303646025294037,0.3303007249688218,0.3601075421799086,0.42065227656256543,0.36763996674229965,0.3693289173313796,0.07531196612604374,0.5583924517777885,0.3672621007043936,0.34780316588442134,0.39371751904438507,0.04591435315996373,14
RUS,Russia,俄罗斯,2012,17.35,8.33,6.49,2.75,0.5223,0.2,1.23,0.761,0.025,0.0981,2.23,1.9,0.515,0.509,5.65,9485.0,0.9700000000000002,1.6,5.51,0.239,0.3176520787746171,0.32527129337539434,0.284147582697201,0.48612347052280314,0.3333494960501226,0.5460817941952506,0.38789860834990064,0.40688261971455253,0.17491856677524428,0.2851705029838022,0.38484615384615395,0.67724043715847,0.45391401273885357,0.42160725075528704,0.2240823529411767,0.3176520787746171,0.32527129337539434,0.48612347052280314,0.284147582697201,0.3333494960501226,0.5460817941952506,0.38789860834990064,0.40688261971455253,0.17491856677524428,0.2851705029838022,0.38484615384615395,0.67724043715847,0.45391401273885357,0.42160725075528704,0.2240823529411767,0.32067811029126136,0.37165953376905125,0.4076221248269166,0.21268819558966498,0.47910400539066395,0.3274220363204884,0.3401728906775105,0.3353539607417546,0.4193408178555982,0.36014834842341886,0.3619956968566344,0.07217136212178937,0.5583924517777885,0.36130394340375993,0.3431842805653378,0.38910251773230703,0.045918237166969245,15
RUS,Russia,俄罗斯,2013,17.3,9.01,6.76,1.89,0.5228,0.47,1.07,0.7614,0.139,0.1094,2.24,1.9,0.52,0.512,5.62,9772.0,0.96,1.6,5.24,0.23860000000000003,0.31546827133479216,0.3787917981072555,0.1749516539440203,0.45615016685205784,0.3340291473712885,0.5816306068601583,0.37202584493041757,0.40635014005602255,0.23668403908794788,0.33324126172208013,0.37972820512820504,0.67724043715847,0.46185987261146505,0.42612990936555895,0.21527647058823546,0.31546827133479216,0.3787917981072555,0.45615016685205784,0.1749516539440203,0.3340291473712885,0.5816306068601583,0.37202584493041757,0.40635014005602255,0.23668403908794788,0.33324126172208013,0.37972820512820504,0.67724043715847,0.46185987261146505,0.42612990936555895,0.21527647058823546,0.3394170373194169,0.2824964179199594,0.4099401759746518,0.27139690537690103,0.47903260730405767,0.3242827419264961,0.3153881423293485,0.3622311591515227,0.41788871421714346,0.362715507132729,0.36487552062455664,0.07220946680882545,0.5583924517777885,0.36235383868209237,0.3383383375216488,0.3901996552559081,0.05186131773425928,15
RUS,Russia,俄罗斯,2014,17.25,8.56,7.12,1.83,0.5234,-0.11,1.01,0.7689,-0.022,0.1005,2.25,1.9,0.525,0.515,5.59,10060.0,0.9500000000000002,1.6,4.88,0.23109999999999997,0.31328446389496717,0.3433738170347003,0.16733333333333333,0.41618576195773077,0.33484472895668754,0.5052664907651715,0.36607355864811136,0.3963661464585834,0.14945385450597176,0.29538022165387895,0.37461025641025647,0.67724043715847,0.4698057324840765,0.43065256797583085,0.20647058823529418,0.31328446389496717,0.3433738170347003,0.41618576195773077,0.16733333333333333,0.33484472895668754,0.5052664907651715,0.36607355864811136,0.3963661464585834,0.14945385450597176,0.29538022165387895,0.37461025641025647,0.67724043715847,0.4698057324840765,0.43065256797583085,0.20647058823529418,0.3249901403882418,0.26389723536683796,0.3925044323648477,0.19627131714594326,0.4788838856795773,0.32093678873358367,0.29901711534768166,0.3188219743337365,0.416290472241215,0.33880284952888073,0.34212106601016357,0.06019615681016898,0.5583924517777885,0.33900284501161165,0.31549217896613185,0.37600531779812907,0.060513138831997215,16
RUS,Russia,俄罗斯,2015,17.2,9.07,6.68,2.68,0.5239,0.34,1.47,0.7619,0.398,0.11,2.26,1.9,0.53,0.518,5.56,10347.0,0.9400000000000004,1.6,5.32,0.23809999999999998,0.3111006564551422,0.3835141955835963,0.2752595419847328,0.4650311457174639,0.3355243802778535,0.564514511873351,0.4117077534791253,0.40568454048285985,0.37701085776330073,0.33579369138959925,0.36949230769230784,0.67724043715847,0.47775159235668796,0.43517522658610275,0.19766470588235296,0.3111006564551422,0.3835141955835963,0.4650311457174639,0.2752595419847328,0.3355243802778535,0.564514511873351,0.4117077534791253,0.40568454048285985,0.37701085776330073,0.33579369138959925,0.36949230769230784,0.67724043715847,0.47775159235668796,0.43517522658610275,0.19766470588235296,0.33826193899813667,0.3577768301313329,0.41775432581814614,0.3599492954445713,0.47865838146813433,0.3173731268763836,0.3459368011296666,0.3995002609455925,0.41453980322690137,0.3868795086035959,0.3879430856852074,0.08716828249821017,0.5583924517777885,0.38625812020907946,0.36629022601707906,0.4028538792022614,0.03656365318518234,11
RUS,Russia,俄罗斯,2016,17.15,8.45,6.46,2.04,0.5244,0.38,1.04,0.7784,0.226,0.1111,2.27,1.9,0.535,0.521,5.53,10635.0,0.9300000000000002,1.6,5.54,0.22160000000000002,0.30891684901531724,0.3347160883280757,0.1939974554707379,0.4894538375973304,0.33620403159901935,0.5697810026385225,0.36904970178926444,0.38371975456849416,0.2838208469055375,0.34047314578005117,0.364374358974359,0.67724043715847,0.48569745222929944,0.4396978851963747,0.18885882352941197,0.30891684901531724,0.3347160883280757,0.4894538375973304,0.1939974554707379,0.33620403159901935,0.5697810026385225,0.36904970178926444,0.38371975456849416,0.2838208469055375,0.34047314578005117,0.364374358974359,0.67724043715847,0.48569745222929944,0.4396978851963747,0.18885882352941197,0.31898891602410495,0.3081441206063648,0.4031641552586006,0.30525284500623956,0.47835656127454745,0.3135794095851528,0.31460593407644033,0.3708815719105703,0.4126294929708966,0.36449557041125613,0.36652325687842924,0.07350618072213191,0.5583924517777885,0.3640555913554211,0.3392326362428206,0.3892892184256218,0.050056582182801235,15
RUS,Russia,俄罗斯,2017,17.1,8.56,7.11,2.03,0.5249,0.32,1.18,0.7195,0.262,0.1073,2.28,1.9,0.54,0.524,5.5,10922.0,0.9200000000000004,1.6,4.89,0.28049999999999997,0.30673304157549236,0.3433738170347003,0.19272773536895668,0.41729588431590653,0.33688368292018533,0.5618812664907651,0.3829383697813121,0.46212738428704814,0.3033257328990228,0.324307757885763,0.35925641025641036,0.67724043715847,0.49364331210191087,0.44422054380664655,0.1800529411764707,0.30673304157549236,0.3433738170347003,0.41729588431590653,0.19272773536895668,0.33688368292018533,0.5618812664907651,0.3829383697813121,0.46212738428704814,0.3033257328990228,0.324307757885763,0.35925641025641036,0.67724043715847,0.49364331210191087,0.44422054380664655,0.1800529411764707,0.32089518985044163,0.28359212041767096,0.4211043162896711,0.3115505257375191,0.4779788192695562,0.3095417771572962,0.30541867466148925,0.38470810101731345,0.4105512407215456,0.36604242157562145,0.36867421502183584,0.07392313697333981,0.5583924517777885,0.3651558614209348,0.33507839778207377,0.3911866902844647,0.05610829250239091,16
RUS,Russia,俄罗斯,2018,17.05,7.62,6.98,2.37,0.5255,0.4,1.16,0.7142,0.183,0.1083,2.29,1.9,0.545,0.527,5.47,11210.0,0.9100000000000001,1.6,5.02,0.28580000000000005,0.3045492341356674,0.26938958990536277,0.2358982188295165,0.43172747497219127,0.3376992645055843,0.5724142480211082,0.3809542743538768,0.46918273976257185,0.26052334419109663,0.3285618073316282,0.35413846153846157,0.67724043715847,0.5015891719745224,0.44874320241691845,0.17124705882352947,0.3045492341356674,0.26938958990536277,0.43172747497219127,0.2358982188295165,0.3376992645055843,0.5724142480211082,0.3809542743538768,0.46918273976257185,0.26052334419109663,0.3285618073316282,0.35413846153846157,0.67724043715847,0.5015891719745224,0.44874320241691845,0.17124705882352947,0.2899658351185254,0.31912966387615016,0.42410487179861994,0.28586094042271076,0.47752547880058765,0.3052445919422239,0.3012971116128817,0.37677122602758084,0.4082954582954495,0.360929139879275,0.3635862613835317,0.07131982046076596,0.5583924517777885,0.3601979103443186,0.3305877115402776,0.38703239242752424,0.056444680887246634,16
RUS,Russia,俄罗斯,2019,17.0,8.86,6.82,2.43,0.526,0.42,1.26,0.6989,0.253,0.1078,2.3,1.9,0.55,0.53,5.44,11497.0,0.9000000000000004,1.6,5.18,0.30110000000000003,0.30236542669584243,0.3669858044164037,0.24351653944020354,0.44948943270300334,0.3383789158267503,0.575047493403694,0.3908747514910537,0.4895500867013473,0.29844951140065146,0.3264347826086957,0.349020512820513,0.67724043715847,0.5095350318471339,0.4532658610271904,0.16244117647058848,0.30236542669584243,0.3669858044164037,0.44948943270300334,0.24351653944020354,0.3383789158267503,0.575047493403694,0.3908747514910537,0.4895500867013473,0.29844951140065146,0.3264347826086957,0.349020512820513,0.67724043715847,0.5095350318471339,0.4532658610271904,0.16244117647058848,0.326722455883883,0.3308445422955857,0.4312367337390625,0.30934357091632475,0.47699679371555137,0.30067011008002176,0.32836509135484054,0.39033127655596817,0.40585101709301896,0.3749647366195438,0.3763973431567451,0.08040099555264141,0.5583924517777885,0.37425639837559155,0.35149619244809727,0.39302985856428946,0.04153366611619219,16
RUS,Russia,俄罗斯,2020,21.95,10.63,7.41,1.94,0.516,-2.82,-0.73,0.7124,0.128,0.1131,2.31,1.9,0.555,0.533,5.41,11372.0,0.8900000000000001,1.6,4.59,0.28759999999999997,0.518562363238512,0.5062965299684543,0.1813002544529262,0.38399221357063407,0.32478588940343234,0.14846174142480212,0.19345725646123263,0.4715788982259571,0.23072421281216068,0.34898124467178177,0.3439025641025641,0.67724043715847,0.5174808917197453,0.4577885196374623,0.1536352941176472,0.518562363238512,0.5062965299684543,0.38399221357063407,0.1813002544529262,0.32478588940343234,0.14846174142480212,0.19345725646123263,0.4715788982259571,0.23072421281216068,0.34898124467178177,0.3439025641025641,0.67724043715847,0.5174808917197453,0.4577885196374623,0.1536352941176472,0.5136207682150091,0.2638520153955591,0.25277837185178736,0.2722555480810607,0.4763929494112571,0.2957980705594041,0.39348638682970727,0.2584704864344786,0.40320492605641756,0.33504338398942834,0.3423955884396289,0.06369296816406214,0.5583924517777885,0.3470740320199357,0.298349721566326,0.3850614747934622,0.0867117532271362,18
RUS,Russia,俄罗斯,2021,14.9,7.89,7.41,2.51,0.5271,0.14,2.15,0.7125,0.257,0.1084,2.32,1.9,0.56,0.536,5.38,12072.0,0.8800000000000003,1.6,4.59,0.2875,0.21064551422319477,0.29064037854889585,0.25367430025445287,0.38399221357063407,0.33987414873331523,0.5381820580474934,0.47916699801192847,0.47144577831132456,0.30061672095548314,0.32898721227621475,0.3387846153846155,0.67724043715847,0.5254267515923567,0.46231117824773416,0.14482941176470598,0.21064551422319477,0.29064037854889585,0.38399221357063407,0.25367430025445287,0.33987414873331523,0.5381820580474934,0.47916699801192847,0.47144577831132456,0.30061672095548314,0.32898721227621475,0.3387846153846155,0.67724043715847,0.5254267515923567,0.46231117824773416,0.14482941176470598,0.23959277038794027,0.31210407892350434,0.44354309088929683,0.31165886656499275,0.4757140636155653,0.2906051746929012,0.2663201356610818,0.39898715946155805,0.4003419167456884,0.35378066007070386,0.3595934795066543,0.06642564154626224,0.5583924517777885,0.3516747252790484,0.3075125574492167,0.3879533377580798,0.08044078030886309,15
RUS,Russia,俄罗斯,2022,16.85,8.94,7.35,1.98,0.5276,0.34,0.87,0.6875,0.288,0.1199,2.33,1.9,0.565,0.539,5.35,12359.0,0.8700000000000001,1.6,4.65,0.3125,0.2958140043763677,0.373282334384858,0.18637913486005087,0.39065294771968856,0.34055380005448105,0.564514511873351,0.3521848906560637,0.5047257569694545,0.31741259500542884,0.3779087809036658,0.33366666666666667,0.67724043715847,0.5333726114649681,0.4668338368580061,0.13602352941176474,0.2958140043763677,0.373282334384858,0.39065294771968856,0.18637913486005087,0.34055380005448105,0.564514511873351,0.3521848906560637,0.5047257569694545,0.31741259500542884,0.3779087809036658,0.33366666666666667,0.67724043715847,0.5333726114649681,0.4668338368580061,0.13602352941176474,0.3246580779663018,0.26983246362608826,0.42157832162522024,0.3403527677468537,0.4749601869100176,0.28506441812518096,0.3015042285046432,0.3953607713335852,0.39724390145883504,0.3650082023748767,0.36776874752247757,0.07437372688859663,0.5583924517777885,0.363540285386182,0.33214243204613736,0.388439660825028,0.05629722877889065,16
RUS,Russia,俄罗斯,2023,16.8,7.97,6.22,1.57,0.5281,0.24,1.12,0.6463,0.424,0.1109,2.34,1.9,0.57,0.542,5.32,12647.0,0.8600000000000003,1.6,5.78,0.3537,0.2936301969365427,0.29693690851735016,0.13432061068702286,0.5160967741935485,0.34123345137564703,0.5513482849604222,0.376986083499006,0.5595711617980527,0.3910977198697068,0.3396223358908781,0.32854871794871804,0.67724043715847,0.5413184713375796,0.471356495468278,0.1272176470588237,0.2936301969365427,0.29693690851735016,0.5160967741935485,0.13432061068702286,0.34123345137564703,0.5513482849604222,0.376986083499006,0.5595711617980527,0.3910977198697068,0.3396223358908781,0.32854871794871804,0.67724043715847,0.5413184713375796,0.471356495468278,0.1272176470588237,0.294948439595757,0.2632915378117572,0.4354360494627421,0.3696320902986878,0.47413130299745354,0.2791442209956375,0.2818528445297072,0.4145510001670917,0.3938892546853443,0.36362200200163597,0.3685430298313522,0.07274864385322267,0.5583924517777885,0.36086184826772394,0.32004781899070284,0.39425775668175267,0.07420993769104983,17
SAU,Saudi Arabia,沙特,2000,14.05,7.1,4.53,1.72,0.7355,0.39,1.27,0.6951,0.265,0.0386,2.29,3.0,0.385,0.268,6.22,12148.0,0.9100000000000001,0.5,7.47,0.30489999999999995,0.17352078774617072,0.22846214511041008,0.15336641221374042,0.7037074527252503,0.6231528193952602,0.5710976253298153,0.3918667992047714,0.4946086434573829,0.30495114006514656,0.03205456095481671,0.35413846153846157,0.07734972677595636,0.2473216560509554,0.05828700906344412,0.39139411764705895,0.17352078774617072,0.22846214511041008,0.7037074527252503,0.15336641221374042,0.6231528193952602,0.5710976253298153,0.3918667992047714,0.4946086434573829,0.30495114006514656,0.03205456095481671,0.35413846153846157,0.07734972677595636,0.2473216560509554,0.05828700906344412,0.39139411764705895,0.1937031157382049,0.32851953864654987,0.5184333312934624,0.12384945217730911,0.20145846356567151,0.12485006707780132,0.2392800250979759,0.3374063625118335,0.1703949264315445,0.24795349751769383,0.2578650304635895,0.04412679220034287,0.5335383059228067,0.24049320581090916,0.2017067563133734,0.2868770667694202,0.08517031045604681,16
SAU,Saudi Arabia,沙特,2001,14.1,6.18,5.0,1.31,0.7379,0.36,0.89,0.7267,0.076,0.0372,2.28,2.99,0.39,0.276,6.23,12727.0,0.9200000000000004,0.5099999999999998,7.0,0.2733,0.17570459518599563,0.1560520504731861,0.10130788804071245,0.6515317018909901,0.6264151457368565,0.5671477572559367,0.35416898608349906,0.4525427504335068,0.20255048859934852,0.026098891730605263,0.35925641025641036,0.08280327868852454,0.2552675159235669,0.07034743202416921,0.39432941176470615,0.17570459518599563,0.1560520504731861,0.6515317018909901,0.10130788804071245,0.6264151457368565,0.5671477572559367,0.35416898608349906,0.4525427504335068,0.20255048859934852,0.026098891730605263,0.35925641025641036,0.08280327868852454,0.2552675159235669,0.07034743202416921,0.39432941176470615,0.1675628211272019,0.2569149678593041,0.496497749320674,0.08924189904444449,0.2087731943000249,0.1401821180143026,0.19880273780621366,0.29669671638937617,0.18160633524291434,0.2270863880461735,0.23280140847048889,0.03243748626027094,0.5335383059228067,0.2191765544344488,0.19644837820117284,0.2560193704511239,0.05957099224995105,18
SAU,Saudi Arabia,沙特,2002,14.15,7.05,5.17,2.25,0.7402,0.67,0.62,0.7189,0.251,0.0402,2.27,2.98,0.395,0.284,6.24,13305.0,0.9300000000000002,0.52,6.83,0.2811,0.1778884026258206,0.22452681388012619,0.22066157760814245,0.6326596218020022,0.6295415418142195,0.6079630606860159,0.3273836978131213,0.4629261037748434,0.2973659066232356,0.03886104006820118,0.364374358974359,0.08825683060109296,0.2632133757961783,0.08240785498489421,0.39726470588235313,0.1778884026258206,0.22452681388012619,0.6326596218020022,0.22066157760814245,0.6295415418142195,0.6079630606860159,0.3273836978131213,0.4629261037748434,0.2973659066232356,0.03886104006820118,0.364374358974359,0.08825683060109296,0.2632133757961783,0.08240785498489421,0.39726470588235313,0.19525216882347907,0.37363574539355915,0.49836004087422253,0.13175905541137536,0.21599117547729968,0.15460130627343582,0.2531260763158472,0.3343600571197731,0.19213567519181013,0.2604769066803221,0.26732254830020646,0.04681504478741807,0.5335383059228067,0.25410692645878397,0.22032469146638212,0.29315196818256384,0.07282727671618172,16
SAU,Saudi Arabia,沙特,2003,14.2,6.66,4.52,1.59,0.7426,0.61,1.09,0.6997,0.227,0.0369,2.26,2.98,0.4,0.292,6.26,13884.0,0.9400000000000004,0.52,7.48,0.3003,0.1800722100656455,0.1938312302839117,0.13686005089058523,0.7048175750834261,0.632803868155816,0.6000633245382585,0.37400994035785295,0.4884851273842872,0.2843626492942454,0.024822676896845693,0.36949230769230784,0.08825683060109296,0.2711592356687898,0.0944682779456193,0.40313529411764715,0.1800722100656455,0.1938312302839117,0.7048175750834261,0.13686005089058523,0.632803868155816,0.6000633245382585,0.37400994035785295,0.4884851273842872,0.2843626492942454,0.024822676896845693,0.36949230769230784,0.08825683060109296,0.2711592356687898,0.0944682779456193,0.40313529411764715,0.18545456062942794,0.31058230663464487,0.5199014921168961,0.1072168334943443,0.21914621752672972,0.16879202676235885,0.22793614298730264,0.32376033274766935,0.20000933285009037,0.25220198009196104,0.25788777585028566,0.04099836896134495,0.5335383059228067,0.24410321560665507,0.21892188891575134,0.28217523984490406,0.06325335092915271,18
SAU,Saudi Arabia,沙特,2004,14.25,6.66,5.58,1.8,0.7449,0.62,1.04,0.6744,0.193,0.0469,2.25,2.98,0.405,0.3,6.28,14462.0,0.9500000000000002,0.52,6.42,0.3256,0.18225601750547046,0.1938312302839117,0.1635241730279898,0.5871446051167964,0.635930264233179,0.6013799472295513,0.36904970178926444,0.5221644657863146,0.2659413680781759,0.0673631713554987,0.37461025641025647,0.08825683060109296,0.27910509554140134,0.10652870090634438,0.4090058823529414,0.18225601750547046,0.1938312302839117,0.5871446051167964,0.1635241730279898,0.635930264233179,0.6013799472295513,0.36904970178926444,0.5221644657863146,0.2659413680781759,0.0673631713554987,0.37461025641025647,0.08825683060109296,0.27910509554140134,0.10652870090634438,0.4090058823529414,0.18680075476859637,0.309858574190823,0.5261902071914103,0.1535467219201249,0.22227299085318566,0.18246173500645874,0.22871391251664783,0.3636403755534495,0.2074371231244165,0.26737608395874723,0.2763014609136991,0.04639704085963015,0.5335383059228067,0.2567828318465444,0.22652484201214435,0.30680325933437863,0.08027841732223429,17
SAU,Saudi Arabia,沙特,2005,14.3,6.54,4.55,2.51,0.7472,0.71,0.68,0.7,0.086,0.0446,2.24,2.97,0.41,0.308,6.29,15041.0,0.96,0.5299999999999998,7.45,0.30000000000000004,0.18443982494529543,0.1843864353312303,0.25367430025445287,0.7014872080088989,0.6390566603105421,0.6132295514511874,0.3333359840954275,0.48808576764038963,0.20796851248642778,0.05757885763000852,0.37972820512820504,0.09371038251366116,0.28705095541401265,0.11858912386706946,0.41194117647058837,0.18443982494529543,0.1843864353312303,0.7014872080088989,0.25367430025445287,0.6390566603105421,0.6132295514511874,0.3333359840954275,0.48808576764038963,0.20796851248642778,0.05757885763000852,0.37972820512820504,0.09371038251366116,0.28705095541401265,0.11858912386706946,0.41194117647058837,0.18441846724482636,0.42184034495186357,0.5093160438298648,0.12442388826122873,0.22946325759570177,0.19514660415283197,0.25676858646800826,0.33370466707277463,0.21681528713195738,0.2710406619581507,0.2755570289090996,0.04805159838110075,0.5335383059228067,0.2646631461414536,0.23876247388860264,0.29829393253819864,0.059531458649596,18
SAU,Saudi Arabia,沙特,2006,14.35,6.35,4.73,1.42,0.7496,0.58,1.24,0.7093,0.289,0.0462,2.23,2.96,0.415,0.316,6.3,15620.0,0.9700000000000002,0.54,7.27,0.29069999999999996,0.18662363238512034,0.1694321766561514,0.11527480916030532,0.6815050055617353,0.6423189866521384,0.59611345646438,0.3888906560636184,0.4757056155795652,0.3179543973941368,0.06438533674339299,0.38484615384615395,0.09916393442622959,0.29499681528662414,0.13064954682779453,0.4148764705882354,0.18662363238512034,0.1694321766561514,0.6815050055617353,0.11527480916030532,0.6423189866521384,0.59611345646438,0.3888906560636184,0.4757056155795652,0.3179543973941368,0.06438533674339299,0.38484615384615395,0.09916393442622959,0.29499681528662414,0.13064954682779453,0.4148764705882354,0.17954707686897625,0.28028620989610215,0.523699298370523,0.16785477106397398,0.23657354804653047,0.2074112297898852,0.21455947396824854,0.37225239572841284,0.22592761225347646,0.2716377365719741,0.28104708415788265,0.04502086767291497,0.5335383059228067,0.2599568672219218,0.22916277463533494,0.3123952696761072,0.08323249504077226,18
SAU,Saudi Arabia,沙特,2007,14.4,7.65,5.29,2.26,0.7519,0.75,1.03,0.7054,0.123,0.0346,2.22,2.96,0.42,0.324,6.32,16198.0,0.98,0.54,6.71,0.2946,0.1888074398249453,0.27175078864353314,0.2219312977099236,0.6193381535038933,0.6454453827295016,0.6184960422163588,0.3680576540755468,0.4808972922502334,0.22801520086862107,0.015038363171355484,0.3899641025641025,0.09916393442622959,0.3029426751592356,0.14270996978851963,0.42074705882352964,0.1888074398249453,0.27175078864353314,0.6193381535038933,0.2219312977099236,0.6454453827295016,0.6184960422163588,0.3680576540755468,0.4808972922502334,0.22801520086862107,0.015038363171355484,0.3899641025641025,0.09916393442622959,0.3029426751592356,0.14270996978851963,0.42074705882352964,0.21841365537089416,0.37074319970619407,0.5232165954075805,0.07685258994269753,0.2397309541782718,0.2199282528029534,0.26989643610840885,0.2942893933397798,0.23260499279581387,0.2672112253589968,0.26846618600717875,0.0449405244006871,0.5335383059228067,0.2650693311118287,0.24828195150258286,0.28038094325404056,0.032098991751457695,17
SAU,Saudi Arabia,沙特,2008,14.45,7.21,5.39,2.63,0.7543,0.44,0.97,0.6769,0.22,0.0565,2.21,2.96,0.425,0.332,6.34,16776.0,0.9900000000000002,0.54,6.61,0.32310000000000005,0.19099124726477024,0.2371198738170347,0.2689109414758269,0.6082369299221357,0.6487077090710978,0.5776807387862796,0.3621053677932406,0.5188364679205016,0.28057003257328994,0.10820204603580562,0.3950820512820513,0.09916393442622959,0.3108885350318471,0.1547703927492447,0.4266176470588236,0.19099124726477024,0.2371198738170347,0.6082369299221357,0.2689109414758269,0.6487077090710978,0.5776807387862796,0.3621053677932406,0.5188364679205016,0.28057003257328994,0.10820204603580562,0.3950820512820513,0.09916393442622959,0.3108885350318471,0.1547703927492447,0.4266176470588236,0.2082549155142599,0.4044274538971459,0.5208966076263429,0.19165447261621973,0.2428636158954794,0.2321818446304539,0.2715772637538316,0.3859062017300612,0.23907022315487303,0.30082807992296384,0.30755672676463586,0.059515916937499545,0.5335383059228067,0.2910967488562648,0.261390036133668,0.33636991289856694,0.07497987676489892,17
SAU,Saudi Arabia,沙特,2009,14.5,6.82,4.1,3.07,0.7566,0.66,0.93,0.709,0.176,0.051,2.2,2.95,0.43,0.34,6.35,17355.0,1.0,0.5499999999999998,7.9,0.29100000000000004,0.1931750547045952,0.2064242902208202,0.32477862595419843,0.7514427141268076,0.651834105148461,0.6066464379947228,0.35813717693836983,0.47610497532346285,0.25673072747014114,0.08480477408354643,0.40019999999999994,0.10461748633879778,0.3188343949044586,0.1668308157099698,0.4295529411764707,0.1931750547045952,0.2064242902208202,0.7514427141268076,0.32477862595419843,0.651834105148461,0.6066464379947228,0.35813717693836983,0.47610497532346285,0.25673072747014114,0.08480477408354643,0.40019999999999994,0.10461748633879778,0.3188343949044586,0.1668308157099698,0.4295529411764707,0.19836952177183848,0.49401673268969154,0.5176401237734056,0.16483704919704853,0.2499549073784829,0.24354120065126159,0.2857469683447168,0.3672281815472162,0.24769112116600273,0.30265093640176083,0.3069226994721023,0.059883471935429894,0.5335383059228067,0.2957980375397815,0.2695637042712039,0.33074883069738875,0.061185126426184844,17
SAU,Saudi Arabia,沙特,2010,14.55,7.15,5.1,1.98,0.7589,0.23,1.08,0.697,0.241,0.0474,2.19,2.94,0.435,0.348,6.36,17934.0,1.0100000000000002,0.56,6.9,0.30300000000000005,0.19535886214442016,0.23239747634069405,0.18637913486005087,0.6404304783092326,0.6549605012258242,0.5500316622691294,0.3730178926441352,0.4920793650793652,0.2919478827361563,0.06949019607843135,0.4053179487179488,0.11007103825136622,0.32678025477707007,0.17889123867069479,0.4324882352941179,0.19535886214442016,0.23239747634069405,0.6404304783092326,0.18637913486005087,0.6549605012258242,0.5500316622691294,0.3730178926441352,0.4920793650793652,0.2919478827361563,0.06949019607843135,0.4053179487179488,0.11007103825136622,0.32678025477707007,0.17889123867069479,0.4324882352941179,0.20940759705426287,0.34548933194135434,0.5143999316872315,0.16441923107703338,0.2569786216871254,0.2546496959497855,0.2558405126715625,0.3653393194371445,0.25616108478601113,0.2951367613504579,0.2997362070121299,0.0535993307457582,0.5335383059228067,0.2866767099519839,0.26314263290879697,0.3245218489692641,0.061379216060467146,18
SAU,Saudi Arabia,沙特,2011,14.6,7.65,5.08,3.58,0.7613,0.55,0.96,0.6881,0.131,0.0534,2.18,2.94,0.44,0.356,6.38,18512.0,1.02,0.56,6.92,0.31189999999999996,0.19754266958424507,0.27175078864353314,0.3895343511450381,0.642650723025584,0.6582228275674203,0.5921635883905013,0.3611133200795229,0.5039270374816593,0.23234961997828446,0.09501449275362318,0.4104358974358974,0.11007103825136622,0.3347261146496815,0.19095166163141988,0.43835882352941186,0.19754266958424507,0.27175078864353314,0.642650723025584,0.3895343511450381,0.6582228275674203,0.5921635883905013,0.3611133200795229,0.5039270374816593,0.23234961997828446,0.09501449275362318,0.4104358974358974,0.11007103825136622,0.3347261146496815,0.19095166163141988,0.43835882352941186,0.22442171473677547,0.5003344205695431,0.5230060539062514,0.1624804531277682,0.26013987845989606,0.26624776218468804,0.3092737628466213,0.36829433408586515,0.26226153249191586,0.3156467462814428,0.3187783222359072,0.06554713305113405,0.5335383059228067,0.31080729603879254,0.28497383736335513,0.33936664064807465,0.054392803284719515,17
SAU,Saudi Arabia,沙特,2012,14.65,7.4,4.86,2.64,0.7636,0.39,0.88,0.6965,0.451,0.0313,2.17,2.94,0.445,0.364,6.4,19090.0,1.0300000000000002,0.56,7.14,0.3035,0.19972647702407004,0.25207413249211363,0.2701806615776081,0.6670734149054506,0.6613492236447834,0.5710976253298153,0.3531769383697813,0.4927449646525277,0.4057263843648208,0.001,0.4155538461538462,0.11007103825136622,0.342671974522293,0.20301208459214498,0.44422941176470615,0.19972647702407004,0.25207413249211363,0.6670734149054506,0.2701806615776081,0.6613492236447834,0.5710976253298153,0.3531769383697813,0.4927449646525277,0.4057263843648208,0.001,0.4155538461538462,0.11007103825136622,0.342671974522293,0.20301208459214498,0.44422941176470615,0.21921622636023988,0.4245354361652145,0.5138417242670527,0.036723152018926675,0.263279119906873,0.2776873257607541,0.28555462405840515,0.2328426543960462,0.268234905274893,0.2582773747019151,0.2592739205584079,0.03839394664053923,0.5335383059228067,0.26170057227494786,0.246585240180105,0.274407462930686,0.02782222275058102,20
SAU,Saudi Arabia,沙特,2013,14.7,6.6,5.13,1.68,0.766,0.59,1.1,0.6667,0.344,0.0476,2.16,2.93,0.45,0.372,6.41,19669.0,1.04,0.5699999999999998,6.87,0.33330000000000004,0.20191028446389495,0.18910883280757093,0.14828753180661575,0.6371001112347053,0.6646115499863798,0.5974300791556729,0.37500198807157065,0.5324146992130186,0.3477535287730727,0.07034100596760443,0.42067179487179485,0.1155245901639344,0.35061783439490446,0.21507250755287005,0.44716470588235313,0.20191028446389495,0.18910883280757093,0.6371001112347053,0.14828753180661575,0.6646115499863798,0.5974300791556729,0.37500198807157065,0.5324146992130186,0.3477535287730727,0.07034100596760443,0.42067179487179485,0.1155245901639344,0.35061783439490446,0.21507250755287005,0.44716470588235313,0.1966888721651233,0.30736623596080753,0.5365380622366954,0.18350434731329238,0.27028994483604124,0.28822918010462684,0.235142070252973,0.3888788132402915,0.27643797915594825,0.3018589987547025,0.30902554011879296,0.05305394764852217,0.5335383059228067,0.2923764061634375,0.25987153053011797,0.3381798623119983,0.07830833178188035,17
SAU,Saudi Arabia,沙特,2014,14.75,7.5,5.05,1.61,0.7683,0.38,0.95,0.6665,0.175,0.0676,2.15,2.92,0.455,0.38,6.42,20248.0,1.0500000000000003,0.5800000000000001,6.95,0.3335,0.2040940919037199,0.2599447949526814,0.13939949109414757,0.6459810901001113,0.6677379460637429,0.5697810026385225,0.3601212723658052,0.5326809390422836,0.25618892508143315,0.15542199488491043,0.4257897435897437,0.12097814207650284,0.35856369426751594,0.22713293051359515,0.4501000000000001,0.2040940919037199,0.2599447949526814,0.6459810901001113,0.13939949109414757,0.6677379460637429,0.5697810026385225,0.3601212723658052,0.5326809390422836,0.25618892508143315,0.15542199488491043,0.4257897435897437,0.12097814207650284,0.35856369426751594,0.22713293051359515,0.4501000000000001,0.22482816199339664,0.30008238071635956,0.5256715022750401,0.20976894909404437,0.2772426527467453,0.2986012818483646,0.2523519265783583,0.3990455428498443,0.28453854958461994,0.3142340965260407,0.3206853599888312,0.058701354965616785,0.5335383059228067,0.3045854693950013,0.27425396896237764,0.3494153214172721,0.07516135245489447,17
SAU,Saudi Arabia,沙特,2015,14.8,6.74,4.97,2.34,0.7706,0.53,1.02,0.6756,0.272,0.0505,2.14,2.92,0.46,0.388,6.44,20826.0,1.06,0.5800000000000001,7.03,0.3244,0.2062778993435449,0.20012776025236598,0.23208905852417297,0.6548620689655174,0.6708643421411059,0.5895303430079155,0.36706560636182906,0.5205670268107244,0.3087437567861021,0.0826777493606138,0.43090769230769227,0.12097814207650284,0.3665095541401274,0.23919335347432022,0.4559705882352944,0.2062778993435449,0.20012776025236598,0.6548620689655174,0.23208905852417297,0.6708643421411059,0.5895303430079155,0.36706560636182906,0.5205670268107244,0.3087437567861021,0.0826777493606138,0.43090769230769227,0.12097814207650284,0.3665095541401274,0.23919335347432022,0.4559705882352944,0.20379548305199385,0.3898542305136613,0.531004507904318,0.18226965390372485,0.28040862124740756,0.30961657103782,0.2641664335662086,0.3852858472132894,0.29030388919952327,0.31603295258342096,0.3204554357150353,0.05953080639238092,0.5335383059228067,0.30792736044929603,0.28250412771568817,0.34519951624541945,0.06269538852973128,17
SAU,Saudi Arabia,沙特,2016,14.85,8.46,4.85,1.61,0.773,0.29,1.15,0.6391,0.231,0.0351,2.13,2.92,0.465,0.396,6.46,21404.0,1.0700000000000003,0.5800000000000001,7.15,0.3609,0.2084617067833698,0.3355031545741326,0.13939949109414757,0.6681835372636263,0.6741266684827023,0.5579313984168864,0.37996222664015905,0.569155795651594,0.2865298588490771,0.01716538789428814,0.4360256410256411,0.12097814207650284,0.3744554140127389,0.2512537764350453,0.46184117647058837,0.2084617067833698,0.3355031545741326,0.6681835372636263,0.13939949109414757,0.6741266684827023,0.5579313984168864,0.37996222664015905,0.569155795651594,0.2865298588490771,0.01716538789428814,0.4360256410256411,0.12097814207650284,0.3744554140127389,0.2512537764350453,0.46184117647058837,0.25217057965413153,0.30519574874502575,0.5385784742318844,0.09293159267951787,0.28355474496502764,0.32052700031035514,0.27217488115164595,0.3179239958247555,0.29598289529854915,0.29700497230527795,0.29761693126496075,0.05078054999572301,0.5335383059228067,0.2949559097442924,0.283344162050711,0.30688759159265416,0.02354342954194316,18
SAU,Saudi Arabia,沙特,2017,14.9,8.3,5.17,2.16,0.7753,0.23,0.88,0.6631,0.388,0.0403,2.12,2.91,0.47,0.404,6.47,21983.0,1.08,0.5899999999999999,6.83,0.3369,0.21064551422319477,0.32291009463722403,0.20923409669211193,0.6326596218020022,0.6772530645600654,0.5500316622691294,0.3531769383697813,0.5372070161397893,0.37159283387622144,0.039286445012787725,0.44114358974358975,0.126431693989071,0.3824012738853502,0.26331419939577044,0.46477647058823535,0.21064551422319477,0.32291009463722403,0.6326596218020022,0.20923409669211193,0.6772530645600654,0.5500316622691294,0.3531769383697813,0.5372070161397893,0.37159283387622144,0.039286445012787725,0.44114358974358975,0.126431693989071,0.3824012738853502,0.26331419939577044,0.46477647058823535,0.24989868902831294,0.3638323301760237,0.5216132751938393,0.15126466529701219,0.29049895557214556,0.33050818642963337,0.2904149049319537,0.359803424296603,0.30391892985778096,0.3207444223507372,0.3222215201555616,0.06160806762174848,0.5335383059228067,0.31583816257236164,0.3008769211088042,0.3374971505313704,0.03662022942256621,18
SAU,Saudi Arabia,沙特,2018,14.95,8.73,4.02,1.62,0.7777,0.23,0.8,0.6643,0.031,0.0434,2.11,2.9,0.475,0.412,6.48,22562.0,1.0900000000000003,0.6000000000000001,7.98,0.3357,0.21282932166301965,0.3567539432176657,0.14066921119592876,0.7603236929922137,0.6805153909016617,0.5500316622691294,0.3452405566600398,0.5356095771641991,0.17816938110749184,0.05247399829497016,0.4462615384615386,0.13188524590163947,0.39034713375796176,0.2753746223564954,0.46771176470588266,0.21282932166301965,0.3567539432176657,0.7603236929922137,0.14066921119592876,0.6805153909016617,0.5500316622691294,0.3452405566600398,0.5356095771641991,0.17816938110749184,0.05247399829497016,0.4462615384615386,0.13188524590163947,0.39034713375796176,0.2753746223564954,0.46771176470588266,0.26167750442273097,0.32703842915900605,0.5190968899867537,0.10926410320717217,0.29739245481665183,0.34036560468087074,0.28608780712013276,0.3252498841455894,0.3117779865074211,0.3090226406110831,0.3094596917465019,0.05511717379445126,0.5335383059228067,0.3077016534939473,0.2968871478913108,0.3171940734835872,0.02030692559227637,19
SAU,Saudi Arabia,沙特,2019,15.0,7.59,4.74,2.08,0.78,0.49,0.9,0.6311,0.419,0.0509,2.1,2.9,0.48,0.42,6.5,23140.0,1.1,0.6000000000000001,7.26,0.3689,0.21501312910284465,0.26702839116719246,0.19907633587786255,0.6803948832035595,0.6836417869790248,0.584263852242744,0.35516103379721675,0.5798053888221956,0.38838870792616714,0.08437936913895992,0.45137948717948717,0.13188524590163947,0.3982929936305732,0.28743504531722047,0.4735823529411766,0.21501312910284465,0.26702839116719246,0.6803948832035595,0.19907633587786255,0.6836417869790248,0.584263852242744,0.35516103379721675,0.5798053888221956,0.38838870792616714,0.08437936913895992,0.45137948717948717,0.13188524590163947,0.3982929936305732,0.28743504531722047,0.4735823529411766,0.23447792565718034,0.3680360312499455,0.5399625156503528,0.21088926171390565,0.3005636053554133,0.3509797297393082,0.2808130674666314,0.4072591667347389,0.3173272491026455,0.33800704437411244,0.34234576166467867,0.06796550060235847,0.5335383059228067,0.3301150676714715,0.3026265812335595,0.36760027154249947,0.06497369030893996,17
SAU,Saudi Arabia,沙特,2020,20.05,9.35,5.21,1.96,0.7667,-2.53,-0.96,0.6577,0.322,0.0525,2.09,2.9,0.485,0.428,6.52,22888.0,1.1100000000000003,0.6000000000000001,6.79,0.34230000000000005,0.43557768052516416,0.4055520504731861,0.18383969465648853,0.6282191323692993,0.665563061836012,0.18664379947229554,0.17064015904572566,0.5443954915299454,0.33583387622149835,0.0911858482523444,0.456497435897436,0.13188524590163947,0.4062388535031847,0.2994954682779456,0.4794529411764706,0.43557768052516416,0.4055520504731861,0.6282191323692993,0.18383969465648853,0.665563061836012,0.18664379947229554,0.17064015904572566,0.5443954915299454,0.33583387622149835,0.0911858482523444,0.456497435897436,0.13188524590163947,0.4062388535031847,0.2994954682779456,0.4794529411764706,0.42330949635781656,0.33984057066827106,0.33106507695117043,0.19936351322529694,0.3037166761704275,0.36152018293310867,0.3877081197978963,0.28433679447983357,0.322812993237535,0.32416789149363884,0.32689105170256283,0.06572891605566204,0.5335383059228067,0.32825341069686637,0.3039346436325369,0.35650311243189153,0.05256846879935462,19
SAU,Saudi Arabia,沙特,2021,13.1,6.82,4.98,1.48,0.7847,0.25,1.72,0.647,0.516,0.0566,2.08,2.89,0.49,0.436,6.53,24297.0,1.12,0.6099999999999999,7.02,0.353,0.1320284463894967,0.2064242902208202,0.12289312977099234,0.6537519466073415,0.6900305093979842,0.552664907651715,0.4365089463220676,0.558639322395625,0.4409435396308361,0.10862745098039212,0.46161538461538465,0.13733879781420763,0.4141847133757962,0.31155589123867067,0.4823882352941179,0.1320284463894967,0.2064242902208202,0.6537519466073415,0.12289312977099234,0.6900305093979842,0.552664907651715,0.4365089463220676,0.558639322395625,0.4409435396308361,0.10862745098039212,0.46161538461538465,0.13733879781420763,0.4141847133757962,0.31155589123867067,0.4823882352941179,0.15787189707089536,0.28344597864929194,0.558085254627146,0.251770954208199,0.310604899506808,0.3710908650368276,0.19951291619881822,0.4395335910907068,0.3305624271180664,0.3183934905179155,0.3348360394313481,0.05252824660850474,0.5335383059228067,0.30955979711902315,0.2491489680864208,0.3742913786816476,0.12514241059522677,18
SAU,Saudi Arabia,沙特,2022,15.15,7.59,4.97,2.13,0.787,0.41,0.85,0.6318,0.491,0.0628,2.07,2.88,0.495,0.444,6.54,24876.0,1.1300000000000003,0.6200000000000001,7.03,0.36819999999999997,0.22156455142231948,0.26702839116719246,0.2054249363867684,0.6548620689655174,0.6931569054753475,0.573730870712401,0.35020079522862824,0.578873549419768,0.4273984799131378,0.13500255754475698,0.46673333333333344,0.1427923497267761,0.42213057324840764,0.32361631419939574,0.4853235294117649,0.22156455142231948,0.26702839116719246,0.6548620689655174,0.2054249363867684,0.6931569054753475,0.573730870712401,0.35020079522862824,0.578873549419768,0.4273984799131378,0.13500255754475698,0.46673333333333344,0.1427923497267761,0.42213057324840764,0.32361631419939574,0.4853235294117649,0.23873887466790464,0.36677649714689864,0.5376783430362246,0.26954829081289194,0.3174483336805459,0.3805666989985506,0.283474817820058,0.4370757943357107,0.33825035243329743,0.355425452498562,0.36134786881029096,0.07455995634137746,0.5335383059228067,0.3467749613498601,0.3124113664849008,0.39039983814009105,0.07798847165519024,18
SAU,Saudi Arabia,沙特,2023,15.2,8.63,4.76,2.66,0.7894,0.34,1.2,0.6518,0.22,0.0523,2.06,2.88,0.5,0.452,6.56,25454.0,1.1400000000000001,0.6200000000000001,7.24,0.34819999999999995,0.2237483588621444,0.34888328075709785,0.27272010178117045,0.6781746384872082,0.6964192318169438,0.564514511873351,0.3849224652087476,0.552249566493264,0.28057003257328994,0.09033503836317133,0.4718512820512821,0.1427923497267761,0.4300764331210191,0.3356767371601208,0.49119411764705884,0.2237483588621444,0.34888328075709785,0.6781746384872082,0.27272010178117045,0.6964192318169438,0.564514511873351,0.3849224652087476,0.552249566493264,0.28057003257328994,0.09033503836317133,0.4718512820512821,0.1427923497267761,0.4300764331210191,0.3356767371601208,0.49119411764705884,0.2672563163746175,0.43006029395148754,0.5439392470768221,0.17830653596801435,0.32062488846396797,0.390889504772269,0.3232723243789315,0.3892561258324326,0.34365059792150876,0.354649924141889,0.3557793270231051,0.07597173182100452,0.5335383059228067,0.35048741837703296,0.3355920017265743,0.3698376215945547,0.034245619867980415,18
TUR,Türkiye,土耳其,2000,19.05,8.75,7.84,2.81,0.5539,0.97,3.42,0.7933,0.667,0.0692,1.95,3.0,0.463,0.398,6.19,4744.0,1.2500000000000002,0.5,4.16,0.2067,0.3919015317286652,0.35832807570977915,0.291765903307888,0.33625695216907675,0.37630345954780714,0.6474617414248021,0.6051570576540756,0.36388488728824875,0.5227557003257329,0.16222847399829493,0.5281487179487181,0.07734972677595636,0.3712770700636943,0.2542688821752266,0.3825882352941179,0.3919015317286652,0.35832807570977915,0.33625695216907675,0.291765903307888,0.37630345954780714,0.6474617414248021,0.6051570576540756,0.36388488728824875,0.5227557003257329,0.16222847399829493,0.5281487179487181,0.07734972677595636,0.3712770700636943,0.2542688821752266,0.3825882352941179,0.37811030300316884,0.3132224662969883,0.4820863340869516,0.3273633825864933,0.2670235501125323,0.2994115660128321,0.35068102624875835,0.4292362620628335,0.27794010555189474,0.3545990826718513,0.3602808443653293,0.08740985918588882,0.6583520923997308,0.3481607188096537,0.31075124567784596,0.3886499247530868,0.07789867907524084,12
TUR,Türkiye,土耳其,2001,19.1,9.49,8.04,3.78,0.5569,0.9,3.05,0.7609,0.542,0.0792,1.96,3.0,0.466,0.406,6.17,4970.0,1.2400000000000002,0.5,3.960000000000001,0.23909999999999998,0.3940853391684902,0.4165709779179811,0.4149287531806615,0.3140545050055618,0.3803813674748025,0.638245382585752,0.5684512922465209,0.407015739629185,0.4550304017372422,0.204768968456948,0.5230307692307693,0.07734972677595636,0.37604458598726115,0.26632930513595166,0.37671764705882366,0.3940853391684902,0.4165709779179811,0.3140545050055618,0.4149287531806615,0.3803813674748025,0.638245382585752,0.5684512922465209,0.407015739629185,0.4550304017372422,0.204768968456948,0.5230307692307693,0.07734972677595636,0.37604458598726115,0.26632930513595166,0.37671764705882366,0.40293015510587155,0.3609851024526186,0.48518598380107786,0.33062059670377414,0.2670055770611493,0.30595514413834324,0.38559693603412204,0.43244884752454354,0.2800389445376639,0.3667579187461686,0.3726703031813532,0.09695042225948979,0.6583520923997308,0.36264350366500303,0.3189294170546811,0.4005356604183946,0.08160624336371353,11
TUR,Türkiye,土耳其,2002,19.15,9.79,7.65,3.15,0.56,1.23,3.43,0.7594,0.363,0.068,1.96,3.0,0.469,0.414,6.15,5196.0,1.2400000000000002,0.5,4.35,0.24060000000000004,0.396269146608315,0.4401829652996845,0.3349363867684477,0.357349276974416,0.3845952056660311,0.6816939313984169,0.6061491053677933,0.40901253834867296,0.35804777415852335,0.15712361466325658,0.5230307692307693,0.07734972677595636,0.3808121019108279,0.2783897280966767,0.37084705882352964,0.396269146608315,0.4401829652996845,0.357349276974416,0.3349363867684477,0.3845952056660311,0.6816939313984169,0.6061491053677933,0.40901253834867296,0.35804777415852335,0.15712361466325658,0.5230307692307693,0.07734972677595636,0.3808121019108279,0.2783897280966767,0.37084705882352964,0.4132829115921896,0.34596137883314104,0.5033739169732104,0.2575497730844083,0.2680166367500465,0.312226571149499,0.3849102858729997,0.41170092923188356,0.2827285008622907,0.3604553460129234,0.3649720077133406,0.09227889849938996,0.6583520923997308,0.3576853021701476,0.3183672323791036,0.38906929722639116,0.07070206484728758,13
TUR,Türkiye,土耳其,2003,19.2,9.67,7.64,3.7,0.563,1.12,3.11,0.7686,0.255,0.0762,1.97,3.0,0.472,0.422,6.13,5422.0,1.2300000000000002,0.5,4.36,0.23140000000000005,0.39845295404814,0.4307381703470031,0.4047709923664122,0.3584593993325918,0.3886731135930264,0.6672110817941953,0.5744035785288271,0.3967655062024812,0.29953311617806727,0.19200682011935208,0.5179128205128206,0.07734972677595636,0.38557961783439487,0.2904501510574018,0.36497647058823546,0.39845295404814,0.4307381703470031,0.3584593993325918,0.4047709923664122,0.3886731135930264,0.6672110817941953,0.5744035785288271,0.3967655062024812,0.29953311617806727,0.19200682011935208,0.5179128205128206,0.07734972677595636,0.38557961783439487,0.2904501510574018,0.36497647058823546,0.4110660162361753,0.38091201975117717,0.49255216065894986,0.250722649704814,0.26796280819531276,0.3182357096925365,0.39872807437545804,0.40223015898026554,0.28458405094850925,0.36162301601888175,0.3658857011892964,0.09349362574984521,0.6583520923997308,0.35994140843876066,0.3202344242508604,0.39060072412494257,0.07036629987408216,11
TUR,Türkiye,土耳其,2004,19.25,9.97,8.05,2.99,0.5661,0.88,3.29,0.7321,0.374,0.0707,1.98,3.0,0.475,0.43,6.11,5648.0,1.2200000000000002,0.5,3.9499999999999993,0.2679,0.400636761487965,0.4543501577287067,0.3146208651399491,0.3129443826473859,0.39288695178425503,0.6356121372031663,0.5922604373757456,0.4453542750433508,0.36400760043431046,0.1686095481670929,0.5127948717948718,0.07734972677595636,0.39034713375796176,0.30251057401812687,0.3591058823529414,0.400636761487965,0.4543501577287067,0.3129443826473859,0.3146208651399491,0.39288695178425503,0.6356121372031663,0.5922604373757456,0.4453542750433508,0.36400760043431046,0.1686095481670929,0.5127948717948718,0.07734972677595636,0.39034713375796176,0.30251057401812687,0.3591058823529414,0.4213148348188917,0.3137815042497053,0.503439900558446,0.26755873679961156,0.2678862377573331,0.32399129629444645,0.3744682378332414,0.4164751412293845,0.28632181088220504,0.3605092890225616,0.36482707110638773,0.09100700074720842,0.6583520923997308,0.3568022028837786,0.3197147373455516,0.38894538840318793,0.06923065105763632,12
TUR,Türkiye,土耳其,2005,19.3,9.94,7.29,3.83,0.5692,0.94,3.28,0.7513,0.559,0.0771,1.98,3.0,0.478,0.438,6.09,5873.0,1.2200000000000002,0.5,4.71,0.24870000000000003,0.40282056892778995,0.45198895899053626,0.42127735368956737,0.39731368186874305,0.3971007899754836,0.6435118733509234,0.5912683896620279,0.419795251433907,0.46424104234527686,0.19583546462063084,0.5127948717948718,0.07734972677595636,0.39511464968152865,0.31457099697885194,0.3532352941176472,0.40282056892778995,0.45198895899053626,0.39731368186874305,0.42127735368956737,0.3971007899754836,0.6435118733509234,0.5912683896620279,0.419795251433907,0.46424104234527686,0.19583546462063084,0.5127948717948718,0.07734972677595636,0.39511464968152865,0.31457099697885194,0.3532352941176472,0.42181120636578207,0.409120100315693,0.5004526993612419,0.3287022347091432,0.2688636215662118,0.3295010807536364,0.4166881932476345,0.44115877516843816,0.28869929540356093,0.3818695633391315,0.38807975666273387,0.10741867426720068,0.6583520923997308,0.3789800757663504,0.3311498553947046,0.41700335330710864,0.08585349791240404,11
TUR,Türkiye,土耳其,2006,19.35,9.36,7.89,2.37,0.5722,0.81,2.62,0.7434,0.371,0.0744,1.98,3.0,0.481,0.446,6.07,6099.0,1.2200000000000002,0.5,4.11,0.25660000000000005,0.40500437636761494,0.4063391167192429,0.2358982188295165,0.33070634037819807,0.40117869790247895,0.6263957783641161,0.5257932405566601,0.4303117246898761,0.36238219326818677,0.18434953111679447,0.5127948717948718,0.07734972677595636,0.39988216560509554,0.32663141993957706,0.34736470588235313,0.40500437636761494,0.4063391167192429,0.33070634037819807,0.2358982188295165,0.40117869790247895,0.6263957783641161,0.5257932405566601,0.4303117246898761,0.36238219326818677,0.18434953111679447,0.5127948717948718,0.07734972677595636,0.39988216560509554,0.32663141993957706,0.34736470588235313,0.4055377455785039,0.2793081392491897,0.48660206812999884,0.2765393415499522,0.2698327845848758,0.3347719416697317,0.34934312926523986,0.41072282892950246,0.2909870976205513,0.35282334961195894,0.3563881996375383,0.0839567671602323,0.6583520923997308,0.3476921222864767,0.3177561412685822,0.37945787173557405,0.061701730466991844,14
TUR,Türkiye,土耳其,2007,19.4,10.18,7.55,2.95,0.5753,1.09,3.17,0.756,0.619,0.0772,1.99,3.0,0.484,0.454,6.05,6325.0,1.2100000000000002,0.5,4.45,0.244,0.4071881838074397,0.4708785488958991,0.3095419847328244,0.36845050055617357,0.4053925360937075,0.6632612137203165,0.5803558648111333,0.41353861544617854,0.49674918566775245,0.19626086956521738,0.5076769230769231,0.07734972677595636,0.40464968152866243,0.33869184290030213,0.34149411764705895,0.4071881838074397,0.4708785488958991,0.36845050055617357,0.3095419847328244,0.4053925360937075,0.6632612137203165,0.5803558648111333,0.41353861544617854,0.49674918566775245,0.19626086956521738,0.5076769230769231,0.07734972677595636,0.40464968152866243,0.33869184290030213,0.34149411764705895,0.43155948145127804,0.33771422714768856,0.5035129944417147,0.3426224259443422,0.2697095752656353,0.3398099827492334,0.3912408018340375,0.4485927123295067,0.29242552880582845,0.37868553198960253,0.38453698412376247,0.10278191401278251,0.6583520923997308,0.3736317803124334,0.33081080808775,0.413186507986832,0.082375699899082,11
TUR,Türkiye,土耳其,2008,19.45,9.8,8.08,1.61,0.5783,1.04,2.87,0.7674,0.51,0.0858,2.0,3.0,0.487,0.462,6.03,6551.0,1.2000000000000002,0.5,3.92,0.23260000000000003,0.40937199124726475,0.44097003154574144,0.13939949109414757,0.30961401557285867,0.4094704440207029,0.6566781002638523,0.5505944333996025,0.39836294517807136,0.4376927252985885,0.23284569479965897,0.5025589743589745,0.07734972677595636,0.4094171974522293,0.3507522658610272,0.3356235294117649,0.40937199124726475,0.44097003154574144,0.30961401557285867,0.13939949109414757,0.4094704440207029,0.6566781002638523,0.5505944333996025,0.39836294517807136,0.4376927252985885,0.23284569479965897,0.5025589743589745,0.07734972677595636,0.4094171974522293,0.3507522658610272,0.3356235294117649,0.4217300093551244,0.20774993671833447,0.4934789614719515,0.3400391188049527,0.26956423615856273,0.34462061347050704,0.317714520172516,0.44131299308102545,0.29376490778400144,0.35392380892213887,0.3599690256193654,0.08217598294765642,0.6583520923997308,0.34377173412906514,0.313878895120458,0.39083549444582133,0.0769565993253633,13
TUR,Türkiye,土耳其,2009,19.5,9.92,7.1,2.33,0.5814,1.01,3.06,0.7302,0.195,0.0853,2.0,3.0,0.49,0.47,6.01,6777.0,1.2000000000000002,0.5,4.9,0.26980000000000004,0.41155579868708975,0.45041482649842274,0.23081933842239183,0.41840600667408234,0.41368428221193143,0.6527282321899737,0.5694433399602387,0.4478835534213687,0.26702497285559174,0.2307186700767263,0.5025589743589745,0.07734972677595636,0.4141847133757962,0.3628126888217522,0.3297529411764707,0.41155579868708975,0.45041482649842274,0.41840600667408234,0.23081933842239183,0.41368428221193143,0.6527282321899737,0.5694433399602387,0.4478835534213687,0.26702497285559174,0.2307186700767263,0.5025589743589745,0.07734972677595636,0.4141847133757962,0.3628126888217522,0.3297529411764707,0.42668001948936213,0.3107671116004178,0.5102458227959553,0.25186291392486765,0.2705021168536161,0.3492086169031682,0.37586804430837106,0.412852470430598,0.2957948901654858,0.3631832214705407,0.3666398685143962,0.0910559707591165,0.6583520923997308,0.359885681325141,0.3263428395166876,0.38855441568071625,0.06221157616402867,13
TUR,Türkiye,土耳其,2010,19.55,9.68,8.03,3.41,0.5845,0.74,2.98,0.7495,0.353,0.0864,2.0,3.0,0.493,0.478,5.99,7003.0,1.2000000000000002,0.5,3.9700000000000006,0.25049999999999994,0.4137396061269147,0.4315252365930599,0.3679491094147583,0.3151646273637375,0.41789812040315993,0.6171794195250659,0.5615069582504971,0.42219140989729226,0.35262975027144405,0.23539812446717814,0.5025589743589745,0.07734972677595636,0.4189522292993631,0.3748731117824773,0.3238823529411767,0.4137396061269147,0.4315252365930599,0.3151646273637375,0.3679491094147583,0.41789812040315993,0.6171794195250659,0.5615069582504971,0.42219140989729226,0.35262975027144405,0.23539812446717814,0.5025589743589745,0.07734972677595636,0.4189522292993631,0.3748731117824773,0.3238823529411767,0.4207641575863482,0.34053567207786234,0.4970094523331245,0.2999940002192896,0.27143247078732113,0.35357820687984165,0.38662353513270625,0.42715847228169246,0.29774884888822534,0.37202928148210745,0.37617510411895644,0.0970183033846513,0.6583520923997308,0.368442647168264,0.3313023854941102,0.4002719823203505,0.06896959682624032,13
TUR,Türkiye,土耳其,2011,19.6,10.33,7.73,3.14,0.5875,0.65,2.99,0.7522,0.433,0.0851,2.01,3.0,0.496,0.486,5.97,7229.0,1.1900000000000004,0.5,4.27,0.24780000000000002,0.4159234135667397,0.4826845425867508,0.33366666666666667,0.34846829810901,0.4219760283301553,0.60532981530343,0.5624990059642148,0.4185971722022143,0.3959739413680781,0.2298678601875532,0.4974410256410258,0.07734972677595636,0.42371974522292993,0.3869335347432024,0.31801176470588244,0.4159234135667397,0.4826845425867508,0.34846829810901,0.33366666666666667,0.4219760283301553,0.60532981530343,0.5624990059642148,0.4185971722022143,0.3959739413680781,0.2298678601875532,0.4974410256410258,0.07734972677595636,0.42371974522292993,0.3869335347432024,0.31801176470588244,0.4414417225250907,0.34098717786603017,0.4954205855548619,0.3185600164127478,0.27124259208680696,0.35773307626101575,0.39812481335517463,0.43394952099587625,0.29883283153243856,0.378102851042568,0.3826671018646345,0.10155737499194809,0.6583520923997308,0.37484727661999073,0.33491731164719607,0.40766953864860445,0.07275222700140838,12
TUR,Türkiye,土耳其,2012,19.65,9.84,7.14,2.49,0.5906,0.99,2.93,0.6848,0.52,0.0862,2.01,3.0,0.499,0.494,5.95,7455.0,1.1900000000000004,0.5,4.86,0.31520000000000004,0.41810722100656444,0.4441182965299685,0.2511348600508906,0.41396551724137937,0.42618986652138385,0.6500949868073879,0.5565467196819085,0.5083199946645326,0.4431107491856678,0.23454731457800507,0.4974410256410258,0.07734972677595636,0.4284872611464968,0.3989939577039275,0.3121411764705884,0.41810722100656444,0.4441182965299685,0.41396551724137937,0.2511348600508906,0.42618986652138385,0.6500949868073879,0.5565467196819085,0.5083199946645326,0.4431107491856678,0.23454731457800507,0.4974410256410258,0.07734972677595636,0.4284872611464968,0.3989939577039275,0.3121411764705884,0.4283236621458919,0.3224301044231266,0.5244788570418275,0.34355759765218113,0.27215458151639627,0.361676437679793,0.3823292050365458,0.46196540824045346,0.3006368747449336,0.38369637781006855,0.3896759872306252,0.10393474158764371,0.6583520923997308,0.37721592218958155,0.33652012040877854,0.41972957145226175,0.0832094510434832,12
TUR,Türkiye,土耳其,2013,19.7,9.43,6.9,2.5,0.5936,0.82,3.1,0.7278,0.655,0.0841,2.02,3.0,0.502,0.502,5.93,7681.0,1.1800000000000002,0.5,5.1,0.2722,0.4202910284463895,0.41184858044164036,0.25240458015267175,0.44060845383759734,0.4302677744483792,0.6277124010554089,0.5734115308151094,0.4510784313725491,0.5162540716612378,0.2256138107416879,0.492323076923077,0.07734972677595636,0.4332547770700637,0.4110543806646526,0.3062705882352942,0.4202910284463895,0.41184858044164036,0.44060845383759734,0.25240458015267175,0.4302677744483792,0.6277124010554089,0.5734115308151094,0.4510784313725491,0.5162540716612378,0.2256138107416879,0.492323076923077,0.07734972677595636,0.4332547770700637,0.4110543806646526,0.3062705882352942,0.4168934781777755,0.33348402031071384,0.5128954436669291,0.3707356640999495,0.27193225271433524,0.36541105787650496,0.38128091925933977,0.46530690634092076,0.3015595303365024,0.3848409149885554,0.390974897415121,0.10445620447476474,0.6583520923997308,0.37794476564927304,0.33734243245819734,0.42165952830963427,0.08431709585143693,12
TUR,Türkiye,土耳其,2014,19.75,8.94,7.1,2.02,0.5967,0.73,2.9,0.7002,0.37,0.0925,2.02,3.0,0.505,0.51,5.91,7906.0,1.1800000000000002,0.5,4.9,0.29979999999999996,0.42247483588621443,0.373282334384858,0.19145801526717554,0.41840600667408234,0.4344816126396078,0.6158627968337731,0.5535705765407556,0.4878195278111245,0.3618403908794788,0.26134782608695645,0.492323076923077,0.07734972677595636,0.4380222929936306,0.4231148036253777,0.30040000000000017,0.42247483588621443,0.373282334384858,0.41840600667408234,0.19145801526717554,0.4344816126396078,0.6158627968337731,0.5535705765407556,0.4878195278111245,0.3618403908794788,0.26134782608695645,0.492323076923077,0.07734972677595636,0.4380222929936306,0.4231148036253777,0.30040000000000017,0.4020642717360117,0.28303212470262873,0.5154748713312433,0.3176857854106574,0.27282651578430434,0.3689392865143381,0.34939089412170937,0.44580463978677587,0.30322184862282847,0.3691300960103712,0.3741056787380717,0.09179755265724468,0.6583520923997308,0.36099206579375487,0.329628995497666,0.40253142394072006,0.07290242844305406,13
TUR,Türkiye,土耳其,2015,19.8,8.85,7.09,1.43,0.5998,0.5,3.14,0.7053,0.466,0.0738,2.03,3.0,0.508,0.518,5.89,8132.0,1.1700000000000004,0.5,4.91,0.29469999999999996,0.4246586433260394,0.366198738170347,0.11654452926208649,0.4195161290322581,0.4386954508308363,0.5855804749340369,0.5773797216699802,0.481030412164866,0.4138534201954397,0.18179710144927536,0.48720512820512835,0.07734972677595636,0.4427898089171975,0.43517522658610275,0.29452941176470593,0.4246586433260394,0.366198738170347,0.4195161290322581,0.11654452926208649,0.4386954508308363,0.5855804749340369,0.5773797216699802,0.481030412164866,0.4138534201954397,0.18179710144927536,0.48720512820512835,0.07734972677595636,0.4427898089171975,0.43517522658610275,0.29452941176470593,0.40023099463304945,0.22111605499356501,0.5144527283361973,0.29781235512276655,0.2725722634554099,0.3722630801922556,0.3156708951912688,0.43664113343217054,0.30399088915118416,0.3553680597507241,0.3605549886756041,0.0812701397570206,0.6583520923997308,0.3454933064225124,0.3182794343787737,0.38969857351231296,0.07141913913353926,16
TUR,Türkiye,土耳其,2016,19.85,9.38,7.01,3.42,0.6028,0.51,2.91,0.6917,0.59,0.0764,2.03,3.0,0.511,0.526,5.87,8358.0,1.1700000000000004,0.5,4.99,0.3083,0.4268424507658644,0.4079132492113565,0.36921882951653934,0.4283971078976641,0.4427733587578317,0.5868970976253298,0.5545626242544732,0.4991347205548887,0.4810369163952225,0.1928576300085251,0.48720512820512835,0.07734972677595636,0.4475573248407644,0.4472356495468279,0.28865882352941197,0.4268424507658644,0.4079132492113565,0.4283971078976641,0.36921882951653934,0.4427733587578317,0.5868970976253298,0.5545626242544732,0.4991347205548887,0.4810369163952225,0.1928576300085251,0.48720512820512835,0.07734972677595636,0.4475573248407644,0.4472356495468279,0.28865882352941197,0.41916758214823685,0.3977087863578653,0.5147853040474697,0.33373501478688783,0.27344940098596116,0.3753840222301478,0.41044851317961684,0.45202122768583025,0.3055178286803039,0.39043802376863934,0.39559839363230836,0.10949152724621385,0.6583520923997308,0.386772605082006,0.34395586579588594,0.42268311757012406,0.07872725177423812,11
TUR,Türkiye,土耳其,2017,19.9,9.53,7.46,3.07,0.6059,0.56,3.21,0.7283,0.71,0.0798,2.04,3.0,0.514,0.534,5.85,8584.0,1.1600000000000001,0.5,4.54,0.27170000000000005,0.4290262582056892,0.41971924290220813,0.32477862595419843,0.3784416017797553,0.4469871969490602,0.5934802110817943,0.584324055666004,0.45041283179938657,0.5460532030401738,0.20732139812446712,0.48208717948717955,0.07734972677595636,0.45232484076433127,0.45929607250755294,0.2827882352941177,0.4290262582056892,0.41971924290220813,0.3784416017797553,0.32477862595419843,0.4469871969490602,0.5934802110817943,0.584324055666004,0.45041283179938657,0.5460532030401738,0.20732139812446712,0.48208717948717955,0.07734972677595636,0.45232484076433127,0.45929607250755294,0.2827882352941177,0.42527893971872266,0.35058485909966913,0.5138373605554413,0.37067954984600565,0.27316370825655434,0.37830333868540367,0.3936602720958581,0.46588375026643253,0.30613924779396545,0.39050194815292616,0.39629335607352006,0.10827331801393235,0.6583520923997308,0.38451359234640814,0.34279496976825585,0.42578422690318957,0.08298925713493371,11
TUR,Türkiye,土耳其,2018,19.95,9.83,7.15,2.66,0.6089,0.93,3.09,0.6664,0.583,0.0958,2.04,3.0,0.517,0.542,5.83,8810.0,1.1600000000000001,0.5,4.85,0.3336,0.4312100656455142,0.4433312302839117,0.27272010178117045,0.4128553948832035,0.45106510487605556,0.6421952506596306,0.5724194831013918,0.5328140589569161,0.47724429967426707,0.275386189258312,0.48208717948717955,0.07734972677595636,0.45709235668789816,0.471356495468278,0.2769176470588237,0.4312100656455142,0.4433312302839117,0.4128553948832035,0.27272010178117045,0.45106510487605556,0.6421952506596306,0.5724194831013918,0.5328140589569161,0.47724429967426707,0.275386189258312,0.48208717948717955,0.07734972677595636,0.45709235668789816,0.471356495468278,0.2769176470588237,0.43601824688196467,0.33555024260675564,0.5406700072458884,0.38301987695773265,0.274024286624921,0.38102191096397886,0.3926501986407517,0.487549806793864,0.3075355805790473,0.39790367717367786,0.4050756564834853,0.11311110962697075,0.6583520923997308,0.3901829319935575,0.3459350163391512,0.43856934060735375,0.09263432426820256,13
TUR,Türkiye,土耳其,2019,20.0,10.1,7.44,2.83,0.612,0.96,2.97,0.7101,0.825,0.0918,2.05,3.0,0.52,0.55,5.81,9036.0,1.1500000000000004,0.5,4.56,0.28990000000000005,0.43339387308533917,0.4645820189274448,0.2943053435114503,0.38066184649610674,0.4552789430672841,0.6461451187335092,0.5605149105367795,0.4746406562625051,0.6083604777415852,0.25836999147485085,0.4769692307692309,0.07734972677595636,0.46185987261146505,0.4834169184290031,0.2710470588235295,0.43339387308533917,0.4645820189274448,0.38066184649610674,0.2943053435114503,0.4552789430672841,0.6461451187335092,0.5605149105367795,0.4746406562625051,0.6083604777415852,0.25836999147485085,0.4769692307692309,0.07734972677595636,0.46185987261146505,0.4834169184290031,0.2710470588235295,0.44560968281572155,0.3347100468984157,0.5278196640404703,0.43191016344038896,0.27370759591256694,0.38354028530783735,0.39741135426450724,0.49700175609351077,0.3080138874361475,0.4026116523069891,0.41042827494760076,0.11673508399053519,0.6583520923997308,0.394544158968339,0.3481817840859083,0.4454015362983612,0.09721975221245294,12
TUR,Türkiye,土耳其,2020,25.05,13.1,7.16,3.31,0.6028,-2.23,1.16,0.6735,0.609,0.0827,2.05,3.0,0.523,0.558,5.79,8938.0,1.1500000000000004,0.5,4.84,0.3265,0.6539584245076586,0.7007018927444796,0.3552519083969465,0.4117452725250278,0.4427733587578317,0.22614248021108177,0.3809542743538768,0.5233625450180073,0.49133116178067315,0.2196581415174765,0.4769692307692309,0.07734972677595636,0.4666273885350319,0.4954773413897282,0.26517647058823546,0.6539584245076586,0.7007018927444796,0.4117452725250278,0.3552519083969465,0.4427733587578317,0.22614248021108177,0.3809542743538768,0.5233625450180073,0.49133116178067315,0.2196581415174765,0.4769692307692309,0.07734972677595636,0.4666273885350319,0.4954773413897282,0.26517647058823546,0.6722694864545629,0.3824569176233278,0.3727595019102533,0.3560602623729756,0.2745521496553103,0.3858586793707457,0.5364868088180897,0.367669122158019,0.3092829985322583,0.3909825653639547,0.40079859106831206,0.11666626282001546,0.6583520923997308,0.3921419773824119,0.34376487250414794,0.4562908662586342,0.11252599375448624,11
TUR,Türkiye,土耳其,2021,18.1,9.14,7.51,3.05,0.6181,0.89,3.94,0.6607,0.583,0.1036,2.06,3.0,0.526,0.566,5.77,9488.0,1.1400000000000001,0.5,4.49,0.33930000000000005,0.3504091903719913,0.38902365930599375,0.32223918575063604,0.37289098998887654,0.46357068918550803,0.6369287598944592,0.6567435387673957,0.54040189409097,0.47724429967426707,0.30856777493606136,0.4718512820512821,0.07734972677595636,0.4713949044585988,0.5075377643504531,0.2593058823529412,0.3504091903719913,0.38902365930599375,0.37289098998887654,0.32223918575063604,0.46357068918550803,0.6369287598944592,0.6567435387673957,0.54040189409097,0.47724429967426707,0.30856777493606136,0.4718512820512821,0.07734972677595636,0.4713949044585988,0.5075377643504531,0.2593058823529412,0.36537236703710513,0.34664115304989995,0.5646116436453813,0.40085257466534957,0.27420486512370285,0.38797698603279224,0.3577613885821527,0.5094719573222785,0.3096213779925219,0.3946166775258638,0.40400361290131376,0.10782755562704888,0.6583520923997308,0.3818729333367951,0.34099631443999834,0.4428057169385719,0.10180940249857356,11
TUR,Türkiye,土耳其,2022,20.15,9.93,7.45,3.67,0.6212,0.77,3.03,0.6595,0.621,0.0771,2.06,3.0,0.529,0.574,5.75,9714.0,1.1400000000000001,0.5,4.55,0.3405,0.4399452954048139,0.45120189274447947,0.40096183206106867,0.37955172413793103,0.4677845273767366,0.6211292875989445,0.5664671968190855,0.5419993330665601,0.4978327904451683,0.19583546462063084,0.4718512820512821,0.07734972677595636,0.47616242038216566,0.5195981873111781,0.2534352941176472,0.4399452954048139,0.45120189274447947,0.37955172413793103,0.40096183206106867,0.4677845273767366,0.6211292875989445,0.5664671968190855,0.5419993330665601,0.4978327904451683,0.19583546462063084,0.4718512820512821,0.07734972677595636,0.47616242038216566,0.5195981873111781,0.2534352941176472,0.4444138364334005,0.39010992639547404,0.5425036938554291,0.34277302426180944,0.27503389929202504,0.38989477454829735,0.4218395971360809,0.472698126042477,0.31076538766675527,0.4028167748286183,0.4088607458578416,0.11804327569473316,0.6583520923997308,0.3983509787804867,0.3520273908772271,0.43864400939713083,0.08661661851990371,12
TUR,Türkiye,土耳其,2023,20.2,10.37,7.12,2.64,0.6242,1.18,3.02,0.6747,0.717,0.0911,2.07,3.0,0.532,0.582,5.73,9940.0,1.1300000000000003,0.5,4.88,0.32530000000000003,0.44212910284463885,0.4858328075709779,0.2701806615776081,0.41618576195773077,0.47186243530373195,0.6751108179419525,0.5654751491053679,0.5217651060424171,0.5498458197611291,0.2553921568627451,0.46673333333333344,0.07734972677595636,0.48092993630573255,0.5316586102719032,0.24756470588235321,0.44212910284463885,0.4858328075709779,0.41618576195773077,0.2701806615776081,0.47186243530373195,0.6751108179419525,0.5654751491053679,0.5217651060424171,0.5498458197611291,0.2553921568627451,0.46673333333333344,0.07734972677595636,0.48092993630573255,0.5316586102719032,0.24756470588235321,0.45911787039283697,0.33532871112524887,0.5509177631378231,0.4046015842376438,0.2746563890517432,0.3916112890698407,0.4048953733771524,0.502191105529758,0.31096580138262364,0.40772208820811473,0.41563479463983605,0.12038528014803007,0.6583520923997308,0.3998168333983833,0.35234174553763814,0.45093269608620956,0.09859095054857142,12
USA,United States,美国,2000,28.95,15.47,2.19,6.41,0.943,0.75,1.39,0.4106,-0.055,0.1704,1.14,1.31,0.812,0.813,8.29,34258.0,2.0600000000000005,2.19,9.81,0.5893999999999999,0.8242954048140043,0.8872365930599371,0.7488651399491094,0.9634760845383761,0.9052081176791065,0.6184960422163588,0.4037713717693837,0.8733348005869014,0.13157437567861022,0.5927382779198634,0.9427025641025644,0.999,0.9258980891719747,0.8799033232628398,0.999,0.8242954048140043,0.8872365930599371,0.9634760845383761,0.7488651399491094,0.9052081176791065,0.6184960422163588,0.4037713717693837,0.8733348005869014,0.13157437567861022,0.5927382779198634,0.9427025641025644,0.999,0.9258980891719747,0.8799033232628398,0.999,0.8489175372196887,0.8494195976579837,0.667772910817904,0.24024147211551872,0.9540880979519879,0.9257360366207906,0.8491183257752631,0.4913993211940598,0.944067441827709,0.7043121674544627,0.7345154587585155,0.39515418448847506,1.0,0.738676298906024,0.5996339817010958,0.8551270720229076,0.2554930903218118,1
USA,United States,美国,2001,28.9,14.89,2.48,5.9,0.946,0.69,1.18,0.3845,-0.105,0.153,1.14,1.31,0.814,0.816,8.28,35890.0,2.0600000000000005,2.19,9.52,0.6154999999999999,0.8221115973741793,0.8415867507886435,0.6841094147582697,0.9312825361512792,0.9092860256061018,0.6105963060686016,0.3829383697813121,0.908079098305989,0.10448425624321389,0.5187178175618072,0.9427025641025644,0.999,0.9290764331210191,0.8844259818731117,0.996064705882353,0.8221115973741793,0.8415867507886435,0.9312825361512792,0.6841094147582697,0.9092860256061018,0.6105963060686016,0.3829383697813121,0.908079098305989,0.10448425624321389,0.5187178175618072,0.9427025641025644,0.999,0.9290764331210191,0.8844259818731117,0.996064705882353,0.829846985546691,0.7981849101436639,0.6629116556416852,0.19833665283709884,0.9550694534394067,0.927495724157834,0.817034165686326,0.4615724217259957,0.9453266282246726,0.6792702179328705,0.7133372068636978,0.3575708352756746,1.0,0.7143989083076014,0.5710074824650957,0.8389729632319511,0.26796548076685545,1
USA,United States,美国,2002,28.85,14.28,2.31,5.75,0.949,0.5,1.22,0.3895,0.301,0.1636,1.14,1.31,0.816,0.819,8.27,37521.0,2.0600000000000005,2.19,9.69,0.6105,0.8199277899343544,0.7935757097791799,0.6650636132315522,0.9501546162402671,0.9133639335330974,0.5855804749340369,0.3869065606361829,0.9014231025743632,0.3244560260586319,0.5638107416879794,0.9427025641025644,0.999,0.9322547770700635,0.8889486404833835,0.993129411764706,0.8199277899343544,0.7935757097791799,0.9501546162402671,0.6650636132315522,0.9133639335330974,0.5855804749340369,0.3869065606361829,0.9014231025743632,0.3244560260586319,0.5638107416879794,0.9427025641025644,0.999,0.9322547770700635,0.8889486404833835,0.993129411764706,0.8092835453497139,0.7949297215511513,0.6576231071755734,0.4047127113674908,0.9560484616998246,0.9292409487992398,0.8035111731468897,0.5684967665376073,0.9465789849152542,0.7349128364953565,0.7524257540336861,0.43362862262065094,1.0,0.7590154635929944,0.6537328291774587,0.8536739604349305,0.19994113125747182,1
USA,United States,美国,2003,28.8,13.9,2.27,6.43,0.952,0.94,1.25,0.425,-0.147,0.1704,1.13,1.31,0.818,0.822,8.26,39152.0,2.0700000000000003,2.19,9.73,0.575,0.8177439824945296,0.7636671924290223,0.7514045801526716,0.9545951056729701,0.9174418414600926,0.6435118733509234,0.389882703777336,0.8541655328798187,0.08172855591748099,0.5927382779198634,0.947820512820513,0.999,0.9354331210191081,0.8934712990936555,0.990194117647059,0.8177439824945296,0.7636671924290223,0.9545951056729701,0.7514045801526716,0.9174418414600926,0.6435118733509234,0.389882703777336,0.8541655328798187,0.08172855591748099,0.5927382779198634,0.947820512820513,0.999,0.9354331210191081,0.8934712990936555,0.990194117647059,0.7956683215747071,0.8469280575078342,0.6682740617950307,0.1805383565854112,0.9591000436633353,0.9309717454877056,0.8157890070657208,0.45127270772044775,0.9491597585656427,0.6736755371893626,0.7099937127775882,0.35033233371860745,1.0,0.7098443859330703,0.5626826118313798,0.8386239606408901,0.27594134880951027,1
USA,United States,美国,2004,28.75,13.29,1.98,6.38,0.955,0.95,1.34,0.386,-0.079,0.1708,1.12,1.31,0.82,0.825,8.25,40784.0,2.08,2.19,10.02,0.614,0.8155601750547045,0.7156561514195582,0.7450559796437657,0.9867886540600668,0.9215197493870881,0.6448284960422163,0.39881113320079525,0.9060822995865013,0.11857111834961996,0.5944398976982097,0.9529384615384616,0.999,0.9386114649681527,0.8979939577039274,0.9872588235294121,0.8155601750547045,0.7156561514195582,0.9867886540600668,0.7450559796437657,0.9215197493870881,0.6448284960422163,0.39881113320079525,0.9060822995865013,0.11857111834961996,0.5944398976982097,0.9529384615384616,0.999,0.9386114649681527,0.8979939577039274,0.9872588235294121,0.7740256801754916,0.8574455010973444,0.6812990716964533,0.22595946092832708,0.962146812081737,0.9326881483587198,0.8063727297862056,0.4892666535772051,0.9517319188718515,0.6939583199012501,0.7231380560282992,0.37636487663901513,1.0,0.7269639012237545,0.593116797205068,0.8436068850025612,0.25049008779749316,1
USA,United States,美国,2005,28.7,14.06,1.87,6.03,0.958,0.81,1.45,0.371,0.051,0.1663,1.12,1.31,0.822,0.828,8.24,42415.0,2.08,2.19,10.129999999999999,0.629,0.8133763676148796,0.7762602523659308,0.7006157760814248,0.999,0.9255976573140833,0.6263957783641161,0.4097236580516899,0.9260502867813792,0.18900542888165037,0.5752966751918158,0.9529384615384616,0.999,0.9417898089171973,0.9025166163141993,0.9843235294117649,0.8133763676148796,0.7762602523659308,0.999,0.7006157760814248,0.9255976573140833,0.6263957783641161,0.4097236580516899,0.9260502867813792,0.18900542888165037,0.5752966751918158,0.9529384615384616,0.999,0.9417898089171973,0.9025166163141993,0.9843235294117649,0.7983215808696467,0.8366093235826046,0.6848391097414491,0.29501310797619346,0.9631230678300687,0.9343901907499593,0.8134217895225085,0.5319421223352102,0.9529674234283303,0.7197205608096152,0.7426936128193358,0.4132567818368065,1.0,0.7487323667979061,0.6282456167296548,0.8542157448241079,0.22597012809445305,1
USA,United States,美国,2006,28.65,13.48,1.96,5.12,0.961,0.63,1.4,0.3858,0.064,0.161,1.12,1.31,0.824,0.831,8.23,44046.0,2.08,2.19,10.04,0.6142000000000001,0.8111925601750546,0.7306104100946372,0.5850712468193383,0.9890088987764183,0.9296755652410789,0.6026965699208443,0.40476341948310146,0.9063485394157664,0.1960488599348534,0.5527502131287297,0.9529384615384616,0.999,0.9449681528662419,0.9070392749244712,0.981388235294118,0.8111925601750546,0.7306104100946372,0.9890088987764183,0.5850712468193383,0.9296755652410789,0.6026965699208443,0.40476341948310146,0.9063485394157664,0.1960488599348534,0.5527502131287297,0.9529384615384616,0.999,0.9449681528662419,0.9070392749244712,0.981388235294118,0.777944684494032,0.7606843428929899,0.6741918012140165,0.2967769451630723,0.964097020032955,0.9360779052104276,0.7709940412499201,0.5270811378476963,0.9541961927227702,0.7059234358280522,0.7283895253308856,0.3885780618774093,1.0,0.7308226212971753,0.6172767792007832,0.8408661256936081,0.22358934649282491,1
USA,United States,美国,2007,28.6,14.24,2.52,5.38,0.964,1.03,1.38,0.3801,0.224,0.1672,1.11,1.31,0.826,0.834,8.22,45678.0,2.09,2.19,9.48,0.6199,0.8090087527352298,0.7904274447949527,0.6180839694656487,0.9268420467185764,0.933753473168074,0.6553614775725594,0.402779324055666,0.91393637454982,0.2827372421281216,0.5791253196930946,0.9580564102564102,0.999,0.9481464968152865,0.9115619335347431,0.978452941176471,0.8090087527352298,0.7904274447949527,0.9268420467185764,0.6180839694656487,0.933753473168074,0.6553614775725594,0.402779324055666,0.91393637454982,0.2827372421281216,0.5791253196930946,0.9580564102564102,0.999,0.9481464968152865,0.9115619335347431,0.978452941176471,0.8015243796530078,0.7568792580745517,0.6896676913441208,0.3766507457729605,0.9671385895647359,0.9377513235093393,0.7833587224113264,0.5752141571476357,0.9567497403287939,0.7351221987502129,0.7521182016810903,0.43191844246278166,1.0,0.7560543148049361,0.6565568047786121,0.8538016123995051,0.19724480762089303,1
USA,United States,美国,2008,28.55,14.26,2.49,5.96,0.967,0.65,1.12,0.3927,-0.015,0.1668,1.1,1.31,0.828,0.837,8.21,47309.0,2.1,2.19,9.51,0.6073,0.8068249452954048,0.7920015772870663,0.6917277353689566,0.9301724137931036,0.9378313810950696,0.60532981530343,0.376986083499006,0.8971632653061224,0.15324647122692725,0.5774236999147485,0.9631743589743591,0.999,0.9513248407643312,0.916084592145015,0.975517647058824,0.8068249452954048,0.7920015772870663,0.9301724137931036,0.6917277353689566,0.9378313810950696,0.60532981530343,0.376986083499006,0.8971632653061224,0.15324647122692725,0.5774236999147485,0.9631743589743591,0.999,0.9513248407643312,0.916084592145015,0.975517647058824,0.8008625929584604,0.8021384277640484,0.6634238354646643,0.26051463861204766,0.9701754095162711,0.9394104766447573,0.8013726831875243,0.501191144741993,0.9592947340213518,0.7010311790473992,0.72867668305946,0.38593145012485996,1.0,0.7323663612882093,0.6027570844337556,0.8485962492484705,0.2458391648147149,1
USA,United States,美国,2009,28.5,14.34,2.84,5.48,0.97,0.65,1.3,0.3437,0.019,0.1659,1.1,1.31,0.83,0.84,8.2,48940.0,2.1,2.19,9.16,0.6563,0.8046411378555798,0.7982981072555204,0.6307811704834605,0.8913181312569524,0.9419092890220647,0.60532981530343,0.3948429423459245,0.9623920234760571,0.17166775244299673,0.5735950554134697,0.9631743589743591,0.999,0.9545031847133758,0.920607250755287,0.9725823529411765,0.8046411378555798,0.7982981072555204,0.8913181312569524,0.6307811704834605,0.9419092890220647,0.60532981530343,0.3948429423459245,0.9623920234760571,0.17166775244299673,0.5735950554134697,0.9631743589743591,0.999,0.9545031847133758,0.920607250755287,0.9725823529411765,0.8020978999632046,0.7498177739340347,0.6815178547568895,0.27813483934732197,0.9711466715208676,0.9410553948519862,0.7807620935386336,0.5208476204939069,0.9605068202058777,0.7066266712662314,0.7307197223209161,0.3912080295437623,1.0,0.7335678514794374,0.6146098504988585,0.8459961971767787,0.23138634667792013,1
USA,United States,美国,2010,28.45,14.16,3.08,6.51,0.973,0.71,1.52,0.3528,0.144,0.1898,1.1,1.31,0.832,0.843,8.19,50572.0,2.1,2.19,8.92,0.6472,0.8024573304157548,0.7841309148264984,0.7615623409669211,0.8646751946607343,0.9459871969490603,0.6132295514511874,0.4166679920477137,0.9502781112444978,0.23939305103148747,0.6752668371696504,0.9631743589743591,0.999,0.9576815286624204,0.9251299093655588,0.9696470588235295,0.8024573304157548,0.7841309148264984,0.8646751946607343,0.7615623409669211,0.9459871969490603,0.6132295514511874,0.4166679920477137,0.9502781112444978,0.23939305103148747,0.6752668371696504,0.9631743589743591,0.999,0.9576815286624204,0.9251299093655588,0.9696470588235295,0.7950759188505003,0.8114826340852015,0.6921321556460901,0.3624575016132935,0.9721156722525249,0.9426861076117319,0.8015984190488264,0.5700454011367733,0.9617122578510054,0.7386936735774553,0.7570113635246589,0.440097165542497,1.0,0.7620771223568719,0.6559962843021725,0.8618312680457356,0.20583498374356313,1
USA,United States,美国,2011,28.4,14.14,2.47,6.34,0.976,0.27,1.03,0.3878,0.19,0.1681,1.09,1.31,0.834,0.846,8.18,52203.0,2.1100000000000003,2.19,9.53,0.6122000000000001,0.8002735229759298,0.7825567823343849,0.7399770992366411,0.9323926585094551,0.9500651048760556,0.5552981530343007,0.3680576540755468,0.9036861411231161,0.2643159609120521,0.5829539641943733,0.9682923076923079,0.999,0.960859872611465,0.9296525679758307,0.9667117647058825,0.8002735229759298,0.7825567823343849,0.9323926585094551,0.7399770992366411,0.9500651048760556,0.5552981530343007,0.3680576540755468,0.9036861411231161,0.2643159609120521,0.5829539641943733,0.9682923076923079,0.999,0.960859872611465,0.9296525679758307,0.9667117647058825,0.79313919653209,0.8306318166271784,0.6488436447601317,0.3626834493043047,0.9751473754020646,0.944302643658026,0.8079287687129977,0.5449496272675906,0.9642387675700057,0.7277962982288144,0.7496301117919373,0.4250791278758055,1.0,0.7547750703733158,0.6382353245921213,0.8602994916089414,0.22206416701682008,1
USA,United States,美国,2012,28.35,14.53,2.32,5.83,0.979,0.68,1.2,0.3451,0.321,0.1758,1.08,1.31,0.836,0.849,8.17,53835.0,2.12,2.19,9.68,0.6549,0.798089715536105,0.8132523659305995,0.6752213740458015,0.9490444938820912,0.954143012803051,0.6092796833773088,0.3849224652087476,0.960528344671202,0.3352920738327904,0.6157101449275362,0.9734102564102565,0.999,0.9640382165605096,0.9341752265861026,0.9637764705882356,0.798089715536105,0.8132523659305995,0.9490444938820912,0.6752213740458015,0.954143012803051,0.6092796833773088,0.3849224652087476,0.960528344671202,0.3352920738327904,0.6157101449275362,0.9734102564102565,0.999,0.9640382165605096,0.9341752265861026,0.9637764705882356,0.8041205532563777,0.8005092923818361,0.6806652327526156,0.4275673124624934,0.9781743914203703,0.9459050309859264,0.80267409807482,0.5920451755398597,0.9667567768425943,0.7514479097492385,0.7676473326911681,0.4599297790154583,1.0,0.772769381838655,0.6736197281819011,0.8679257935202,0.19430606533829897,1
USA,United States,美国,2013,28.3,14.98,2.48,5.55,0.982,0.48,1.16,0.3414,0.134,0.1561,1.08,1.31,0.838,0.852,8.16,55466.0,2.12,2.19,9.52,0.6586000000000001,0.7959059080962801,0.8486703470031545,0.6396692111959286,0.9312825361512792,0.9582209207300463,0.5829472295514512,0.3809542743538768,0.9654537815126052,0.23397502714440824,0.5319053708439897,0.9734102564102565,0.999,0.9672165605095542,0.9386978851963745,0.9608411764705885,0.7959059080962801,0.8486703470031545,0.9312825361512792,0.6396692111959286,0.9582209207300463,0.5829472295514512,0.3809542743538768,0.9654537815126052,0.23397502714440824,0.5319053708439897,0.9734102564102565,0.999,0.9672165605095542,0.9386978851963745,0.9608411764705885,0.8166061536786761,0.7718243098661979,0.6729945007876175,0.3249641512829818,0.9791407619830294,0.9474932968589951,0.7983897823407664,0.5409519579775499,0.9679456806426044,0.7239078160854832,0.7462814220860312,0.4184765354748211,1.0,0.7506173761243913,0.6336905934848318,0.8589948072887964,0.2253042138039646,1
USA,United States,美国,2014,28.25,14.74,3.5,5.88,0.985,0.73,1.26,0.375,0.204,0.1673,1.08,1.31,0.84,0.855,8.15,57097.0,2.12,2.19,8.5,0.625,0.793722100656455,0.8297807570977919,0.6815699745547072,0.8180500556173527,0.9622988286570417,0.6158627968337731,0.3908747514910537,0.9207254901960785,0.2719011943539631,0.5795507246376812,0.9734102564102565,0.999,0.9703949044585988,0.9432205438066464,0.9579058823529415,0.793722100656455,0.8297807570977919,0.8180500556173527,0.6815699745547072,0.9622988286570417,0.6158627968337731,0.3908747514910537,0.9207254901960785,0.2719011943539631,0.5795507246376812,0.9734102564102565,0.999,0.9703949044585988,0.9432205438066464,0.9579058823529415,0.8079536133193722,0.7466983029253488,0.6810820232742962,0.36803002437719096,0.9801049122001917,0.9490674678165599,0.7828704889560789,0.5662452440934316,0.9691280152689609,0.7332011679309951,0.7520976489048845,0.43002108669015565,1.0,0.7548272396475788,0.6508180931060314,0.8588809656176881,0.20806287251165667,1
USA,United States,美国,2015,28.2,14.81,1.98,5.84,0.988,0.51,1.69,0.3455,0.255,0.1837,1.07,1.31,0.842,0.858,8.14,58729.0,2.13,2.19,10.02,0.6545000000000001,0.7915382932166303,0.8352902208201894,0.6764910941475827,0.9867886540600668,0.966376736584037,0.5868970976253298,0.43353280318091447,0.9599958650126719,0.29953311617806727,0.6493171355498721,0.978528205128205,0.999,0.9735732484076434,0.9477432024169185,0.9549705882352945,0.7915382932166303,0.8352902208201894,0.9867886540600668,0.6764910941475827,0.966376736584037,0.5868970976253298,0.43353280318091447,0.9599958650126719,0.29953311617806727,0.6493171355498721,0.978528205128205,0.999,0.9735732484076434,0.9477432024169185,0.9549705882352945,0.8087571195681545,0.8170396173243468,0.6972584624834718,0.40817805551552605,0.9831268911299849,0.9506275696807627,0.8120599953503211,0.5937868171739967,0.9716276514865901,0.7560989156736485,0.7726210209206721,0.4688870920055764,1.0,0.7780268359087674,0.6767096274183817,0.8738848434045542,0.1971752159861725,1
USA,United States,美国,2016,28.15,13.73,3.05,5.62,0.991,0.42,1.47,0.3743,0.124,0.1792,1.06,1.31,0.844,0.861,8.13,60360.0,2.14,2.19,8.95,0.6256999999999999,0.7893544857768051,0.7502870662460568,0.6485572519083969,0.8680055617352614,0.9704546445110326,0.575047493403694,0.4117077534791253,0.921657329598506,0.22855700325732897,0.6301739130434781,0.983646153846154,0.999,0.9767515923566878,0.9522658610271904,0.9520352941176475,0.7893544857768051,0.7502870662460568,0.8680055617352614,0.6485572519083969,0.9704546445110326,0.575047493403694,0.4117077534791253,0.921657329598506,0.22855700325732897,0.6301739130434781,0.983646153846154,0.999,0.9767515923566878,0.9522658610271904,0.9520352941176475,0.7734891619529859,0.7503008075167089,0.6801107810045524,0.3429105827040919,0.9861442439141249,0.9521736275633998,0.7641290404791671,0.5538090238955846,0.9741188349716331,0.7225661377002757,0.7429979721934739,0.4125054367543005,1.0,0.7434767070617209,0.638596629025758,0.8545323271857292,0.21593569815997127,1
USA,United States,美国,2017,28.1,13.09,3.1,7.11,0.994,0.55,0.99,0.4211,-0.014,0.1789,1.06,1.31,0.846,0.864,8.12,61991.0,2.14,2.19,8.9,0.5789,0.7871706783369803,0.6999148264984227,0.8377455470737912,0.8624549499443828,0.9745325524380278,0.5921635883905013,0.364089463220676,0.8593572095504869,0.15378827361563516,0.6288976982097186,0.983646153846154,0.999,0.9799299363057324,0.9567885196374623,0.9491,0.7871706783369803,0.6999148264984227,0.8624549499443828,0.8377455470737912,0.9745325524380278,0.5921635883905013,0.364089463220676,0.8593572095504869,0.15378827361563516,0.6288976982097186,0.983646153846154,0.999,0.9799299363057324,0.9567885196374623,0.9491,0.7510336958110976,0.8500104669165293,0.6559732092737642,0.2701381585564444,0.9871058218205034,0.9537056658725602,0.7891605429055916,0.5026851460669344,0.9752847661283217,0.7021137237928863,0.7304076511369477,0.3871312435572085,1.0,0.7323104419574489,0.602962963845821,0.8529700426264524,0.25000707878063133,1
USA,United States,美国,2018,28.05,14.02,2.46,5.85,0.997,0.69,1.1,0.3575,0.409,0.1919,1.06,1.31,0.848,0.867,8.11,63623.0,2.14,2.19,9.54,0.6425000000000001,0.7849868708971555,0.7731119873817034,0.6777608142493637,0.9335027808676307,0.9786104603650233,0.6105963060686016,0.37500198807157065,0.9440214752567696,0.3829706840390879,0.6842003410059674,0.983646153846154,0.999,0.983108280254777,0.961311178247734,0.946164705882353,0.7849868708971555,0.7731119873817034,0.9335027808676307,0.6777608142493637,0.9786104603650233,0.6105963060686016,0.37500198807157065,0.9440214752567696,0.3829706840390879,0.6842003410059674,0.983646153846154,0.999,0.983108280254777,0.961311178247734,0.946164705882353,0.7802151853782402,0.7954191378543081,0.679401132688774,0.4830283629252831,0.9880652190240308,0.9552237083190622,0.7862615779635368,0.6133101843670138,0.9764442004441305,0.7596900105798903,0.7741358072691057,0.4711245186151617,1.0,0.7765779822995214,0.6871734829089451,0.8728466371602641,0.18567315425131903,1
USA,United States,美国,2019,28.0,13.87,3.29,5.71,1.0,0.63,1.68,0.3372,0.22,0.197,1.05,1.31,0.85,0.87,8.1,65254.0,2.1500000000000004,2.19,8.71,0.6628000000000001,0.7828030634573303,0.7613059936908517,0.6599847328244273,0.8413626251390436,0.9826883682920186,0.6026965699208443,0.43254075546719684,0.971044817927171,0.28057003257328994,0.7058959931798806,0.9887641025641029,0.999,0.9862866242038216,0.965833836858006,0.943229411764706,0.7828030634573303,0.7613059936908517,0.8413626251390436,0.6599847328244273,0.9826883682920186,0.6026965699208443,0.43254075546719684,0.971044817927171,0.28057003257328994,0.7058959931798806,0.9887641025641029,0.999,0.9862866242038216,0.965833836858006,0.943229411764706,0.7741323376767575,0.7451754742078207,0.7066494710355938,0.4058084222487837,0.9910776121627648,0.956727777922695,0.7624169567185333,0.5983277473107615,0.978917104671394,0.7458597934752191,0.7617313173412827,0.44675630383380344,1.0,0.7623535548891902,0.6718474128586356,0.8655964268914674,0.19374901403283185,1
USA,United States,美国,2020,32.95,16.89,2.86,5.75,0.9829,-2.33,-0.84,0.3953,0.073,0.1932,1.05,1.31,0.852,0.873,8.09,64544.0,2.1500000000000004,2.19,9.14,0.6047,0.999,0.999,0.6650636132315522,0.8890978865406008,0.959444293108145,0.212976253298153,0.182544731610338,0.893702147525677,0.20092508143322474,0.6897306052855925,0.9887641025641029,0.999,0.9894649681528662,0.970356495468278,0.9402941176470591,0.999,0.999,0.8890978865406008,0.6650636132315522,0.959444293108145,0.212976253298153,0.182544731610338,0.893702147525677,0.20092508143322474,0.6897306052855925,0.9887641025641029,0.999,0.9894649681528662,0.970356495468278,0.9402941176470591,0.999,0.7689646629977405,0.42881464687869847,0.32907303049719294,0.992034668387233,0.9582178970182685,0.8997085466423049,0.3960740734395711,0.9800651570374149,0.6648407100297787,0.7223617404797444,0.3493862685795962,1.0,0.7138937569569956,0.5272289907456331,0.876743139866082,0.34951414912044887,1
USA,United States,美国,2021,25.9,13.31,2.19,5.38,1.006,0.45,2.43,0.3162,0.177,0.204,1.04,1.31,0.854,0.876,8.08,68517.0,2.16,2.19,9.81,0.6838,0.6910831509846826,0.717230283911672,0.6180839694656487,0.9634760845383761,0.9908441841460093,0.5789973614775725,0.5069443339960239,0.999,0.2572725298588491,0.7356743393009377,0.9938820512820514,0.999,0.9926433121019108,0.9748791540785499,0.937358823529412,0.6910831509846826,0.717230283911672,0.9634760845383761,0.6180839694656487,0.9908441841460093,0.5789973614775725,0.5069443339960239,0.999,0.2572725298588491,0.7356743393009377,0.9938820512820514,0.999,0.9926433121019108,0.9748791540785499,0.937358823529412,0.7014256290569121,0.7716923757668599,0.7338780892233688,0.39166096843054315,0.9950423194142659,0.9596940872614745,0.7287300222659225,0.6078687721710374,0.9825247414026141,0.7413050871432904,0.7565239379689759,0.4353641232412933,1.0,0.7539567145366701,0.6717996383589669,0.8610066460224534,0.18920700766348642,1
USA,United States,美国,2022,27.85,13.96,2.38,5.81,1.009,0.43,1.29,0.3251,0.1,0.1937,1.04,1.31,0.856,0.879,8.07,70148.0,2.16,2.19,9.620000000000001,0.6749,0.7762516411378555,0.7683895899053628,0.672681933842239,0.9423837597330369,0.9949220920730045,0.5763641160949867,0.3938508946322068,0.9871523275977058,0.21555374592833879,0.6918576300085251,0.9938820512820514,0.999,0.9958216560509554,0.9794018126888218,0.9344235294117651,0.7762516411378555,0.7683895899053628,0.9423837597330369,0.672681933842239,0.9949220920730045,0.5763641160949867,0.3938508946322068,0.9871523275977058,0.21555374592833879,0.6918576300085251,0.9938820512820514,0.999,0.9958216560509554,0.9794018126888218,0.9344235294117651,0.7730972132519676,0.7961937766139215,0.6874177622565424,0.3436687463180491,0.9959970578123459,0.9611563696345639,0.7822543306484699,0.5583371641338005,0.9836614532431256,0.7321780471275147,0.7531096008209989,0.4297403320963796,1.0,0.7546330388121778,0.6461132262658513,0.8654709716602002,0.21935774539434882,1
USA,United States,美国,2023,27.8,14.26,2.68,6.06,1.012,0.85,1.09,0.34,0.355,0.1921,1.03,1.31,0.858,0.882,8.06,71779.0,2.17,2.19,9.32,0.6599999999999999,0.7740678336980307,0.7920015772870663,0.7044249363867683,0.9090800889877644,0.999,0.6316622691292876,0.37400994035785295,0.9673174603174602,0.3537133550488599,0.6850511508951406,0.999,0.999,0.999,0.9839244712990937,0.931488235294118,0.7740678336980307,0.7920015772870663,0.9090800889877644,0.7044249363867683,0.999,0.6316622691292876,0.37400994035785295,0.9673174603174602,0.3537133550488599,0.6850511508951406,0.999,0.999,0.999,0.9839244712990937,0.931488235294118,0.7811920790188848,0.8002366424100333,0.692349642234219,0.46076562842121666,0.999,0.9626047644518413,0.788754903349143,0.6127338212810295,0.9861077448904824,0.7623750480051322,0.7775523229842994,0.4766747191801609,1.0,0.7795873470879531,0.6881027215591509,0.8788804809603907,0.19077775940123987,1
ZAF,South Africa,南非,2000,18.95,9.0,6.73,4.44,0.5242,-0.38,0.12,0.9015,0.164,0.0673,2.2,2.3,0.512,0.535,6.8,3151.0,1.0,1.2000000000000002,5.27,0.09850000000000003,0.3875339168490153,0.37800473186119876,0.4987302798982188,0.4594805339265851,0.335932171070553,0.4697176781002639,0.2777813121272366,0.21984913965586247,0.250229098805646,0.15414578005115087,0.40019999999999994,0.45909836065573784,0.4491464968152867,0.4608036253776436,0.5616411764705883,0.3875339168490153,0.37800473186119876,0.4594805339265851,0.4987302798982188,0.335932171070553,0.4697176781002639,0.2777813121272366,0.21984913965586247,0.250229098805646,0.15414578005115087,0.40019999999999994,0.45909836065573784,0.4491464968152867,0.4608036253776436,0.5616411764705883,0.38369375019694524,0.47870330612289363,0.32002611229821293,0.20614620445482898,0.43171681195863376,0.4987617137452449,0.4191962663896859,0.2804674034853306,0.45408997374841104,0.36561226233366284,0.3741728334355613,0.07605286620084713,0.5184343034577708,0.3787130934665682,0.3248021374016374,0.42179524145445474,0.09699310405281736,10
ZAF,South Africa,南非,2001,18.9,9.33,6.66,5.11,0.5232,-0.29,0.28,0.9574,0.102,0.0639,2.2,2.3,0.514,0.54,6.79,3301.0,1.0,1.2000000000000002,5.34,0.04259999999999997,0.3853501094091903,0.4039779179810726,0.5838015267175571,0.46725139043381536,0.33457286842822126,0.4815672823218997,0.29365407554671974,0.1454351073762839,0.2166373507057546,0.13968201193520882,0.40019999999999994,0.45909836065573784,0.45232484076433127,0.46834138972809675,0.5587058823529414,0.3853501094091903,0.4039779179810726,0.46725139043381536,0.5838015267175571,0.33457286842822126,0.4815672823218997,0.29365407554671974,0.1454351073762839,0.2166373507057546,0.13968201193520882,0.40019999999999994,0.45909836065573784,0.45232484076433127,0.46834138972809675,0.5587058823529414,0.39269587796959693,0.5222854345050825,0.30026472788270364,0.18175911286742824,0.4326310523949656,0.502586503382208,0.44014621479671184,0.2582866035127978,0.4559322206620157,0.35940981204821415,0.3721381720427374,0.07362621796149309,0.5184343034577708,0.3759887906995222,0.3101240177325917,0.4292628832520163,0.1191388655194246,13
ZAF,South Africa,南非,2002,18.85,10.45,6.57,3.59,0.5222,-0.41,0.4,0.9551,0.043,0.071,2.2,2.3,0.516,0.545,6.78,3451.0,1.0,1.2000000000000002,5.43,0.04490000000000005,0.38316630196936546,0.4921293375394321,0.39080407124681926,0.4772424916573971,0.3332135657858894,0.4657678100263852,0.30555864811133204,0.14849686541283194,0.18467100977198694,0.16988576300085248,0.40019999999999994,0.45909836065573784,0.45550318471337586,0.4758791540785499,0.5557705882352943,0.38316630196936546,0.4921293375394321,0.4772424916573971,0.39080407124681926,0.3332135657858894,0.4657678100263852,0.30555864811133204,0.14849686541283194,0.18467100977198694,0.16988576300085248,0.40019999999999994,0.45909836065573784,0.45550318471337586,0.4758791540785499,0.5557705882352943,0.42351040696232917,0.4318660772874931,0.30163120707426017,0.17860846100751013,0.4335408069673947,0.5063563171787485,0.4268330981842933,0.25775316036339274,0.4577508605669584,0.3562441792671237,0.36847645177073257,0.07133580249241983,0.5184343034577708,0.3721898880065515,0.3081347985670319,0.42371543787920474,0.11558063931217283,14
ZAF,South Africa,南非,2003,18.8,9.71,6.68,4.23,0.5212,-0.56,0.24,0.9178,0.036,0.0592,2.2,2.3,0.518,0.55,6.77,3601.0,1.0,1.2000000000000002,5.32,0.08220000000000005,0.3809824945295405,0.43388643533123034,0.47206615776081423,0.4650311457174639,0.33185426314355765,0.44601846965699204,0.2896858846918489,0.19815059357076178,0.18087839305103146,0.11968797953964194,0.40019999999999994,0.45909836065573784,0.45868152866242046,0.4834169184290031,0.5528352941176471,0.3809824945295405,0.43388643533123034,0.4650311457174639,0.47206615776081423,0.33185426314355765,0.44601846965699204,0.2896858846918489,0.19815059357076178,0.18087839305103146,0.11968797953964194,0.40019999999999994,0.45909836065573784,0.45868152866242046,0.4834169184290031,0.5528352941176471,0.40132243793062533,0.46853544817649867,0.3115324856327623,0.15333885954972773,0.43444612875841887,0.5100719154619167,0.4269657580402187,0.2518535094019342,0.45954638043251017,0.35340763006013376,0.36669504530259234,0.06980594754100936,0.5184343034577708,0.3699685547041151,0.30359741210387575,0.4237955934838419,0.12019818137996613,14
ZAF,South Africa,南非,2004,18.75,9.32,6.46,4.17,0.5202,-0.1,0.13,0.9519,-0.061,0.06,2.2,2.3,0.52,0.555,6.76,3751.0,1.0,1.2000000000000002,5.54,0.04810000000000003,0.37879868708971554,0.40319085173501584,0.4644478371501271,0.4894538375973304,0.33049496050122584,0.5065831134564643,0.27877335984095425,0.15275670268107255,0.12832356134636264,0.12309121909633416,0.40019999999999994,0.45909836065573784,0.46185987261146505,0.49095468277945625,0.5499000000000002,0.37879868708971554,0.40319085173501584,0.4894538375973304,0.4644478371501271,0.33049496050122584,0.5065831134564643,0.27877335984095425,0.15275670268107255,0.12832356134636264,0.12309121909633416,0.40019999999999994,0.45909836065573784,0.46185987261146505,0.49095468277945625,0.5499000000000002,0.38837328355220313,0.4767869296204644,0.30201255823792905,0.12620445089816631,0.4353470698597925,0.5137340268654299,0.4215793643333659,0.23245554105728083,0.461319245340734,0.3413502587981505,0.35785179932514233,0.06368992329172168,0.5184343034577708,0.3594130190338628,0.2871944393169546,0.419740495868761,0.1325460565518064,14
ZAF,South Africa,南非,2005,18.7,9.86,6.63,5.09,0.5191,-0.37,0.06,0.9006,0.017,0.0735,2.2,2.3,0.522,0.56,6.75,3901.0,1.0,1.2000000000000002,5.37,0.09940000000000004,0.37661487964989054,0.44569242902208195,0.5812620865139949,0.47058175750834264,0.3289997275946609,0.4710343007915567,0.27182902584493046,0.22104721888755516,0.1705841476655809,0.1805208866155157,0.40019999999999994,0.45909836065573784,0.46503821656050964,0.4984924471299094,0.5469647058823531,0.37661487964989054,0.44569242902208195,0.47058175750834264,0.5812620865139949,0.3289997275946609,0.4710343007915567,0.27182902584493046,0.22104721888755516,0.1705841476655809,0.1805208866155157,0.40019999999999994,0.45909836065573784,0.46503821656050964,0.4984924471299094,0.5469647058823531,0.40285855202158477,0.5230022315867515,0.3168784923813857,0.17449146344544778,0.43624368139769293,0.5173433498780673,0.44719091219140195,0.26494589174221966,0.4630698997155554,0.36652595355502865,0.3790566002689751,0.07708964447221113,0.5184343034577708,0.38313663140403703,0.3170961522731341,0.4363933447269374,0.11929719245380332,12
ZAF,South Africa,南非,2006,18.65,10.15,5.92,5.0,0.5181,-0.6,0.48,0.9141,0.12,0.075,2.2,2.3,0.524,0.565,6.74,4051.0,1.0,1.2000000000000002,6.08,0.08589999999999998,0.3744310722100656,0.4685173501577287,0.5698346055979644,0.5494004449388209,0.3276404249523291,0.44075197889182055,0.31349502982107363,0.2030760304121649,0.2263897937024973,0.18690196078431368,0.40019999999999994,0.45909836065573784,0.4682165605095542,0.5060302114803625,0.5440294117647062,0.3744310722100656,0.4685173501577287,0.5494004449388209,0.5698346055979644,0.3276404249523291,0.44075197889182055,0.31349502982107363,0.2030760304121649,0.2263897937024973,0.18690196078431368,0.40019999999999994,0.45909836065573784,0.4682165605095542,0.5060302114803625,0.5440294117647062,0.40955610140183996,0.5595242495701676,0.31714451884290995,0.20968127525219774,0.43713601355708026,0.5209005542884378,0.4639974625307836,0.2801224665389633,0.4647987684623001,0.3793790537343867,0.3906878559135104,0.08466389356772183,0.5184343034577708,0.39548531857330305,0.331502810285018,0.4464693688505439,0.1149665585655259,11
ZAF,South Africa,南非,2007,18.6,8.67,7.33,5.35,0.5171,-0.48,0.27,0.9056,0.064,0.0676,2.2,2.3,0.526,0.57,6.73,4201.0,1.0,1.2000000000000002,4.67,0.09440000000000004,0.3722472647702407,0.3520315457413249,0.6142748091603053,0.3928731924360401,0.32628112230999734,0.4565514511873351,0.292662027833002,0.21439122315592918,0.1960488599348534,0.15542199488491043,0.40019999999999994,0.45909836065573784,0.4713949044585988,0.5135679758308157,0.5410941176470592,0.3722472647702407,0.3520315457413249,0.3928731924360401,0.6142748091603053,0.32628112230999734,0.4565514511873351,0.292662027833002,0.21439122315592918,0.1960488599348534,0.15542199488491043,0.40019999999999994,0.45909836065573784,0.4713949044585988,0.5135679758308157,0.5410941176470592,0.3640252780036684,0.4912556415023123,0.3175287186952167,0.1786584592269945,0.43802411560528204,0.5244062825343342,0.41039489102559157,0.2672115233475859,0.4665062580253844,0.35921949589407115,0.36995495405432716,0.07151137367134434,0.5184343034577708,0.3735737365588141,0.31443347918964165,0.4230150541596243,0.10858157496998266,13
ZAF,South Africa,南非,2008,18.55,8.63,5.66,4.82,0.5161,-0.19,0.26,0.8875,0.002,0.0879,2.2,2.3,0.528,0.575,6.72,4351.0,1.0,1.2000000000000002,6.34,0.11250000000000004,0.3700634573304158,0.34888328075709785,0.5469796437659034,0.5782636262513905,0.3249218196676655,0.49473350923482845,0.2916699801192843,0.23848592770441523,0.16245711183496198,0.2417791986359761,0.40019999999999994,0.45909836065573784,0.47457324840764337,0.5211057401812688,0.5381588235294118,0.3700634573304158,0.34888328075709785,0.5782636262513905,0.5469796437659034,0.3249218196676655,0.49473350923482845,0.2916699801192843,0.23848592770441523,0.16245711183496198,0.2417791986359761,0.40019999999999994,0.45909836065573784,0.47457324840764337,0.5211057401812688,0.5381588235294118,0.3614413071459758,0.5624041538695861,0.3302493559528002,0.19046308319654182,0.4389080359148315,0.5278611509641132,0.43136219296077005,0.2799836227532438,0.4681927573710804,0.37190591212989255,0.3818599342008526,0.0788443520456691,0.5184343034577708,0.38614367839638775,0.3275351482372318,0.4333958808796488,0.10586073264241702,11
ZAF,South Africa,南非,2009,18.5,9.37,6.3,4.03,0.5151,-0.16,0.09,0.8786,0.108,0.0747,2.2,2.3,0.53,0.58,6.71,4501.0,1.0,1.2000000000000002,5.7,0.12139999999999995,0.3678796498905908,0.4071261829652997,0.4466717557251908,0.5072157953281424,0.32356251702533373,0.4986833773087071,0.2748051689860835,0.25033360010670935,0.21988816503800215,0.18562574595055412,0.40019999999999994,0.45909836065573784,0.47775159235668796,0.5286435045317219,0.5352235294117649,0.3678796498905908,0.4071261829652997,0.5072157953281424,0.4466717557251908,0.32356251702533373,0.4986833773087071,0.2748051689860835,0.25033360010670935,0.21988816503800215,0.18562574595055412,0.40019999999999994,0.45909836065573784,0.47775159235668796,0.5286435045317219,0.5352235294117649,0.38310257589507335,0.47598211083061764,0.3287787484635476,0.20548323663883222,0.43978782198558963,0.5312657510168634,0.41785470390975826,0.28553906685339964,0.4698586389015997,0.37167552871925624,0.3805296295847672,0.07797569902237493,0.5184343034577708,0.38498674200498556,0.33002584780555694,0.43015686485402743,0.1001310170484705,12
ZAF,South Africa,南非,2010,18.45,9.22,6.34,4.79,0.5141,-0.22,0.19,0.8751,0.115,0.075,2.2,2.3,0.532,0.585,6.7,4651.0,1.0,1.2000000000000002,5.66,0.12490000000000001,0.36569584245076586,0.395320189274448,0.5431704834605597,0.5027753058954394,0.322203214383002,0.49078364116094986,0.28472564612326046,0.25499279711884765,0.22368078175895764,0.18690196078431368,0.40019999999999994,0.45909836065573784,0.48092993630573255,0.5361812688821751,0.5322882352941178,0.36569584245076586,0.395320189274448,0.5027753058954394,0.5431704834605597,0.322203214383002,0.49078364116094986,0.28472564612326046,0.25499279711884765,0.22368078175895764,0.18690196078431368,0.40019999999999994,0.45909836065573784,0.48092993630573255,0.5361812688821751,0.5322882352941178,0.37726942626425436,0.5225827264417153,0.3311873266850319,0.20817220682908463,0.4406635204661763,0.5346206503274972,0.42978671508630617,0.2881233267162514,0.4715042593061322,0.37657627088113643,0.38563662300423207,0.08101532430368587,0.5184343034577708,0.39014512368674503,0.33392277940395615,0.43550486489057266,0.10158208548661651,12
ZAF,South Africa,南非,2011,18.4,8.91,6.68,4.15,0.5131,-0.24,0.18,0.9105,0.184,0.0652,2.2,2.3,0.534,0.59,6.69,4801.0,1.0,1.2000000000000002,5.32,0.08950000000000002,0.36351203501094087,0.3709211356466877,0.4619083969465649,0.4650311457174639,0.3208439117406701,0.4881503957783641,0.2837335984095428,0.2078683473389357,0.26106514657980456,0.1452122762148337,0.40019999999999994,0.45909836065573784,0.48410828025477715,0.5437190332326283,0.5293529411764709,0.36351203501094087,0.3709211356466877,0.4650311457174639,0.4619083969465649,0.3208439117406701,0.4881503957783641,0.2837335984095428,0.2078683473389357,0.26106514657980456,0.1452122762148337,0.40019999999999994,0.45909836065573784,0.48410828025477715,0.5437190332326283,0.5293529411764709,0.3664577482101547,0.46346714128250577,0.3168195088463469,0.20646701092697864,0.4415351771747378,0.5379263937623654,0.4025519408142698,0.2786272205026145,0.4731299603539391,0.3647120642486989,0.37415545855150845,0.07345872632553122,0.5184343034577708,0.3773795047729429,0.3228013006261959,0.4258173226174496,0.1030160219912537,15
ZAF,South Africa,南非,2012,18.35,8.96,6.32,4.59,0.5121,-0.26,0.44,0.8479,0.198,0.0723,2.2,2.3,0.536,0.595,6.68,4951.0,1.0,1.2000000000000002,5.68,0.1521,0.36132822757111605,0.37485646687697166,0.5177760814249364,0.5049955506117908,0.31948460909833837,0.4855171503957783,0.3095268389662028,0.29120141389889304,0.26865038002171554,0.1754160272804774,0.40019999999999994,0.45909836065573784,0.48728662420382174,0.5512567975830814,0.5264176470588237,0.36132822757111605,0.37485646687697166,0.5049955506117908,0.5177760814249364,0.31948460909833837,0.4855171503957783,0.3095268389662028,0.29120141389889304,0.26865038002171554,0.1754160272804774,0.40019999999999994,0.45909836065573784,0.48728662420382174,0.5512567975830814,0.5264176470588237,0.36667992802988325,0.5113458881547804,0.3454612978251102,0.22653754201221868,0.4424028371190743,0.541183504390487,0.41884968163923686,0.3043838706460922,0.4747360696341198,0.382755799672632,0.38982927364044384,0.08358624679838317,0.5184343034577708,0.39429249491115775,0.34522213105751515,0.4361873252033113,0.09096519414579618,13
ZAF,South Africa,南非,2013,18.3,9.47,7.14,3.97,0.5111,-0.28,0.06,0.8594,0.043,0.0819,2.2,2.3,0.538,0.6,6.67,5101.0,1.0,1.2000000000000002,4.86,0.14059999999999995,0.35914442013129105,0.41499684542586757,0.4390534351145038,0.41396551724137937,0.3181253064560066,0.48288390501319267,0.27182902584493046,0.27589262371615314,0.18467100977198694,0.21625490196078426,0.40019999999999994,0.45909836065573784,0.4904649681528663,0.5587945619335347,0.5234823529411766,0.35914442013129105,0.41499684542586757,0.41396551724137937,0.4390534351145038,0.3181253064560066,0.48288390501319267,0.27182902584493046,0.27589262371615314,0.18467100977198694,0.21625490196078426,0.40019999999999994,0.45909836065573784,0.4904649681528663,0.5587945619335347,0.5234823529411766,0.38052166837007856,0.4263249727189107,0.3299606291404153,0.19670962867937755,0.4432665445161529,0.5443924843950472,0.3982208036737018,0.28253429509413663,0.47632290124624166,0.36629930174324626,0.3753768295136377,0.07384178324252207,0.5184343034577708,0.377962033878324,0.3252690086751434,0.4271411773685773,0.1018721686934339,14
ZAF,South Africa,南非,2014,18.25,8.91,6.75,4.04,0.51,-0.14,0.42,0.8583,0.035,0.0826,2.2,2.3,0.54,0.605,6.66,5251.0,1.0,1.2000000000000002,5.25,0.14170000000000005,0.35696061269146606,0.3709211356466877,0.44794147582697197,0.4572602892102336,0.3166300735494416,0.5013166226912928,0.3075427435387674,0.277356942777111,0.18033659066232352,0.21923273657289002,0.40019999999999994,0.45909836065573784,0.49364331210191087,0.5663323262839879,0.5205470588235297,0.35696061269146606,0.3709211356466877,0.4572602892102336,0.44794147582697197,0.3166300735494416,0.5013166226912928,0.3075427435387674,0.277356942777111,0.18033659066232352,0.21923273657289002,0.40019999999999994,0.45909836065573784,0.49364331210191087,0.5663323262839879,0.5205470588235297,0.36248063613543013,0.45257689820173114,0.3433822596787276,0.19499006090435722,0.44412634281102614,0.5475538159294145,0.39613921756437387,0.28976654359443704,0.4778907564456364,0.36980453874108793,0.3781156096407779,0.07541370131081104,0.5184343034577708,0.3805916604845482,0.33065734075984426,0.4283455826362768,0.09768824187643255,12
ZAF,South Africa,南非,2015,18.2,9.34,6.76,4.48,0.509,-0.18,-0.2,0.8579,0.302,0.085,2.2,2.3,0.542,0.61,6.65,5401.0,1.0,1.2000000000000002,5.24,0.1421,0.3547768052516411,0.4047649842271293,0.5038091603053435,0.45615016685205784,0.3152707709071098,0.4960501319261213,0.2460357852882704,0.277889422435641,0.3249978284473398,0.22944245524296675,0.40019999999999994,0.45909836065573784,0.4968216560509555,0.573870090634441,0.5176117647058827,0.3547768052516411,0.4047649842271293,0.45615016685205784,0.5038091603053435,0.3152707709071098,0.4960501319261213,0.2460357852882704,0.277889422435641,0.3249978284473398,0.22944245524296675,0.40019999999999994,0.45909836065573784,0.4968216560509555,0.573870090634441,0.5176117647058827,0.37398510469990254,0.47938776844520925,0.32360146412124374,0.2827468583027962,0.44498227469518054,0.5506679619215671,0.4130354830806076,0.310761114943378,0.47943992424682585,0.38546693978316154,0.3920470681755812,0.08441321673510893,0.5184343034577708,0.3956177546919555,0.3492750599826308,0.43794412642875413,0.08866906644612332,12
ZAF,South Africa,南非,2016,18.15,9.0,6.64,3.69,0.508,-0.45,0.26,0.8825,0.157,0.0841,2.2,2.3,0.544,0.615,6.64,5551.0,1.0,1.2000000000000002,5.36,0.11750000000000005,0.35259299781181613,0.37800473186119876,0.40350127226463095,0.4694716351501669,0.31391146826477806,0.4605013192612137,0.2916699801192843,0.24514192343604124,0.24643648208469052,0.2256138107416879,0.40019999999999994,0.45909836065573784,0.5000000000000001,0.5814078549848942,0.5146764705882354,0.35259299781181613,0.37800473186119876,0.4694716351501669,0.40350127226463095,0.31391146826477806,0.4605013192612137,0.2916699801192843,0.24514192343604124,0.24643648208469052,0.2256138107416879,0.40019999999999994,0.45909836065573784,0.5000000000000001,0.5814078549848942,0.5146764705882354,0.36254598887100853,0.4352383279023677,0.3228169464970828,0.2378862130445869,0.4458343821243338,0.5537353668304886,0.3900396122261116,0.29456436682716086,0.4809706819882255,0.37122761903101775,0.3791288349951655,0.07563499272237573,0.5184343034577708,0.380564739013048,0.33344208171575446,0.4293628381879691,0.09592075647221465,14
ZAF,South Africa,南非,2017,18.1,8.82,6.26,4.8,0.507,-0.25,0.21,0.8682,0.064,0.0684,2.2,2.3,0.546,0.62,6.63,5701.0,1.0,1.2000000000000002,5.74,0.13180000000000003,0.3504091903719913,0.36383753943217667,0.5444402035623408,0.5116562847608453,0.3125521656224462,0.4868337730870712,0.2867097415506959,0.2641780712284915,0.1960488599348534,0.1588252344416027,0.40019999999999994,0.45909836065573784,0.5031783439490447,0.5889456193353474,0.5117411764705884,0.3504091903719913,0.36383753943217667,0.5116562847608453,0.5444402035623408,0.3125521656224462,0.4868337730870712,0.2867097415506959,0.2641780712284915,0.1960488599348534,0.1588252344416027,0.40019999999999994,0.45909836065573784,0.5031783439490447,0.5889456193353474,0.5117411764705884,0.35572000951332194,0.527793758800865,0.33041662722518733,0.1802131154790402,0.44668270633570234,0.5567564573578014,0.4165342113760143,0.2754731302729632,0.48248329586099986,0.3689534582955268,0.37989450428028954,0.07561299507318014,0.5184343034577708,0.3834230735119164,0.32369304084259615,0.4349226883917099,0.11122964754911374,15
ZAF,South Africa,南非,2018,18.05,9.28,6.0,5.36,0.506,-0.48,0.36,0.8093,0.37,0.0742,2.2,2.3,0.548,0.625,6.62,5851.0,1.0,1.2000000000000002,6.0,0.19069999999999998,0.3482253829321663,0.4000425867507886,0.6155445292620864,0.540519466073415,0.31119286298011445,0.4565514511873351,0.3015904572564613,0.34258570094704555,0.3618403908794788,0.18349872122762145,0.40019999999999994,0.45909836065573784,0.5063566878980893,0.5964833836858006,0.5088058823529413,0.3482253829321663,0.4000425867507886,0.540519466073415,0.6155445292620864,0.31119286298011445,0.4565514511873351,0.3015904572564613,0.34258570094704555,0.3618403908794788,0.18349872122762145,0.40019999999999994,0.45909836065573784,0.5063566878980893,0.5964833836858006,0.5088058823529413,0.3680940060142308,0.5768134883141642,0.34640931815188125,0.27578042920067475,0.4475272878647565,0.5597316431176341,0.4405441212796645,0.32350554493118244,0.483978021404691,0.400495099690561,0.4067588607777797,0.09400817932261064,0.5184343034577708,0.4120372861773446,0.36374046620040523,0.45071921913055035,0.08697875293014512,12
ZAF,South Africa,南非,2019,18.0,8.58,6.25,3.99,0.505,-0.26,0.06,0.8588,0.315,0.077,2.2,2.3,0.55,0.63,6.61,6001.0,1.0,1.2000000000000002,5.75,0.1412,0.3460415754923414,0.3449479495268139,0.4415928753180661,0.5127664071190212,0.30983356033778264,0.4855171503957783,0.27182902584493046,0.2766913432039483,0.33204125950054286,0.1954100596760443,0.40019999999999994,0.45909836065573784,0.5095350318471339,0.6040211480362537,0.5058705882352944,0.3460415754923414,0.3449479495268139,0.5127664071190212,0.4415928753180661,0.30983356033778264,0.4855171503957783,0.27182902584493046,0.2766913432039483,0.33204125950054286,0.1954100596760443,0.40019999999999994,0.45909836065573784,0.5095350318471339,0.6040211480362537,0.5058705882352944,0.3456037096515984,0.47585080864300594,0.3279916236222522,0.26859257231740996,0.44836816656148276,0.5626613172674796,0.392767334996032,0.30891011306201915,0.485455103972016,0.38020531229511473,0.3870307769152221,0.08010974265529493,0.5184343034577708,0.38838351123809345,0.34492319657117315,0.4351782103403787,0.09025501376920553,15
ZAF,South Africa,南非,2020,22.95,12.39,6.63,4.29,0.4939,-3.27,-1.55,0.894,0.149,0.0754,2.2,2.3,0.552,0.635,6.6,5936.0,1.0,1.2000000000000002,5.37,0.10599999999999998,0.5622385120350109,0.644820189274448,0.4796844783715012,0.47058175750834264,0.2947453010078998,0.08921372031662267,0.11210934393638172,0.22983313325330137,0.24210206297502712,0.1886035805626598,0.40019999999999994,0.45909836065573784,0.5127133757961785,0.6115589123867069,0.5029352941176471,0.5622385120350109,0.644820189274448,0.47058175750834264,0.4796844783715012,0.2947453010078998,0.08921372031662267,0.11210934393638172,0.22983313325330137,0.24210206297502712,0.1886035805626598,0.40019999999999994,0.45909836065573784,0.5127133757961785,0.6115589123867069,0.5029352941176471,0.5939198013857251,0.47511131841025805,0.16335595085788887,0.21908824043741326,0.4492053816061706,0.565545857102576,0.5431938366992599,0.1783939789246146,0.4869147791650257,0.33672426528117516,0.3803901763291315,0.06404299541213815,0.5184343034577708,0.3679608414330625,0.25398474281734007,0.47430671132091295,0.22032196850357288,17
ZAF,South Africa,南非,2021,15.9,8.36,5.78,4.05,0.503,-0.47,1.37,0.8411,0.174,0.0688,2.2,2.3,0.554,0.64,6.59,6301.0,1.0,1.2000000000000002,6.22,0.15890000000000004,0.25432166301969367,0.32763249211356466,0.44921119592875314,0.5649421579532814,0.3071149550531191,0.45786807387862793,0.4017872763419484,0.30025356809390435,0.25564712269272527,0.16052685421994883,0.40019999999999994,0.45909836065573784,0.5158917197452231,0.6190966767371602,0.5000000000000001,0.25432166301969367,0.32763249211356466,0.5649421579532814,0.44921119592875314,0.3071149550531191,0.45786807387862793,0.4017872763419484,0.30025356809390435,0.25564712269272527,0.16052685421994883,0.40019999999999994,0.45909836065573784,0.5158917197452231,0.6190966767371602,0.5000000000000001,0.28143933696869844,0.5037641734033536,0.36130340990754195,0.2122284603922175,0.45003897152473965,0.5683856246161453,0.3552399421495484,0.3080005764406784,0.4883572732446307,0.3691462381065357,0.3762793951945251,0.07238093037477417,0.5184343034577708,0.37434703487932414,0.33609917553845936,0.4270963209018681,0.09099714536340875,14
ZAF,South Africa,南非,2022,17.85,8.55,6.79,3.35,0.502,-0.32,-0.14,0.8363,0.271,0.0827,2.2,2.3,0.556,0.645,6.58,6451.0,1.0,1.2000000000000002,5.21,0.16369999999999996,0.33949015317286657,0.34258675078864365,0.3603307888040712,0.4528197997775306,0.3057556524107873,0.4776174142480211,0.2519880715705765,0.3066433239962652,0.3082019543973941,0.2196581415174765,0.40019999999999994,0.45909836065573784,0.5190700636942677,0.6266344410876133,0.49706470588235313,0.33949015317286657,0.34258675078864365,0.4528197997775306,0.3603307888040712,0.3057556524107873,0.4776174142480211,0.2519880715705765,0.3066433239962652,0.3082019543973941,0.2196581415174765,0.40019999999999994,0.45909836065573784,0.5190700636942677,0.6266344410876133,0.49706470588235313,0.34072541920435456,0.4039367718343295,0.32587728181102127,0.2691535764216594,0.45086897420362493,0.5711809670276355,0.3647271364080956,0.3077073755137285,0.48978280351533526,0.37226023342338344,0.3794359321825207,0.0743133041949257,0.5184343034577708,0.37818326096562616,0.33850580638585764,0.43044730169204204,0.0919414953061844,15
ZAF,South Africa,南非,2023,17.8,9.58,7.07,4.72,0.501,-0.42,0.52,0.8256,0.23,0.0909,2.2,2.3,0.558,0.65,6.57,6601.0,1.0,1.2000000000000002,4.93,0.1744,0.3373063457330416,0.42365457413249213,0.5342824427480913,0.42173637374860956,0.3043963497684555,0.46445118733509233,0.3174632206759444,0.32088715486194486,0.2859880564603692,0.254541346973572,0.40019999999999994,0.45909836065573784,0.5222484076433123,0.6341722054380665,0.49412941176470615,0.3373063457330416,0.42365457413249213,0.42173637374860956,0.5342824427480913,0.3043963497684555,0.46445118733509233,0.3174632206759444,0.32088715486194486,0.2859880564603692,0.254541346973572,0.40019999999999994,0.45909836065573784,0.5222484076433123,0.6341722054380665,0.49412941176470615,0.36950427460665963,0.47468551690790933,0.34551004045869044,0.272968210712963,0.45169542690423375,0.573932217280954,0.4084454595399667,0.32192602903242906,0.49119157868686814,0.39248036299267447,0.3986615230810221,0.08714772731158983,0.5184343034577708,0.4007461191892503,0.35783559732257675,0.4450622420632133,0.08722664474063657,14
